Godot Engine v4.7.2.stable.mono.official.ed1daf0bf - https://godotengine.org

[   0% ] [90m[1mfirst_scan_filesystem[22m | Started Project initialization (5 steps)[39m[0m
[   0% ] [90m[1mfirst_scan_filesystem[22m | Scanning file structure...[39m[0m
[  16% ] [90m[1mfirst_scan_filesystem[22m | Loading global class names...[39m[0m
[  33% ] [90m[1mfirst_scan_filesystem[22m | Verifying GDExtensions...[39m[0m
[  50% ] [90m[1mfirst_scan_filesystem[22m | Creating autoload scripts...[39m[0m
[  66% ] [90m[1mfirst_scan_filesystem[22m | Initializing plugins...[39m[0m
[  83% ] [90m[1mfirst_scan_filesystem[22m | Starting file scan...[39m[0m
[92m[ DONE ][39m [1mfirst_scan_filesystem[22m
[0m
[   0% ] [90m[1mupdate_scripts_classes[22m | Started Registering global classes... (11 steps)[39m[0m
[   0% ] [90m[1mupdate_scripts_classes[22m | [39m[0m
[   8% ] [90m[1mupdate_scripts_classes[22m | [39m[0m
[  16% ] [90m[1mupdate_scripts_classes[22m | [39m[0m
[  25% ] [90m[1mupdate_scripts_classes[22m | [39m[0m
[  33% ] [90m[1mupdate_scripts_classes[22m | [39m[0m
[  41% ] [90m[1mupdate_scripts_classes[22m | [39m[0m
[  50% ] [90m[1mupdate_scripts_classes[22m | [39m[0m
[  58% ] [90m[1mupdate_scripts_classes[22m | [39m[0m
[  66% ] [90m[1mupdate_scripts_classes[22m | [39m[0m
[  75% ] [90m[1mupdate_scripts_classes[22m | [39m[0m
[  83% ] [90m[1mupdate_scripts_classes[22m | [39m[0m
[92m[ DONE ][39m [1mupdate_scripts_classes[22m
[0m
[   0% ] [90m[1m_update_scan_actions[22m | Started Scanning actions... (1235 steps)[39m[0m
[   0% ] [90m[1m_update_scan_actions[22m | UAL1_Standard.glb[39m[0m
[   0% ] [90m[1m_update_scan_actions[22m | UAL1_Standard_RM.glb[39m[0m
[   0% ] [90m[1m_update_scan_actions[22m | Adventurer.gltf[39m[0m
[   0% ] [90m[1m_update_scan_actions[22m | Barbarian_barbarian_texture.png[39m[0m
[   0% ] [90m[1m_update_scan_actions[22m | barbarian_texture.png[39m[0m
[   0% ] [90m[1m_update_scan_actions[22m | Beach.gltf[39m[0m
[   0% ] [90m[1m_update_scan_actions[22m | Casual.gltf[39m[0m
[   0% ] [90m[1m_update_scan_actions[22m | Casual_2.gltf[39m[0m
[   0% ] [90m[1m_update_scan_actions[22m | Casual_Hoodie.gltf[39m[0m
[   0% ] [90m[1m_update_scan_actions[22m | Eyebrows_Female.fbx[39m[0m
[   0% ] [90m[1m_update_scan_actions[22m | Eyebrows_Female.gltf[39m[0m
[   0% ] [90m[1m_update_scan_actions[22m | Eyebrows_Regular.fbx[39m[0m
[   0% ] [90m[1m_update_scan_actions[22m | Eyebrows_Regular.gltf[39m[0m
[   1% ] [90m[1m_update_scan_actions[22m | Farmer.gltf[39m[0m
[   1% ] [90m[1m_update_scan_actions[22m | Female_Peasant.fbx[39m[0m
[   1% ] [90m[1m_update_scan_actions[22m | Female_Peasant.gltf[39m[0m
[   1% ] [90m[1m_update_scan_actions[22m | Female_Peasant_Arms.fbx[39m[0m
[   1% ] [90m[1m_update_scan_actions[22m | Female_Peasant_Arms.gltf[39m[0m
[   1% ] [90m[1m_update_scan_actions[22m | Female_Peasant_Body.fbx[39m[0m
[   1% ] [90m[1m_update_scan_actions[22m | Female_Peasant_Body.gltf[39m[0m
[   1% ] [90m[1m_update_scan_actions[22m | Female_Peasant_Feet.fbx[39m[0m
[   1% ] [90m[1m_update_scan_actions[22m | Female_Peasant_Feet.gltf[39m[0m
[   1% ] [90m[1m_update_scan_actions[22m | Female_Peasant_Legs.fbx[39m[0m
[   1% ] [90m[1m_update_scan_actions[22m | Female_Peasant_Legs.gltf[39m[0m
[   1% ] [90m[1m_update_scan_actions[22m | Female_Ranger.fbx[39m[0m
[   2% ] [90m[1m_update_scan_actions[22m | Female_Ranger.gltf[39m[0m
[   2% ] [90m[1m_update_scan_actions[22m | Female_Ranger_Acc_Pauldrons.fbx[39m[0m
[   2% ] [90m[1m_update_scan_actions[22m | Female_Ranger_Acc_Pauldrons.gltf[39m[0m
[   2% ] [90m[1m_update_scan_actions[22m | Female_Ranger_Arms.fbx[39m[0m
[   2% ] [90m[1m_update_scan_actions[22m | Female_Ranger_Arms.gltf[39m[0m
[   2% ] [90m[1m_update_scan_actions[22m | Female_Ranger_Body.fbx[39m[0m
[   2% ] [90m[1m_update_scan_actions[22m | Female_Ranger_Body.gltf[39m[0m
[   2% ] [90m[1m_update_scan_actions[22m | Female_Ranger_Feet.fbx[39m[0m
[   2% ] [90m[1m_update_scan_actions[22m | Female_Ranger_Feet.gltf[39m[0m
[   2% ] [90m[1m_update_scan_actions[22m | Female_Ranger_Head_Hood.fbx[39m[0m
[   2% ] [90m[1m_update_scan_actions[22m | Female_Ranger_Head_Hood.gltf[39m[0m
[   2% ] [90m[1m_update_scan_actions[22m | Female_Ranger_Legs.fbx[39m[0m
[   2% ] [90m[1m_update_scan_actions[22m | Female_Ranger_Legs.gltf[39m[0m
[   3% ] [90m[1m_update_scan_actions[22m | Formal.gltf[39m[0m
[   3% ] [90m[1m_update_scan_actions[22m | Hair_Beard.fbx[39m[0m
[   3% ] [90m[1m_update_scan_actions[22m | Hair_Beard.gltf[39m[0m
[   3% ] [90m[1m_update_scan_actions[22m | Hair_Buns.fbx[39m[0m
[   3% ] [90m[1m_update_scan_actions[22m | Hair_Buns.gltf[39m[0m
[   3% ] [90m[1m_update_scan_actions[22m | Hair_Buzzed.fbx[39m[0m
[   3% ] [90m[1m_update_scan_actions[22m | Hair_Buzzed.gltf[39m[0m
[   3% ] [90m[1m_update_scan_actions[22m | Hair_BuzzedFemale.fbx[39m[0m
[   3% ] [90m[1m_update_scan_actions[22m | Hair_BuzzedFemale.gltf[39m[0m
[   3% ] [90m[1m_update_scan_actions[22m | Hair_Long.fbx[39m[0m
[   3% ] [90m[1m_update_scan_actions[22m | Hair_Long.gltf[39m[0m
[   3% ] [90m[1m_update_scan_actions[22m | Hair_SimpleParted.fbx[39m[0m
[   4% ] [90m[1m_update_scan_actions[22m | Hair_SimpleParted.gltf[39m[0m
[   4% ] [90m[1m_update_scan_actions[22m | King.gltf[39m[0m
[   4% ] [90m[1m_update_scan_actions[22m | Knight_knight_texture.png[39m[0m
[   4% ] [90m[1m_update_scan_actions[22m | knight_texture.png[39m[0m
[   4% ] [90m[1m_update_scan_actions[22m | mace.gltf[39m[0m
[   4% ] [90m[1m_update_scan_actions[22m | Mage_mage_texture.png[39m[0m
[   4% ] [90m[1m_update_scan_actions[22m | mage_texture.png[39m[0m
[   4% ] [90m[1m_update_scan_actions[22m | Male_Peasant.fbx[39m[0m
[   4% ] [90m[1m_update_scan_actions[22m | Male_Peasant.gltf[39m[0m
[   4% ] [90m[1m_update_scan_actions[22m | Male_Peasant_Arms.fbx[39m[0m
[   4% ] [90m[1m_update_scan_actions[22m | Male_Peasant_Arms.gltf[39m[0m
[   4% ] [90m[1m_update_scan_actions[22m | Male_Peasant_Body.fbx[39m[0m
[   5% ] [90m[1m_update_scan_actions[22m | Male_Peasant_Body.gltf[39m[0m
[   5% ] [90m[1m_update_scan_actions[22m | Male_Peasant_Feet.fbx[39m[0m
[   5% ] [90m[1m_update_scan_actions[22m | Male_Peasant_Feet.gltf[39m[0m
[   5% ] [90m[1m_update_scan_actions[22m | Male_Peasant_Legs.fbx[39m[0m
[   5% ] [90m[1m_update_scan_actions[22m | Male_Peasant_Legs.gltf[39m[0m
[   5% ] [90m[1m_update_scan_actions[22m | Male_Ranger.fbx[39m[0m
[   5% ] [90m[1m_update_scan_actions[22m | Male_Ranger.gltf[39m[0m
[   5% ] [90m[1m_update_scan_actions[22m | Male_Ranger_Acc_Pauldron.fbx[39m[0m
[   5% ] [90m[1m_update_scan_actions[22m | Male_Ranger_Acc_Pauldron.gltf[39m[0m
[   5% ] [90m[1m_update_scan_actions[22m | Male_Ranger_Arms.fbx[39m[0m
[   5% ] [90m[1m_update_scan_actions[22m | Male_Ranger_Arms.gltf[39m[0m
[   5% ] [90m[1m_update_scan_actions[22m | Male_Ranger_Body.fbx[39m[0m
[   5% ] [90m[1m_update_scan_actions[22m | Male_Ranger_Body.gltf[39m[0m
[   6% ] [90m[1m_update_scan_actions[22m | Male_Ranger_Feet_Boots.fbx[39m[0m
[   6% ] [90m[1m_update_scan_actions[22m | Male_Ranger_Feet_Boots.gltf[39m[0m
[   6% ] [90m[1m_update_scan_actions[22m | Male_Ranger_Head_Hood.fbx[39m[0m
[   6% ] [90m[1m_update_scan_actions[22m | Male_Ranger_Head_Hood.gltf[39m[0m
[   6% ] [90m[1m_update_scan_actions[22m | Male_Ranger_Legs.fbx[39m[0m
[   6% ] [90m[1m_update_scan_actions[22m | Male_Ranger_Legs.gltf[39m[0m
[   6% ] [90m[1m_update_scan_actions[22m | Medieval.gltf[39m[0m
[   6% ] [90m[1m_update_scan_actions[22m | mug_empty.gltf[39m[0m
[   6% ] [90m[1m_update_scan_actions[22m | mug_full.gltf[39m[0m
[   6% ] [90m[1m_update_scan_actions[22m | Preview.png[39m[0m
[   6% ] [90m[1m_update_scan_actions[22m | Punk.gltf[39m[0m
[   6% ] [90m[1m_update_scan_actions[22m | quiver.gltf[39m[0m
[   7% ] [90m[1m_update_scan_actions[22m | Rogue_Hooded_rogue_texture.png[39m[0m
[   7% ] [90m[1m_update_scan_actions[22m | Rogue_rogue_texture.png[39m[0m
[   7% ] [90m[1m_update_scan_actions[22m | rogue_texture.png[39m[0m
[   7% ] [90m[1m_update_scan_actions[22m | SciFi.gltf[39m[0m
[   7% ] [90m[1m_update_scan_actions[22m | shield_badge_color.gltf[39m[0m
[   7% ] [90m[1m_update_scan_actions[22m | shield_round_color.gltf[39m[0m
[   7% ] [90m[1m_update_scan_actions[22m | shield_spikes_color.gltf[39m[0m
[   7% ] [90m[1m_update_scan_actions[22m | shield_square.gltf[39m[0m
[   7% ] [90m[1m_update_scan_actions[22m | shield_square_color.gltf[39m[0m
[   7% ] [90m[1m_update_scan_actions[22m | Skeleton_Arrow.gltf[39m[0m
[   7% ] [90m[1m_update_scan_actions[22m | Skeleton_Arrow_Broken.gltf[39m[0m
[   7% ] [90m[1m_update_scan_actions[22m | Skeleton_Arrow_Broken_Half.gltf[39m[0m
[   8% ] [90m[1m_update_scan_actions[22m | Skeleton_Arrow_Half.gltf[39m[0m
[   8% ] [90m[1m_update_scan_actions[22m | Skeleton_Axe.gltf[39m[0m
[   8% ] [90m[1m_update_scan_actions[22m | Skeleton_Blade.gltf[39m[0m
[   8% ] [90m[1m_update_scan_actions[22m | Skeleton_Crossbow.gltf[39m[0m
[   8% ] [90m[1m_update_scan_actions[22m | Skeleton_Mage_skeleton_texture.png[39m[0m
[   8% ] [90m[1m_update_scan_actions[22m | Skeleton_Minion_skeleton_texture.png[39m[0m
[   8% ] [90m[1m_update_scan_actions[22m | Skeleton_Quiver.gltf[39m[0m
[   8% ] [90m[1m_update_scan_actions[22m | Skeleton_Rogue_skeleton_texture.png[39m[0m
[   8% ] [90m[1m_update_scan_actions[22m | Skeleton_Shield_Large_A.gltf[39m[0m
[   8% ] [90m[1m_update_scan_actions[22m | Skeleton_Shield_Large_B.gltf[39m[0m
[   8% ] [90m[1m_update_scan_actions[22m | Skeleton_Shield_Small_A.gltf[39m[0m
[   8% ] [90m[1m_update_scan_actions[22m | Skeleton_Shield_Small_B.gltf[39m[0m
[   8% ] [90m[1m_update_scan_actions[22m | Skeleton_Staff.gltf[39m[0m
[   9% ] [90m[1m_update_scan_actions[22m | skeleton_texture.png[39m[0m
[   9% ] [90m[1m_update_scan_actions[22m | Skeleton_Warrior_skeleton_texture.png[39m[0m
[   9% ] [90m[1m_update_scan_actions[22m | smokebomb.gltf[39m[0m
[   9% ] [90m[1m_update_scan_actions[22m | Soldier.gltf[39m[0m
[   9% ] [90m[1m_update_scan_actions[22m | Spacesuit.gltf[39m[0m
[   9% ] [90m[1m_update_scan_actions[22m | Suit.gltf[39m[0m
[   9% ] [90m[1m_update_scan_actions[22m | Superhero_Female_FullBody.fbx[39m[0m
[   9% ] [90m[1m_update_scan_actions[22m | Superhero_Female_FullBody.gltf[39m[0m
[   9% ] [90m[1m_update_scan_actions[22m | Superhero_Male_FullBody.fbx[39m[0m
[   9% ] [90m[1m_update_scan_actions[22m | Superhero_Male_FullBody.gltf[39m[0m
[   9% ] [90m[1m_update_scan_actions[22m | Swat.gltf[39m[0m
[   9% ] [90m[1m_update_scan_actions[22m | sword_2handed_color.gltf[39m[0m
[  10% ] [90m[1m_update_scan_actions[22m | T_Eye_Brown.png[39m[0m
[  10% ] [90m[1m_update_scan_actions[22m | T_Eye_Normal.png[39m[0m
[  10% ] [90m[1m_update_scan_actions[22m | T_Hair_1_BaseColor.png[39m[0m
[  10% ] [90m[1m_update_scan_actions[22m | T_Hair_1_BaseColor_png.png[39m[0m
[  10% ] [90m[1m_update_scan_actions[22m | T_Hair_1_Normal.png[39m[0m
[  10% ] [90m[1m_update_scan_actions[22m | T_Hair_2_BaseColor.png[39m[0m
[  10% ] [90m[1m_update_scan_actions[22m | T_Hair_2_BaseColor_png.png[39m[0m
[  10% ] [90m[1m_update_scan_actions[22m | T_Hair_2_Normal.png[39m[0m
[  10% ] [90m[1m_update_scan_actions[22m | T_Peasant_2_BaseColor.png[39m[0m
[  10% ] [90m[1m_update_scan_actions[22m | T_Peasant_BaseColor.png[39m[0m
[  10% ] [90m[1m_update_scan_actions[22m | T_Peasant_Normal.png[39m[0m
[  10% ] [90m[1m_update_scan_actions[22m | T_Peasant_ORM.png[39m[0m
[  11% ] [90m[1m_update_scan_actions[22m | T_Ranger_3_BaseColor.png[39m[0m
[  11% ] [90m[1m_update_scan_actions[22m | T_Ranger_BaseColor.png[39m[0m
[  11% ] [90m[1m_update_scan_actions[22m | T_Ranger_Normal.png[39m[0m
[  11% ] [90m[1m_update_scan_actions[22m | T_Ranger_ORM.png[39m[0m
[  11% ] [90m[1m_update_scan_actions[22m | T_Regular_Female_Dark_BaseColor.png[39m[0m
[  11% ] [90m[1m_update_scan_actions[22m | T_Regular_Female_Normal.png[39m[0m
[  11% ] [90m[1m_update_scan_actions[22m | T_Regular_Female_Roughness.png[39m[0m
[  11% ] [90m[1m_update_scan_actions[22m | T_Regular_Male_Dark_BaseColor.png[39m[0m
[  11% ] [90m[1m_update_scan_actions[22m | T_Regular_Male_Normal.png[39m[0m
[  11% ] [90m[1m_update_scan_actions[22m | T_Regular_Male_Roughness.png[39m[0m
[  11% ] [90m[1m_update_scan_actions[22m | T_Superhero_Female_Dark_BaseColor.png[39m[0m
[  11% ] [90m[1m_update_scan_actions[22m | T_Superhero_Female_Light_BaseColor.png[39m[0m
[  11% ] [90m[1m_update_scan_actions[22m | T_Superhero_Female_Normal.png[39m[0m
[  12% ] [90m[1m_update_scan_actions[22m | T_Superhero_Female_Roughness.png[39m[0m
[  12% ] [90m[1m_update_scan_actions[22m | T_Superhero_Male_Dark.png[39m[0m
[  12% ] [90m[1m_update_scan_actions[22m | T_Superhero_Male_Ligh.png[39m[0m
[  12% ] [90m[1m_update_scan_actions[22m | T_Superhero_Male_Normal.png[39m[0m
[  12% ] [90m[1m_update_scan_actions[22m | T_Superhero_Male_Roughness.png[39m[0m
[  12% ] [90m[1m_update_scan_actions[22m | Witch.gltf[39m[0m
[  12% ] [90m[1m_update_scan_actions[22m | Worker.gltf[39m[0m
[  12% ] [90m[1m_update_scan_actions[22m | Armor_Black.fbx[39m[0m
[  12% ] [90m[1m_update_scan_actions[22m | Armor_Golden.fbx[39m[0m
[  12% ] [90m[1m_update_scan_actions[22m | Armor_Leather.fbx[39m[0m
[  12% ] [90m[1m_update_scan_actions[22m | Armor_Metal2.fbx[39m[0m
[  12% ] [90m[1m_update_scan_actions[22m | Armor_Metal.fbx[39m[0m
[  13% ] [90m[1m_update_scan_actions[22m | Arrow.fbx[39m[0m
[  13% ] [90m[1m_update_scan_actions[22m | Arrow_Golden.fbx[39m[0m
[  13% ] [90m[1m_update_scan_actions[22m | Axe_Double.fbx[39m[0m
[  13% ] [90m[1m_update_scan_actions[22m | Axe_Double_Golden.fbx[39m[0m
[  13% ] [90m[1m_update_scan_actions[22m | Axe_small.fbx[39m[0m
[  13% ] [90m[1m_update_scan_actions[22m | Axe_small_Golden.fbx[39m[0m
[  13% ] [90m[1m_update_scan_actions[22m | Backpack.fbx[39m[0m
[  13% ] [90m[1m_update_scan_actions[22m | Bag.fbx[39m[0m
[  13% ] [90m[1m_update_scan_actions[22m | Bone.fbx[39m[0m
[  13% ] [90m[1m_update_scan_actions[22m | Book1_Closed.fbx[39m[0m
[  13% ] [90m[1m_update_scan_actions[22m | Book1_Open.fbx[39m[0m
[  13% ] [90m[1m_update_scan_actions[22m | Book2_Closed.fbx[39m[0m
[  13% ] [90m[1m_update_scan_actions[22m | Book2_Open.fbx[39m[0m
[  14% ] [90m[1m_update_scan_actions[22m | Book3_Closed.fbx[39m[0m
[  14% ] [90m[1m_update_scan_actions[22m | Book3_Open.fbx[39m[0m
[  14% ] [90m[1m_update_scan_actions[22m | Book4_Closed.fbx[39m[0m
[  14% ] [90m[1m_update_scan_actions[22m | Book4_Open.fbx[39m[0m
[  14% ] [90m[1m_update_scan_actions[22m | Bow_Golden.fbx[39m[0m
[  14% ] [90m[1m_update_scan_actions[22m | Bow_Wooden.fbx[39m[0m
[  14% ] [90m[1m_update_scan_actions[22m | Chalice.fbx[39m[0m
[  14% ] [90m[1m_update_scan_actions[22m | Chest_Closed.fbx[39m[0m
[  14% ] [90m[1m_update_scan_actions[22m | Chest_Ingots.fbx[39m[0m
[  14% ] [90m[1m_update_scan_actions[22m | Chest_Open.fbx[39m[0m
[  14% ] [90m[1m_update_scan_actions[22m | ChickenLeg.fbx[39m[0m
[  14% ] [90m[1m_update_scan_actions[22m | Coin.fbx[39m[0m
[  15% ] [90m[1m_update_scan_actions[22m | Coin_Skull.fbx[39m[0m
[  15% ] [90m[1m_update_scan_actions[22m | Coin_Star.fbx[39m[0m
[  15% ] [90m[1m_update_scan_actions[22m | Crown2.fbx[39m[0m
[  15% ] [90m[1m_update_scan_actions[22m | Crown.fbx[39m[0m
[  15% ] [90m[1m_update_scan_actions[22m | Crystal1.fbx[39m[0m
[  15% ] [90m[1m_update_scan_actions[22m | Crystal1_Damaged.fbx[39m[0m
[  15% ] [90m[1m_update_scan_actions[22m | Crystal2.fbx[39m[0m
[  15% ] [90m[1m_update_scan_actions[22m | Crystal2_Damaged.fbx[39m[0m
[  15% ] [90m[1m_update_scan_actions[22m | Crystal3.fbx[39m[0m
[  15% ] [90m[1m_update_scan_actions[22m | Crystal3_Damaged.fbx[39m[0m
[  15% ] [90m[1m_update_scan_actions[22m | Crystal4.fbx[39m[0m
[  15% ] [90m[1m_update_scan_actions[22m | Crystal5.fbx[39m[0m
[  16% ] [90m[1m_update_scan_actions[22m | Crystal5_Damaged.fbx[39m[0m
[  16% ] [90m[1m_update_scan_actions[22m | Dagger.fbx[39m[0m
[  16% ] [90m[1m_update_scan_actions[22m | Dagger_Golden.fbx[39m[0m
[  16% ] [90m[1m_update_scan_actions[22m | Dart.fbx[39m[0m
[  16% ] [90m[1m_update_scan_actions[22m | Dart_Golden.fbx[39m[0m
[  16% ] [90m[1m_update_scan_actions[22m | FishBone.fbx[39m[0m
[  16% ] [90m[1m_update_scan_actions[22m | Glove.fbx[39m[0m
[  16% ] [90m[1m_update_scan_actions[22m | Gold_Ingots.fbx[39m[0m
[  16% ] [90m[1m_update_scan_actions[22m | Hammer_Double.fbx[39m[0m
[  16% ] [90m[1m_update_scan_actions[22m | Hammer_Double_Golden.fbx[39m[0m
[  16% ] [90m[1m_update_scan_actions[22m | Heart.fbx[39m[0m
[  16% ] [90m[1m_update_scan_actions[22m | Heart_Broken.fbx[39m[0m
[  16% ] [90m[1m_update_scan_actions[22m | Heart_Half.fbx[39m[0m
[  17% ] [90m[1m_update_scan_actions[22m | Key1.fbx[39m[0m
[  17% ] [90m[1m_update_scan_actions[22m | Key2.fbx[39m[0m
[  17% ] [90m[1m_update_scan_actions[22m | Key3.fbx[39m[0m
[  17% ] [90m[1m_update_scan_actions[22m | Key4.fbx[39m[0m
[  17% ] [90m[1m_update_scan_actions[22m | Mineral.fbx[39m[0m
[  17% ] [90m[1m_update_scan_actions[22m | Necklace1.fbx[39m[0m
[  17% ] [90m[1m_update_scan_actions[22m | Necklace2.fbx[39m[0m
[  17% ] [90m[1m_update_scan_actions[22m | Necklace3.fbx[39m[0m
[  17% ] [90m[1m_update_scan_actions[22m | Padlock.fbx[39m[0m
[  17% ] [90m[1m_update_scan_actions[22m | Parchment.fbx[39m[0m
[  17% ] [90m[1m_update_scan_actions[22m | Potion1_Empty.fbx[39m[0m
[  17% ] [90m[1m_update_scan_actions[22m | Potion1_Filled.fbx[39m[0m
[  18% ] [90m[1m_update_scan_actions[22m | Potion2_Empty.fbx[39m[0m
[  18% ] [90m[1m_update_scan_actions[22m | Potion2_Filled.fbx[39m[0m
[  18% ] [90m[1m_update_scan_actions[22m | Potion3_Empty.fbx[39m[0m
[  18% ] [90m[1m_update_scan_actions[22m | Potion3_Filled.fbx[39m[0m
[  18% ] [90m[1m_update_scan_actions[22m | Potion4_Empty.fbx[39m[0m
[  18% ] [90m[1m_update_scan_actions[22m | Potion4_Filled.fbx[39m[0m
[  18% ] [90m[1m_update_scan_actions[22m | Potion5_Empty.fbx[39m[0m
[  18% ] [90m[1m_update_scan_actions[22m | Potion5_Filled.fbx[39m[0m
[  18% ] [90m[1m_update_scan_actions[22m | Potion6_Empty.fbx[39m[0m
[  18% ] [90m[1m_update_scan_actions[22m | Potion6_Filled.fbx[39m[0m
[  18% ] [90m[1m_update_scan_actions[22m | Potion7_Empty.fbx[39m[0m
[  18% ] [90m[1m_update_scan_actions[22m | Potion7_Filled.fbx[39m[0m
[  19% ] [90m[1m_update_scan_actions[22m | Potion8_Empty.fbx[39m[0m
[  19% ] [90m[1m_update_scan_actions[22m | Potion8_Filled.fbx[39m[0m
[  19% ] [90m[1m_update_scan_actions[22m | Potion9_Empty.fbx[39m[0m
[  19% ] [90m[1m_update_scan_actions[22m | Potion9_Filled.fbx[39m[0m
[  19% ] [90m[1m_update_scan_actions[22m | Potion10_Empty.fbx[39m[0m
[  19% ] [90m[1m_update_scan_actions[22m | Potion10_Filled.fbx[39m[0m
[  19% ] [90m[1m_update_scan_actions[22m | Potion11_Empty.fbx[39m[0m
[  19% ] [90m[1m_update_scan_actions[22m | Potion11_Filled.fbx[39m[0m
[  19% ] [90m[1m_update_scan_actions[22m | Pouch.fbx[39m[0m
[  19% ] [90m[1m_update_scan_actions[22m | Ring1.fbx[39m[0m
[  19% ] [90m[1m_update_scan_actions[22m | Ring2.fbx[39m[0m
[  19% ] [90m[1m_update_scan_actions[22m | Ring3.fbx[39m[0m
[  19% ] [90m[1m_update_scan_actions[22m | Ring4.fbx[39m[0m
[  20% ] [90m[1m_update_scan_actions[22m | Ring5.fbx[39m[0m
[  20% ] [90m[1m_update_scan_actions[22m | Ring6.fbx[39m[0m
[  20% ] [90m[1m_update_scan_actions[22m | Ring7.fbx[39m[0m
[  20% ] [90m[1m_update_scan_actions[22m | Scroll.fbx[39m[0m
[  20% ] [90m[1m_update_scan_actions[22m | Skull2.fbx[39m[0m
[  20% ] [90m[1m_update_scan_actions[22m | Skull.fbx[39m[0m
[  20% ] [90m[1m_update_scan_actions[22m | Snowflake1.fbx[39m[0m
[  20% ] [90m[1m_update_scan_actions[22m | Snowflake2.fbx[39m[0m
[  20% ] [90m[1m_update_scan_actions[22m | Snowflake3.fbx[39m[0m
[  20% ] [90m[1m_update_scan_actions[22m | Star.fbx[39m[0m
[  20% ] [90m[1m_update_scan_actions[22m | Sword.fbx[39m[0m
[  20% ] [90m[1m_update_scan_actions[22m | Sword_big.fbx[39m[0m
[  21% ] [90m[1m_update_scan_actions[22m | Sword_big_Golden.fbx[39m[0m
[  21% ] [90m[1m_update_scan_actions[22m | Sword_Golden.fbx[39m[0m
[  21% ] [90m[1m_update_scan_actions[22m | Imp.fbx[39m[0m
[  21% ] [90m[1m_update_scan_actions[22m | Imp.glb[39m[0m
[  21% ] [90m[1m_update_scan_actions[22m | Imp_T_Imp_BaseColor_1.png[39m[0m
[  21% ] [90m[1m_update_scan_actions[22m | Imp_T_Imp_Emissive.png[39m[0m
[  21% ] [90m[1m_update_scan_actions[22m | Imp_T_Imp_Normal.png[39m[0m
[  21% ] [90m[1m_update_scan_actions[22m | Imp_T_Imp_ORM.png[39m[0m
[  21% ] [90m[1m_update_scan_actions[22m | Puglin.fbx[39m[0m
[  21% ] [90m[1m_update_scan_actions[22m | Puglin.glb[39m[0m
[  21% ] [90m[1m_update_scan_actions[22m | Puglin_T_Puglin_BaseColor_1.png[39m[0m
[  21% ] [90m[1m_update_scan_actions[22m | Puglin_T_Puglin_Emissive.png[39m[0m
[  22% ] [90m[1m_update_scan_actions[22m | Puglin_T_Puglin_Normal.png[39m[0m
[  22% ] [90m[1m_update_scan_actions[22m | Puglin_T_Puglin_ORM.png[39m[0m
[  22% ] [90m[1m_update_scan_actions[22m | T_Imp_BaseColor_1.png[39m[0m
[  22% ] [90m[1m_update_scan_actions[22m | T_Imp_BaseColor_2.png[39m[0m
[  22% ] [90m[1m_update_scan_actions[22m | T_Imp_BaseColor_3.png[39m[0m
[  22% ] [90m[1m_update_scan_actions[22m | T_Imp_Emissive.png[39m[0m
[  22% ] [90m[1m_update_scan_actions[22m | T_Imp_Normal.png[39m[0m
[  22% ] [90m[1m_update_scan_actions[22m | T_Imp_ORM.png[39m[0m
[  22% ] [90m[1m_update_scan_actions[22m | T_Puglin_BaseColor_1.png[39m[0m
[  22% ] [90m[1m_update_scan_actions[22m | T_Puglin_BaseColor_2.png[39m[0m
[  22% ] [90m[1m_update_scan_actions[22m | T_Puglin_BaseColor_3.png[39m[0m
[  22% ] [90m[1m_update_scan_actions[22m | T_Puglin_Emissive.png[39m[0m
[  22% ] [90m[1m_update_scan_actions[22m | T_Puglin_Normal.png[39m[0m
[  23% ] [90m[1m_update_scan_actions[22m | T_Puglin_ORM.png[39m[0m
[  23% ] [90m[1m_update_scan_actions[22m | Frog.fbx[39m[0m
[  23% ] [90m[1m_update_scan_actions[22m | Rat.fbx[39m[0m
[  23% ] [90m[1m_update_scan_actions[22m | Snake.fbx[39m[0m
[  23% ] [90m[1m_update_scan_actions[22m | Snake_angry.fbx[39m[0m
[  23% ] [90m[1m_update_scan_actions[22m | Spider.fbx[39m[0m
[  23% ] [90m[1m_update_scan_actions[22m | Wasp.fbx[39m[0m
[  23% ] [90m[1m_update_scan_actions[22m | Anvil.fbx[39m[0m
[  23% ] [90m[1m_update_scan_actions[22m | Anvil.gltf[39m[0m
[  23% ] [90m[1m_update_scan_actions[22m | Anvil_Log.fbx[39m[0m
[  23% ] [90m[1m_update_scan_actions[22m | Anvil_Log.gltf[39m[0m
[  23% ] [90m[1m_update_scan_actions[22m | arch.gltf[39m[0m
[  24% ] [90m[1m_update_scan_actions[22m | arch_gate.gltf[39m[0m
[  24% ] [90m[1m_update_scan_actions[22m | Axe_Bronze.fbx[39m[0m
[  24% ] [90m[1m_update_scan_actions[22m | Axe_Bronze.gltf[39m[0m
[  24% ] [90m[1m_update_scan_actions[22m | Bag.fbx[39m[0m
[  24% ] [90m[1m_update_scan_actions[22m | Bag.gltf[39m[0m
[  24% ] [90m[1m_update_scan_actions[22m | Banner_1.fbx[39m[0m
[  24% ] [90m[1m_update_scan_actions[22m | Banner_1.gltf[39m[0m
[  24% ] [90m[1m_update_scan_actions[22m | Banner_1_Cloth.fbx[39m[0m
[  24% ] [90m[1m_update_scan_actions[22m | Banner_1_Cloth.gltf[39m[0m
[  24% ] [90m[1m_update_scan_actions[22m | Banner_2.fbx[39m[0m
[  24% ] [90m[1m_update_scan_actions[22m | Banner_2.gltf[39m[0m
[  24% ] [90m[1m_update_scan_actions[22m | Banner_2_Cloth.fbx[39m[0m
[  25% ] [90m[1m_update_scan_actions[22m | Banner_2_Cloth.gltf[39m[0m
[  25% ] [90m[1m_update_scan_actions[22m | Barrel.fbx[39m[0m
[  25% ] [90m[1m_update_scan_actions[22m | Barrel.gltf[39m[0m
[  25% ] [90m[1m_update_scan_actions[22m | Barrel_Apples.fbx[39m[0m
[  25% ] [90m[1m_update_scan_actions[22m | Barrel_Apples.gltf[39m[0m
[  25% ] [90m[1m_update_scan_actions[22m | Barrel_Holder.fbx[39m[0m
[  25% ] [90m[1m_update_scan_actions[22m | Barrel_Holder.gltf[39m[0m
[  25% ] [90m[1m_update_scan_actions[22m | Bed_Twin1.fbx[39m[0m
[  25% ] [90m[1m_update_scan_actions[22m | Bed_Twin1.gltf[39m[0m
[  25% ] [90m[1m_update_scan_actions[22m | Bed_Twin2.fbx[39m[0m
[  25% ] [90m[1m_update_scan_actions[22m | Bed_Twin2.gltf[39m[0m
[  25% ] [90m[1m_update_scan_actions[22m | Bench.fbx[39m[0m
[  25% ] [90m[1m_update_scan_actions[22m | bench.gltf[39m[0m
[  26% ] [90m[1m_update_scan_actions[22m | bench_decorated.gltf[39m[0m
[  26% ] [90m[1m_update_scan_actions[22m | bone_A.gltf[39m[0m
[  26% ] [90m[1m_update_scan_actions[22m | bone_B.gltf[39m[0m
[  26% ] [90m[1m_update_scan_actions[22m | bone_C.gltf[39m[0m
[  26% ] [90m[1m_update_scan_actions[22m | Bookcase_2.fbx[39m[0m
[  26% ] [90m[1m_update_scan_actions[22m | Bookcase_2.gltf[39m[0m
[  26% ] [90m[1m_update_scan_actions[22m | BookGroup_Medium_1.fbx[39m[0m
[  26% ] [90m[1m_update_scan_actions[22m | BookGroup_Medium_1.gltf[39m[0m
[  26% ] [90m[1m_update_scan_actions[22m | BookGroup_Medium_2.fbx[39m[0m
[  26% ] [90m[1m_update_scan_actions[22m | BookGroup_Medium_2.gltf[39m[0m
[  26% ] [90m[1m_update_scan_actions[22m | BookGroup_Medium_3.fbx[39m[0m
[  26% ] [90m[1m_update_scan_actions[22m | BookGroup_Medium_3.gltf[39m[0m
[  27% ] [90m[1m_update_scan_actions[22m | BookGroup_Small_1.fbx[39m[0m
[  27% ] [90m[1m_update_scan_actions[22m | BookGroup_Small_1.gltf[39m[0m
[  27% ] [90m[1m_update_scan_actions[22m | BookGroup_Small_2.fbx[39m[0m
[  27% ] [90m[1m_update_scan_actions[22m | BookGroup_Small_2.gltf[39m[0m
[  27% ] [90m[1m_update_scan_actions[22m | BookGroup_Small_3.fbx[39m[0m
[  27% ] [90m[1m_update_scan_actions[22m | BookGroup_Small_3.gltf[39m[0m
[  27% ] [90m[1m_update_scan_actions[22m | BookStand.fbx[39m[0m
[  27% ] [90m[1m_update_scan_actions[22m | BookStand.gltf[39m[0m
[  27% ] [90m[1m_update_scan_actions[22m | Book_5.fbx[39m[0m
[  27% ] [90m[1m_update_scan_actions[22m | Book_5.gltf[39m[0m
[  27% ] [90m[1m_update_scan_actions[22m | Book_7.fbx[39m[0m
[  27% ] [90m[1m_update_scan_actions[22m | Book_7.gltf[39m[0m
[  27% ] [90m[1m_update_scan_actions[22m | Book_Simplified_Single.fbx[39m[0m
[  28% ] [90m[1m_update_scan_actions[22m | Book_Simplified_Single.gltf[39m[0m
[  28% ] [90m[1m_update_scan_actions[22m | Book_Stack_1.fbx[39m[0m
[  28% ] [90m[1m_update_scan_actions[22m | Book_Stack_1.gltf[39m[0m
[  28% ] [90m[1m_update_scan_actions[22m | Book_Stack_2.fbx[39m[0m
[  28% ] [90m[1m_update_scan_actions[22m | Book_Stack_2.gltf[39m[0m
[  28% ] [90m[1m_update_scan_actions[22m | Bottle_1.fbx[39m[0m
[  28% ] [90m[1m_update_scan_actions[22m | Bottle_1.gltf[39m[0m
[  28% ] [90m[1m_update_scan_actions[22m | Bucket_Metal.fbx[39m[0m
[  28% ] [90m[1m_update_scan_actions[22m | Bucket_Metal.gltf[39m[0m
[  28% ] [90m[1m_update_scan_actions[22m | Bucket_Wooden_1.fbx[39m[0m
[  28% ] [90m[1m_update_scan_actions[22m | Bucket_Wooden_1.gltf[39m[0m
[  28% ] [90m[1m_update_scan_actions[22m | Cabinet.fbx[39m[0m
[  29% ] [90m[1m_update_scan_actions[22m | Cabinet.gltf[39m[0m
[  29% ] [90m[1m_update_scan_actions[22m | Cage_Small.fbx[39m[0m
[  29% ] [90m[1m_update_scan_actions[22m | Cage_Small.gltf[39m[0m
[  29% ] [90m[1m_update_scan_actions[22m | candle.gltf[39m[0m
[  29% ] [90m[1m_update_scan_actions[22m | CandleStick.fbx[39m[0m
[  29% ] [90m[1m_update_scan_actions[22m | CandleStick.gltf[39m[0m
[  29% ] [90m[1m_update_scan_actions[22m | CandleStick_Stand.fbx[39m[0m
[  29% ] [90m[1m_update_scan_actions[22m | CandleStick_Stand.gltf[39m[0m
[  29% ] [90m[1m_update_scan_actions[22m | CandleStick_Triple.fbx[39m[0m
[  29% ] [90m[1m_update_scan_actions[22m | CandleStick_Triple.gltf[39m[0m
[  29% ] [90m[1m_update_scan_actions[22m | Candle_1.fbx[39m[0m
[  29% ] [90m[1m_update_scan_actions[22m | Candle_1.gltf[39m[0m
[  30% ] [90m[1m_update_scan_actions[22m | Candle_2.fbx[39m[0m
[  30% ] [90m[1m_update_scan_actions[22m | Candle_2.gltf[39m[0m
[  30% ] [90m[1m_update_scan_actions[22m | candle_melted.gltf[39m[0m
[  30% ] [90m[1m_update_scan_actions[22m | candle_thin.gltf[39m[0m
[  30% ] [90m[1m_update_scan_actions[22m | candle_triple.gltf[39m[0m
[  30% ] [90m[1m_update_scan_actions[22m | Carrot.fbx[39m[0m
[  30% ] [90m[1m_update_scan_actions[22m | Carrot.gltf[39m[0m
[  30% ] [90m[1m_update_scan_actions[22m | Cauldron.fbx[39m[0m
[  30% ] [90m[1m_update_scan_actions[22m | Cauldron.gltf[39m[0m
[  30% ] [90m[1m_update_scan_actions[22m | Chain_Coil.fbx[39m[0m
[  30% ] [90m[1m_update_scan_actions[22m | Chain_Coil.gltf[39m[0m
[  30% ] [90m[1m_update_scan_actions[22m | Chair_1.fbx[39m[0m
[  30% ] [90m[1m_update_scan_actions[22m | Chair_1.gltf[39m[0m
[  31% ] [90m[1m_update_scan_actions[22m | Chalice.fbx[39m[0m
[  31% ] [90m[1m_update_scan_actions[22m | Chalice.gltf[39m[0m
[  31% ] [90m[1m_update_scan_actions[22m | Chandelier.fbx[39m[0m
[  31% ] [90m[1m_update_scan_actions[22m | Chandelier.gltf[39m[0m
[  31% ] [90m[1m_update_scan_actions[22m | Chest_Wood.fbx[39m[0m
[  31% ] [90m[1m_update_scan_actions[22m | Chest_Wood.gltf[39m[0m
[  31% ] [90m[1m_update_scan_actions[22m | Chest_Wood_0.png[39m[0m
[  31% ] [90m[1m_update_scan_actions[22m | Chest_Wood_1.png[39m[0m
[  31% ] [90m[1m_update_scan_actions[22m | Chest_Wood_2.png[39m[0m
[  31% ] [90m[1m_update_scan_actions[22m | Chest_Wood_3.png[39m[0m
[  31% ] [90m[1m_update_scan_actions[22m | coffin.gltf[39m[0m
[  31% ] [90m[1m_update_scan_actions[22m | coffin_decorated.gltf[39m[0m
[  32% ] [90m[1m_update_scan_actions[22m | Coin.fbx[39m[0m
[  32% ] [90m[1m_update_scan_actions[22m | Coin.gltf[39m[0m
[  32% ] [90m[1m_update_scan_actions[22m | Coin_Pile.fbx[39m[0m
[  32% ] [90m[1m_update_scan_actions[22m | Coin_Pile.gltf[39m[0m
[  32% ] [90m[1m_update_scan_actions[22m | Coin_Pile_2.fbx[39m[0m
[  32% ] [90m[1m_update_scan_actions[22m | Coin_Pile_2.gltf[39m[0m
[  32% ] [90m[1m_update_scan_actions[22m | Crate_Metal.fbx[39m[0m
[  32% ] [90m[1m_update_scan_actions[22m | Crate_Metal.gltf[39m[0m
[  32% ] [90m[1m_update_scan_actions[22m | Crate_Wooden.fbx[39m[0m
[  32% ] [90m[1m_update_scan_actions[22m | Crate_Wooden.gltf[39m[0m
[  32% ] [90m[1m_update_scan_actions[22m | crypt.gltf[39m[0m
[  32% ] [90m[1m_update_scan_actions[22m | Dummy.fbx[39m[0m
[  33% ] [90m[1m_update_scan_actions[22m | Dummy.gltf[39m[0m
[  33% ] [90m[1m_update_scan_actions[22m | FarmCrate_Apple.fbx[39m[0m
[  33% ] [90m[1m_update_scan_actions[22m | FarmCrate_Apple.gltf[39m[0m
[  33% ] [90m[1m_update_scan_actions[22m | FarmCrate_Carrot.fbx[39m[0m
[  33% ] [90m[1m_update_scan_actions[22m | FarmCrate_Carrot.gltf[39m[0m
[  33% ] [90m[1m_update_scan_actions[22m | FarmCrate_Empty.fbx[39m[0m
[  33% ] [90m[1m_update_scan_actions[22m | FarmCrate_Empty.gltf[39m[0m
[  33% ] [90m[1m_update_scan_actions[22m | fence.gltf[39m[0m
[  33% ] [90m[1m_update_scan_actions[22m | fence_broken.gltf[39m[0m
[  33% ] [90m[1m_update_scan_actions[22m | fence_gate.gltf[39m[0m
[  33% ] [90m[1m_update_scan_actions[22m | fence_pillar.gltf[39m[0m
[  33% ] [90m[1m_update_scan_actions[22m | fence_pillar_broken.gltf[39m[0m
[  33% ] [90m[1m_update_scan_actions[22m | fence_seperate.gltf[39m[0m
[  34% ] [90m[1m_update_scan_actions[22m | fence_seperate_broken.gltf[39m[0m
[  34% ] [90m[1m_update_scan_actions[22m | floor_dirt.gltf[39m[0m
[  34% ] [90m[1m_update_scan_actions[22m | floor_dirt_grave.gltf[39m[0m
[  34% ] [90m[1m_update_scan_actions[22m | floor_dirt_small.gltf[39m[0m
[  34% ] [90m[1m_update_scan_actions[22m | gravemarker_A.gltf[39m[0m
[  34% ] [90m[1m_update_scan_actions[22m | gravemarker_B.gltf[39m[0m
[  34% ] [90m[1m_update_scan_actions[22m | gravestone.gltf[39m[0m
[  34% ] [90m[1m_update_scan_actions[22m | grave_A.gltf[39m[0m
[  34% ] [90m[1m_update_scan_actions[22m | grave_A_destroyed.gltf[39m[0m
[  34% ] [90m[1m_update_scan_actions[22m | grave_B.gltf[39m[0m
[  34% ] [90m[1m_update_scan_actions[22m | halloweenbits_texture.png[39m[0m
[  34% ] [90m[1m_update_scan_actions[22m | Key_Gold.fbx[39m[0m
[  35% ] [90m[1m_update_scan_actions[22m | Key_Gold.gltf[39m[0m
[  35% ] [90m[1m_update_scan_actions[22m | Key_Metal.fbx[39m[0m
[  35% ] [90m[1m_update_scan_actions[22m | Key_Metal.gltf[39m[0m
[  35% ] [90m[1m_update_scan_actions[22m | lantern_hanging.gltf[39m[0m
[  35% ] [90m[1m_update_scan_actions[22m | lantern_standing.gltf[39m[0m
[  35% ] [90m[1m_update_scan_actions[22m | Lantern_Wall.fbx[39m[0m
[  35% ] [90m[1m_update_scan_actions[22m | Lantern_Wall.gltf[39m[0m
[  35% ] [90m[1m_update_scan_actions[22m | Mug.fbx[39m[0m
[  35% ] [90m[1m_update_scan_actions[22m | Mug.gltf[39m[0m
[  35% ] [90m[1m_update_scan_actions[22m | Nightstand_Shelf.fbx[39m[0m
[  35% ] [90m[1m_update_scan_actions[22m | Nightstand_Shelf.gltf[39m[0m
[  35% ] [90m[1m_update_scan_actions[22m | path_A.gltf[39m[0m
[  36% ] [90m[1m_update_scan_actions[22m | path_B.gltf[39m[0m
[  36% ] [90m[1m_update_scan_actions[22m | path_C.gltf[39m[0m
[  36% ] [90m[1m_update_scan_actions[22m | path_D.gltf[39m[0m
[  36% ] [90m[1m_update_scan_actions[22m | Peg_Rack.fbx[39m[0m
[  36% ] [90m[1m_update_scan_actions[22m | Peg_Rack.gltf[39m[0m
[  36% ] [90m[1m_update_scan_actions[22m | Pickaxe_Bronze.fbx[39m[0m
[  36% ] [90m[1m_update_scan_actions[22m | Pickaxe_Bronze.gltf[39m[0m
[  36% ] [90m[1m_update_scan_actions[22m | pillar.gltf[39m[0m
[  36% ] [90m[1m_update_scan_actions[22m | plaque.gltf[39m[0m
[  36% ] [90m[1m_update_scan_actions[22m | plaque_candles.gltf[39m[0m
[  36% ] [90m[1m_update_scan_actions[22m | post.gltf[39m[0m
[  36% ] [90m[1m_update_scan_actions[22m | post_lantern.gltf[39m[0m
[  36% ] [90m[1m_update_scan_actions[22m | post_skull.gltf[39m[0m
[  37% ] [90m[1m_update_scan_actions[22m | Potion_1.fbx[39m[0m
[  37% ] [90m[1m_update_scan_actions[22m | Potion_1.gltf[39m[0m
[  37% ] [90m[1m_update_scan_actions[22m | Potion_2.fbx[39m[0m
[  37% ] [90m[1m_update_scan_actions[22m | Potion_2.gltf[39m[0m
[  37% ] [90m[1m_update_scan_actions[22m | Potion_4.fbx[39m[0m
[  37% ] [90m[1m_update_scan_actions[22m | Potion_4.gltf[39m[0m
[  37% ] [90m[1m_update_scan_actions[22m | Pot_1.fbx[39m[0m
[  37% ] [90m[1m_update_scan_actions[22m | Pot_1.gltf[39m[0m
[  37% ] [90m[1m_update_scan_actions[22m | Pot_1_Lid.fbx[39m[0m
[  37% ] [90m[1m_update_scan_actions[22m | Pot_1_Lid.gltf[39m[0m
[  37% ] [90m[1m_update_scan_actions[22m | Pouch_Large.fbx[39m[0m
[  37% ] [90m[1m_update_scan_actions[22m | Pouch_Large.gltf[39m[0m
[  38% ] [90m[1m_update_scan_actions[22m | Preview_1.jpg[39m[0m
[  38% ] [90m[1m_update_scan_actions[22m | Preview_2.jpg[39m[0m
[  38% ] [90m[1m_update_scan_actions[22m | Preview_3.jpg[39m[0m
[  38% ] [90m[1m_update_scan_actions[22m | pumpkin_orange.gltf[39m[0m
[  38% ] [90m[1m_update_scan_actions[22m | pumpkin_orange_jackolantern.gltf[39m[0m
[  38% ] [90m[1m_update_scan_actions[22m | pumpkin_orange_small.gltf[39m[0m
[  38% ] [90m[1m_update_scan_actions[22m | pumpkin_yellow.gltf[39m[0m
[  38% ] [90m[1m_update_scan_actions[22m | pumpkin_yellow_jackolantern.gltf[39m[0m
[  38% ] [90m[1m_update_scan_actions[22m | pumpkin_yellow_small.gltf[39m[0m
[  38% ] [90m[1m_update_scan_actions[22m | ribcage.gltf[39m[0m
[  38% ] [90m[1m_update_scan_actions[22m | Rope_1.fbx[39m[0m
[  38% ] [90m[1m_update_scan_actions[22m | Rope_1.gltf[39m[0m
[  38% ] [90m[1m_update_scan_actions[22m | Rope_2.fbx[39m[0m
[  39% ] [90m[1m_update_scan_actions[22m | Rope_2.gltf[39m[0m
[  39% ] [90m[1m_update_scan_actions[22m | Rope_3.fbx[39m[0m
[  39% ] [90m[1m_update_scan_actions[22m | Rope_3.gltf[39m[0m
[  39% ] [90m[1m_update_scan_actions[22m | Scroll_1.fbx[39m[0m
[  39% ] [90m[1m_update_scan_actions[22m | Scroll_1.gltf[39m[0m
[  39% ] [90m[1m_update_scan_actions[22m | Scroll_2.fbx[39m[0m
[  39% ] [90m[1m_update_scan_actions[22m | Scroll_2.gltf[39m[0m
[  39% ] [90m[1m_update_scan_actions[22m | Shelf_Arch.fbx[39m[0m
[  39% ] [90m[1m_update_scan_actions[22m | Shelf_Arch.gltf[39m[0m
[  39% ] [90m[1m_update_scan_actions[22m | Shelf_Simple.fbx[39m[0m
[  39% ] [90m[1m_update_scan_actions[22m | Shelf_Simple.gltf[39m[0m
[  39% ] [90m[1m_update_scan_actions[22m | Shelf_Small_Bottles.fbx[39m[0m
[  40% ] [90m[1m_update_scan_actions[22m | Shelf_Small_Bottles.gltf[39m[0m
[  40% ] [90m[1m_update_scan_actions[22m | Shield_Wooden.fbx[39m[0m
[  40% ] [90m[1m_update_scan_actions[22m | Shield_Wooden.gltf[39m[0m
[  40% ] [90m[1m_update_scan_actions[22m | shrine.gltf[39m[0m
[  40% ] [90m[1m_update_scan_actions[22m | shrine_candles.gltf[39m[0m
[  40% ] [90m[1m_update_scan_actions[22m | skull.gltf[39m[0m
[  40% ] [90m[1m_update_scan_actions[22m | skull_candle.gltf[39m[0m
[  40% ] [90m[1m_update_scan_actions[22m | SmallBottle.fbx[39m[0m
[  40% ] [90m[1m_update_scan_actions[22m | SmallBottle.gltf[39m[0m
[  40% ] [90m[1m_update_scan_actions[22m | SmallBottles_1.fbx[39m[0m
[  40% ] [90m[1m_update_scan_actions[22m | SmallBottles_1.gltf[39m[0m
[  40% ] [90m[1m_update_scan_actions[22m | Stall_Cart_Empty.fbx[39m[0m
[  41% ] [90m[1m_update_scan_actions[22m | Stall_Cart_Empty.gltf[39m[0m
[  41% ] [90m[1m_update_scan_actions[22m | Stall_Empty.fbx[39m[0m
[  41% ] [90m[1m_update_scan_actions[22m | Stall_Empty.gltf[39m[0m
[  41% ] [90m[1m_update_scan_actions[22m | Stool.fbx[39m[0m
[  41% ] [90m[1m_update_scan_actions[22m | Stool.gltf[39m[0m
[  41% ] [90m[1m_update_scan_actions[22m | Sword_Bronze.fbx[39m[0m
[  41% ] [90m[1m_update_scan_actions[22m | Sword_Bronze.gltf[39m[0m
[  41% ] [90m[1m_update_scan_actions[22m | Table_Fork.fbx[39m[0m
[  41% ] [90m[1m_update_scan_actions[22m | Table_Fork.gltf[39m[0m
[  41% ] [90m[1m_update_scan_actions[22m | Table_Knife.fbx[39m[0m
[  41% ] [90m[1m_update_scan_actions[22m | Table_Knife.gltf[39m[0m
[  41% ] [90m[1m_update_scan_actions[22m | Table_Large.fbx[39m[0m
[  41% ] [90m[1m_update_scan_actions[22m | Table_Large.gltf[39m[0m
[  42% ] [90m[1m_update_scan_actions[22m | Table_Plate.fbx[39m[0m
[  42% ] [90m[1m_update_scan_actions[22m | Table_Plate.gltf[39m[0m
[  42% ] [90m[1m_update_scan_actions[22m | Table_Spoon.fbx[39m[0m
[  42% ] [90m[1m_update_scan_actions[22m | Table_Spoon.gltf[39m[0m
[  42% ] [90m[1m_update_scan_actions[22m | Torch_Metal.fbx[39m[0m
[  42% ] [90m[1m_update_scan_actions[22m | Torch_Metal.gltf[39m[0m
[  42% ] [90m[1m_update_scan_actions[22m | tree_dead_large.gltf[39m[0m
[  42% ] [90m[1m_update_scan_actions[22m | tree_dead_large_decorated.gltf[39m[0m
[  42% ] [90m[1m_update_scan_actions[22m | tree_dead_medium.gltf[39m[0m
[  42% ] [90m[1m_update_scan_actions[22m | tree_dead_small.gltf[39m[0m
[  42% ] [90m[1m_update_scan_actions[22m | tree_pine_orange_large.gltf[39m[0m
[  42% ] [90m[1m_update_scan_actions[22m | tree_pine_orange_medium.gltf[39m[0m
[  43% ] [90m[1m_update_scan_actions[22m | tree_pine_orange_small.gltf[39m[0m
[  43% ] [90m[1m_update_scan_actions[22m | tree_pine_yellow_large.gltf[39m[0m
[  43% ] [90m[1m_update_scan_actions[22m | tree_pine_yellow_medium.gltf[39m[0m
[  43% ] [90m[1m_update_scan_actions[22m | tree_pine_yellow_small.gltf[39m[0m
[  43% ] [90m[1m_update_scan_actions[22m | T_Page_Noise.png[39m[0m
[  43% ] [90m[1m_update_scan_actions[22m | T_Trim_Cloth_BaseColor.png[39m[0m
[  43% ] [90m[1m_update_scan_actions[22m | T_Trim_Cloth_Normal.png[39m[0m
[  43% ] [90m[1m_update_scan_actions[22m | T_Trim_Cloth_ORM.png[39m[0m
[  43% ] [90m[1m_update_scan_actions[22m | T_Trim_Furniture_BaseColor.png[39m[0m
[  43% ] [90m[1m_update_scan_actions[22m | T_Trim_Furniture_Normal.png[39m[0m
[  43% ] [90m[1m_update_scan_actions[22m | T_Trim_Furniture_ORM.png[39m[0m
[  43% ] [90m[1m_update_scan_actions[22m | T_Trim_Metal_BaseColor.png[39m[0m
[  44% ] [90m[1m_update_scan_actions[22m | T_Trim_Metal_Normal.png[39m[0m
[  44% ] [90m[1m_update_scan_actions[22m | T_Trim_Metal_ORM.png[39m[0m
[  44% ] [90m[1m_update_scan_actions[22m | T_Trim_Props_BaseColor.png[39m[0m
[  44% ] [90m[1m_update_scan_actions[22m | T_Trim_Props_Normal.png[39m[0m
[  44% ] [90m[1m_update_scan_actions[22m | T_Trim_Props_ORM.png[39m[0m
[  44% ] [90m[1m_update_scan_actions[22m | Vase_2.fbx[39m[0m
[  44% ] [90m[1m_update_scan_actions[22m | Vase_2.gltf[39m[0m
[  44% ] [90m[1m_update_scan_actions[22m | Vase_4.fbx[39m[0m
[  44% ] [90m[1m_update_scan_actions[22m | Vase_4.gltf[39m[0m
[  44% ] [90m[1m_update_scan_actions[22m | Vase_Rubble_Medium.fbx[39m[0m
[  44% ] [90m[1m_update_scan_actions[22m | Vase_Rubble_Medium.gltf[39m[0m
[  44% ] [90m[1m_update_scan_actions[22m | WeaponStand.fbx[39m[0m
[  44% ] [90m[1m_update_scan_actions[22m | WeaponStand.gltf[39m[0m
[  45% ] [90m[1m_update_scan_actions[22m | Whetstone.fbx[39m[0m
[  45% ] [90m[1m_update_scan_actions[22m | Whetstone.gltf[39m[0m
[  45% ] [90m[1m_update_scan_actions[22m | Workbench.fbx[39m[0m
[  45% ] [90m[1m_update_scan_actions[22m | Workbench.gltf[39m[0m
[  45% ] [90m[1m_update_scan_actions[22m | Workbench_Drawers.fbx[39m[0m
[  45% ] [90m[1m_update_scan_actions[22m | Workbench_Drawers.gltf[39m[0m
[  45% ] [90m[1m_update_scan_actions[22m | Balcony_Cross_Corner.fbx[39m[0m
[  45% ] [90m[1m_update_scan_actions[22m | Balcony_Cross_Corner.gltf[39m[0m
[  45% ] [90m[1m_update_scan_actions[22m | Balcony_Cross_Straight.fbx[39m[0m
[  45% ] [90m[1m_update_scan_actions[22m | Balcony_Cross_Straight.gltf[39m[0m
[  45% ] [90m[1m_update_scan_actions[22m | Balcony_Simple_Corner.fbx[39m[0m
[  45% ] [90m[1m_update_scan_actions[22m | Balcony_Simple_Corner.gltf[39m[0m
[  46% ] [90m[1m_update_scan_actions[22m | Balcony_Simple_Straight.fbx[39m[0m
[  46% ] [90m[1m_update_scan_actions[22m | Balcony_Simple_Straight.gltf[39m[0m
[  46% ] [90m[1m_update_scan_actions[22m | barrel.gltf[39m[0m
[  46% ] [90m[1m_update_scan_actions[22m | base.gltf[39m[0m
[  46% ] [90m[1m_update_scan_actions[22m | bench.gltf[39m[0m
[  46% ] [90m[1m_update_scan_actions[22m | box_A.gltf[39m[0m
[  46% ] [90m[1m_update_scan_actions[22m | box_B.gltf[39m[0m
[  46% ] [90m[1m_update_scan_actions[22m | bucket_arrows.gltf[39m[0m
[  46% ] [90m[1m_update_scan_actions[22m | bucket_empty.gltf[39m[0m
[  46% ] [90m[1m_update_scan_actions[22m | bucket_water.gltf[39m[0m
[  46% ] [90m[1m_update_scan_actions[22m | building_A.gltf[39m[0m
[  46% ] [90m[1m_update_scan_actions[22m | building_archeryrange_blue.gltf[39m[0m
[  47% ] [90m[1m_update_scan_actions[22m | building_archeryrange_green.gltf[39m[0m
[  47% ] [90m[1m_update_scan_actions[22m | building_archeryrange_red.gltf[39m[0m
[  47% ] [90m[1m_update_scan_actions[22m | building_archeryrange_yellow.gltf[39m[0m
[  47% ] [90m[1m_update_scan_actions[22m | building_A_withoutBase.gltf[39m[0m
[  47% ] [90m[1m_update_scan_actions[22m | building_B.gltf[39m[0m
[  47% ] [90m[1m_update_scan_actions[22m | building_barracks_blue.gltf[39m[0m
[  47% ] [90m[1m_update_scan_actions[22m | building_barracks_green.gltf[39m[0m
[  47% ] [90m[1m_update_scan_actions[22m | building_barracks_red.gltf[39m[0m
[  47% ] [90m[1m_update_scan_actions[22m | building_barracks_yellow.gltf[39m[0m
[  47% ] [90m[1m_update_scan_actions[22m | building_blacksmith_blue.gltf[39m[0m
[  47% ] [90m[1m_update_scan_actions[22m | building_blacksmith_green.gltf[39m[0m
[  47% ] [90m[1m_update_scan_actions[22m | building_blacksmith_red.gltf[39m[0m
[  47% ] [90m[1m_update_scan_actions[22m | building_blacksmith_yellow.gltf[39m[0m
[  48% ] [90m[1m_update_scan_actions[22m | building_bridge_A.gltf[39m[0m
[  48% ] [90m[1m_update_scan_actions[22m | building_bridge_B.gltf[39m[0m
[  48% ] [90m[1m_update_scan_actions[22m | building_B_withoutBase.gltf[39m[0m
[  48% ] [90m[1m_update_scan_actions[22m | building_C.gltf[39m[0m
[  48% ] [90m[1m_update_scan_actions[22m | building_castle_blue.gltf[39m[0m
[  48% ] [90m[1m_update_scan_actions[22m | building_castle_green.gltf[39m[0m
[  48% ] [90m[1m_update_scan_actions[22m | building_castle_red.gltf[39m[0m
[  48% ] [90m[1m_update_scan_actions[22m | building_castle_yellow.gltf[39m[0m
[  48% ] [90m[1m_update_scan_actions[22m | building_church_blue.gltf[39m[0m
[  48% ] [90m[1m_update_scan_actions[22m | building_church_green.gltf[39m[0m
[  48% ] [90m[1m_update_scan_actions[22m | building_church_red.gltf[39m[0m
[  48% ] [90m[1m_update_scan_actions[22m | building_church_yellow.gltf[39m[0m
[  49% ] [90m[1m_update_scan_actions[22m | building_C_withoutBase.gltf[39m[0m
[  49% ] [90m[1m_update_scan_actions[22m | building_D.gltf[39m[0m
[  49% ] [90m[1m_update_scan_actions[22m | building_destroyed.gltf[39m[0m
[  49% ] [90m[1m_update_scan_actions[22m | building_dirt.gltf[39m[0m
[  49% ] [90m[1m_update_scan_actions[22m | building_D_withoutBase.gltf[39m[0m
[  49% ] [90m[1m_update_scan_actions[22m | building_E.gltf[39m[0m
[  49% ] [90m[1m_update_scan_actions[22m | building_E_withoutBase.gltf[39m[0m
[  49% ] [90m[1m_update_scan_actions[22m | building_F.gltf[39m[0m
[  49% ] [90m[1m_update_scan_actions[22m | building_F_withoutBase.gltf[39m[0m
[  49% ] [90m[1m_update_scan_actions[22m | building_G.gltf[39m[0m
[  49% ] [90m[1m_update_scan_actions[22m | building_grain.gltf[39m[0m
[  49% ] [90m[1m_update_scan_actions[22m | building_G_withoutBase.gltf[39m[0m
[  50% ] [90m[1m_update_scan_actions[22m | building_H.gltf[39m[0m
[  50% ] [90m[1m_update_scan_actions[22m | building_home_A_blue.gltf[39m[0m
[  50% ] [90m[1m_update_scan_actions[22m | building_home_A_green.gltf[39m[0m
[  50% ] [90m[1m_update_scan_actions[22m | building_home_A_red.gltf[39m[0m
[  50% ] [90m[1m_update_scan_actions[22m | building_home_A_yellow.gltf[39m[0m
[  50% ] [90m[1m_update_scan_actions[22m | building_home_B_blue.gltf[39m[0m
[  50% ] [90m[1m_update_scan_actions[22m | building_home_B_green.gltf[39m[0m
[  50% ] [90m[1m_update_scan_actions[22m | building_home_B_red.gltf[39m[0m
[  50% ] [90m[1m_update_scan_actions[22m | building_home_B_yellow.gltf[39m[0m
[  50% ] [90m[1m_update_scan_actions[22m | building_H_withoutBase.gltf[39m[0m
[  50% ] [90m[1m_update_scan_actions[22m | building_lumbermill_blue.gltf[39m[0m
[  50% ] [90m[1m_update_scan_actions[22m | building_lumbermill_green.gltf[39m[0m
[  50% ] [90m[1m_update_scan_actions[22m | building_lumbermill_red.gltf[39m[0m
[  51% ] [90m[1m_update_scan_actions[22m | building_lumbermill_yellow.gltf[39m[0m
[  51% ] [90m[1m_update_scan_actions[22m | building_market_blue.gltf[39m[0m
[  51% ] [90m[1m_update_scan_actions[22m | building_market_green.gltf[39m[0m
[  51% ] [90m[1m_update_scan_actions[22m | building_market_red.gltf[39m[0m
[  51% ] [90m[1m_update_scan_actions[22m | building_market_yellow.gltf[39m[0m
[  51% ] [90m[1m_update_scan_actions[22m | building_mine_blue.gltf[39m[0m
[  51% ] [90m[1m_update_scan_actions[22m | building_mine_green.gltf[39m[0m
[  51% ] [90m[1m_update_scan_actions[22m | building_mine_red.gltf[39m[0m
[  51% ] [90m[1m_update_scan_actions[22m | building_mine_yellow.gltf[39m[0m
[  51% ] [90m[1m_update_scan_actions[22m | building_scaffolding.gltf[39m[0m
[  51% ] [90m[1m_update_scan_actions[22m | building_stage_A.gltf[39m[0m
[  51% ] [90m[1m_update_scan_actions[22m | building_stage_B.gltf[39m[0m
[  52% ] [90m[1m_update_scan_actions[22m | building_stage_C.gltf[39m[0m
[  52% ] [90m[1m_update_scan_actions[22m | building_tavern_blue.gltf[39m[0m
[  52% ] [90m[1m_update_scan_actions[22m | building_tavern_green.gltf[39m[0m
[  52% ] [90m[1m_update_scan_actions[22m | building_tavern_red.gltf[39m[0m
[  52% ] [90m[1m_update_scan_actions[22m | building_tavern_yellow.gltf[39m[0m
[  52% ] [90m[1m_update_scan_actions[22m | building_tower_A_blue.gltf[39m[0m
[  52% ] [90m[1m_update_scan_actions[22m | building_tower_A_green.gltf[39m[0m
[  52% ] [90m[1m_update_scan_actions[22m | building_tower_A_red.gltf[39m[0m
[  52% ] [90m[1m_update_scan_actions[22m | building_tower_A_yellow.gltf[39m[0m
[  52% ] [90m[1m_update_scan_actions[22m | building_tower_base_blue.gltf[39m[0m
[  52% ] [90m[1m_update_scan_actions[22m | building_tower_base_green.gltf[39m[0m
[  52% ] [90m[1m_update_scan_actions[22m | building_tower_base_red.gltf[39m[0m
[  52% ] [90m[1m_update_scan_actions[22m | building_tower_base_yellow.gltf[39m[0m
[  53% ] [90m[1m_update_scan_actions[22m | building_tower_B_blue.gltf[39m[0m
[  53% ] [90m[1m_update_scan_actions[22m | building_tower_B_green.gltf[39m[0m
[  53% ] [90m[1m_update_scan_actions[22m | building_tower_B_red.gltf[39m[0m
[  53% ] [90m[1m_update_scan_actions[22m | building_tower_B_yellow.gltf[39m[0m
[  53% ] [90m[1m_update_scan_actions[22m | building_tower_catapult_blue.gltf[39m[0m
[  53% ] [90m[1m_update_scan_actions[22m | building_tower_catapult_green.gltf[39m[0m
[  53% ] [90m[1m_update_scan_actions[22m | building_tower_catapult_red.gltf[39m[0m
[  53% ] [90m[1m_update_scan_actions[22m | building_tower_catapult_yellow.gltf[39m[0m
[  53% ] [90m[1m_update_scan_actions[22m | building_watermill_blue.gltf[39m[0m
[  53% ] [90m[1m_update_scan_actions[22m | building_watermill_green.gltf[39m[0m
[  53% ] [90m[1m_update_scan_actions[22m | building_watermill_red.gltf[39m[0m
[  53% ] [90m[1m_update_scan_actions[22m | building_watermill_yellow.gltf[39m[0m
[  54% ] [90m[1m_update_scan_actions[22m | building_well_blue.gltf[39m[0m
[  54% ] [90m[1m_update_scan_actions[22m | building_well_green.gltf[39m[0m
[  54% ] [90m[1m_update_scan_actions[22m | building_well_red.gltf[39m[0m
[  54% ] [90m[1m_update_scan_actions[22m | building_well_yellow.gltf[39m[0m
[  54% ] [90m[1m_update_scan_actions[22m | building_windmill_blue.gltf[39m[0m
[  54% ] [90m[1m_update_scan_actions[22m | building_windmill_green.gltf[39m[0m
[  54% ] [90m[1m_update_scan_actions[22m | building_windmill_red.gltf[39m[0m
[  54% ] [90m[1m_update_scan_actions[22m | building_windmill_yellow.gltf[39m[0m
[  54% ] [90m[1m_update_scan_actions[22m | bush.gltf[39m[0m
[  54% ] [90m[1m_update_scan_actions[22m | car_hatchback.gltf[39m[0m
[  54% ] [90m[1m_update_scan_actions[22m | car_police.gltf[39m[0m
[  54% ] [90m[1m_update_scan_actions[22m | car_sedan.gltf[39m[0m
[  55% ] [90m[1m_update_scan_actions[22m | car_stationwagon.gltf[39m[0m
[  55% ] [90m[1m_update_scan_actions[22m | car_taxi.gltf[39m[0m
[  55% ] [90m[1m_update_scan_actions[22m | citybits_texture.png[39m[0m
[  55% ] [90m[1m_update_scan_actions[22m | cloud_big.gltf[39m[0m
[  55% ] [90m[1m_update_scan_actions[22m | cloud_small.gltf[39m[0m
[  55% ] [90m[1m_update_scan_actions[22m | Corner_ExteriorWide_Brick.fbx[39m[0m
[  55% ] [90m[1m_update_scan_actions[22m | Corner_ExteriorWide_Brick.gltf[39m[0m
[  55% ] [90m[1m_update_scan_actions[22m | Corner_ExteriorWide_Wood.fbx[39m[0m
[  55% ] [90m[1m_update_scan_actions[22m | Corner_ExteriorWide_Wood.gltf[39m[0m
[  55% ] [90m[1m_update_scan_actions[22m | Corner_Exterior_Brick.fbx[39m[0m
[  55% ] [90m[1m_update_scan_actions[22m | Corner_Exterior_Brick.gltf[39m[0m
[  55% ] [90m[1m_update_scan_actions[22m | Corner_Exterior_TopDown.fbx[39m[0m
[  55% ] [90m[1m_update_scan_actions[22m | Corner_Exterior_TopDown.gltf[39m[0m
[  56% ] [90m[1m_update_scan_actions[22m | Corner_Exterior_TopOnly.fbx[39m[0m
[  56% ] [90m[1m_update_scan_actions[22m | Corner_Exterior_TopOnly.gltf[39m[0m
[  56% ] [90m[1m_update_scan_actions[22m | Corner_Exterior_Wood.fbx[39m[0m
[  56% ] [90m[1m_update_scan_actions[22m | Corner_Exterior_Wood.gltf[39m[0m
[  56% ] [90m[1m_update_scan_actions[22m | Corner_Interior_Big.fbx[39m[0m
[  56% ] [90m[1m_update_scan_actions[22m | Corner_Interior_Big.gltf[39m[0m
[  56% ] [90m[1m_update_scan_actions[22m | Corner_Interior_Small.fbx[39m[0m
[  56% ] [90m[1m_update_scan_actions[22m | Corner_Interior_Small.gltf[39m[0m
[  56% ] [90m[1m_update_scan_actions[22m | crate_A_big.gltf[39m[0m
[  56% ] [90m[1m_update_scan_actions[22m | crate_A_small.gltf[39m[0m
[  56% ] [90m[1m_update_scan_actions[22m | crate_B_big.gltf[39m[0m
[  56% ] [90m[1m_update_scan_actions[22m | crate_B_small.gltf[39m[0m
[  57% ] [90m[1m_update_scan_actions[22m | crate_long_A.gltf[39m[0m
[  57% ] [90m[1m_update_scan_actions[22m | crate_long_B.gltf[39m[0m
[  57% ] [90m[1m_update_scan_actions[22m | crate_long_C.gltf[39m[0m
[  57% ] [90m[1m_update_scan_actions[22m | crate_long_empty.gltf[39m[0m
[  57% ] [90m[1m_update_scan_actions[22m | crate_open.gltf[39m[0m
[  57% ] [90m[1m_update_scan_actions[22m | DoorFrame_Flat_Brick.fbx[39m[0m
[  57% ] [90m[1m_update_scan_actions[22m | DoorFrame_Flat_Brick.gltf[39m[0m
[  57% ] [90m[1m_update_scan_actions[22m | DoorFrame_Flat_WoodDark.fbx[39m[0m
[  57% ] [90m[1m_update_scan_actions[22m | DoorFrame_Flat_WoodDark.gltf[39m[0m
[  57% ] [90m[1m_update_scan_actions[22m | DoorFrame_Round_Brick.fbx[39m[0m
[  57% ] [90m[1m_update_scan_actions[22m | DoorFrame_Round_Brick.gltf[39m[0m
[  57% ] [90m[1m_update_scan_actions[22m | DoorFrame_Round_WoodDark.fbx[39m[0m
[  58% ] [90m[1m_update_scan_actions[22m | DoorFrame_Round_WoodDark.gltf[39m[0m
[  58% ] [90m[1m_update_scan_actions[22m | Door_1_Flat.fbx[39m[0m
[  58% ] [90m[1m_update_scan_actions[22m | Door_1_Flat.gltf[39m[0m
[  58% ] [90m[1m_update_scan_actions[22m | Door_1_Round.fbx[39m[0m
[  58% ] [90m[1m_update_scan_actions[22m | Door_1_Round.gltf[39m[0m
[  58% ] [90m[1m_update_scan_actions[22m | Door_2_Flat.fbx[39m[0m
[  58% ] [90m[1m_update_scan_actions[22m | Door_2_Flat.gltf[39m[0m
[  58% ] [90m[1m_update_scan_actions[22m | Door_2_Round.fbx[39m[0m
[  58% ] [90m[1m_update_scan_actions[22m | Door_2_Round.gltf[39m[0m
[  58% ] [90m[1m_update_scan_actions[22m | Door_4_Flat.fbx[39m[0m
[  58% ] [90m[1m_update_scan_actions[22m | Door_4_Flat.gltf[39m[0m
[  58% ] [90m[1m_update_scan_actions[22m | Door_4_Round.fbx[39m[0m
[  58% ] [90m[1m_update_scan_actions[22m | Door_4_Round.gltf[39m[0m
[  59% ] [90m[1m_update_scan_actions[22m | Door_8_Flat.fbx[39m[0m
[  59% ] [90m[1m_update_scan_actions[22m | Door_8_Flat.gltf[39m[0m
[  59% ] [90m[1m_update_scan_actions[22m | Door_8_Round.fbx[39m[0m
[  59% ] [90m[1m_update_scan_actions[22m | Door_8_Round.gltf[39m[0m
[  59% ] [90m[1m_update_scan_actions[22m | dumpster.gltf[39m[0m
[  59% ] [90m[1m_update_scan_actions[22m | fence_stone_straight.gltf[39m[0m
[  59% ] [90m[1m_update_scan_actions[22m | fence_stone_straight_gate.gltf[39m[0m
[  59% ] [90m[1m_update_scan_actions[22m | fence_wood_straight.gltf[39m[0m
[  59% ] [90m[1m_update_scan_actions[22m | fence_wood_straight_gate.gltf[39m[0m
[  59% ] [90m[1m_update_scan_actions[22m | firehydrant.gltf[39m[0m
[  59% ] [90m[1m_update_scan_actions[22m | flag_blue.gltf[39m[0m
[  59% ] [90m[1m_update_scan_actions[22m | flag_green.gltf[39m[0m
[  60% ] [90m[1m_update_scan_actions[22m | flag_red.gltf[39m[0m
[  60% ] [90m[1m_update_scan_actions[22m | flag_yellow.gltf[39m[0m
[  60% ] [90m[1m_update_scan_actions[22m | Floor_Brick.fbx[39m[0m
[  60% ] [90m[1m_update_scan_actions[22m | Floor_Brick.gltf[39m[0m
[  60% ] [90m[1m_update_scan_actions[22m | Floor_RedBrick.fbx[39m[0m
[  60% ] [90m[1m_update_scan_actions[22m | Floor_RedBrick.gltf[39m[0m
[  60% ] [90m[1m_update_scan_actions[22m | Floor_UnevenBrick.fbx[39m[0m
[  60% ] [90m[1m_update_scan_actions[22m | Floor_UnevenBrick.gltf[39m[0m
[  60% ] [90m[1m_update_scan_actions[22m | Floor_WoodDark.fbx[39m[0m
[  60% ] [90m[1m_update_scan_actions[22m | Floor_WoodDark.gltf[39m[0m
[  60% ] [90m[1m_update_scan_actions[22m | Floor_WoodDark_Half1.fbx[39m[0m
[  60% ] [90m[1m_update_scan_actions[22m | Floor_WoodDark_Half1.gltf[39m[0m
[  61% ] [90m[1m_update_scan_actions[22m | Floor_WoodDark_Half2.fbx[39m[0m
[  61% ] [90m[1m_update_scan_actions[22m | Floor_WoodDark_Half2.gltf[39m[0m
[  61% ] [90m[1m_update_scan_actions[22m | Floor_WoodDark_Half3.fbx[39m[0m
[  61% ] [90m[1m_update_scan_actions[22m | Floor_WoodDark_Half3.gltf[39m[0m
[  61% ] [90m[1m_update_scan_actions[22m | Floor_WoodDark_OverhangCorner2.fbx[39m[0m
[  61% ] [90m[1m_update_scan_actions[22m | Floor_WoodDark_OverhangCorner2.gltf[39m[0m
[  61% ] [90m[1m_update_scan_actions[22m | Floor_WoodDark_OverhangCorner.fbx[39m[0m
[  61% ] [90m[1m_update_scan_actions[22m | Floor_WoodDark_OverhangCorner.gltf[39m[0m
[  61% ] [90m[1m_update_scan_actions[22m | Floor_WoodLight.fbx[39m[0m
[  61% ] [90m[1m_update_scan_actions[22m | Floor_WoodLight.gltf[39m[0m
[  61% ] [90m[1m_update_scan_actions[22m | Floor_WoodLight_OverhangCorner2.fbx[39m[0m
[  61% ] [90m[1m_update_scan_actions[22m | Floor_WoodLight_OverhangCorner2.gltf[39m[0m
[  61% ] [90m[1m_update_scan_actions[22m | Floor_WoodLight_OverhangCorner.fbx[39m[0m
[  62% ] [90m[1m_update_scan_actions[22m | Floor_WoodLight_OverhangCorner.gltf[39m[0m
[  62% ] [90m[1m_update_scan_actions[22m | hexagons_medieval.png[39m[0m
[  62% ] [90m[1m_update_scan_actions[22m | hex_coast_A.gltf[39m[0m
[  62% ] [90m[1m_update_scan_actions[22m | hex_coast_A_waterless.gltf[39m[0m
[  62% ] [90m[1m_update_scan_actions[22m | hex_coast_B.gltf[39m[0m
[  62% ] [90m[1m_update_scan_actions[22m | hex_coast_B_waterless.gltf[39m[0m
[  62% ] [90m[1m_update_scan_actions[22m | hex_coast_C.gltf[39m[0m
[  62% ] [90m[1m_update_scan_actions[22m | hex_coast_C_waterless.gltf[39m[0m
[  62% ] [90m[1m_update_scan_actions[22m | hex_coast_D.gltf[39m[0m
[  62% ] [90m[1m_update_scan_actions[22m | hex_coast_D_waterless.gltf[39m[0m
[  62% ] [90m[1m_update_scan_actions[22m | hex_coast_E.gltf[39m[0m
[  62% ] [90m[1m_update_scan_actions[22m | hex_coast_E_waterless.gltf[39m[0m
[  63% ] [90m[1m_update_scan_actions[22m | hex_grass.gltf[39m[0m
[  63% ] [90m[1m_update_scan_actions[22m | hex_grass_bottom.gltf[39m[0m
[  63% ] [90m[1m_update_scan_actions[22m | hex_grass_sloped_high.gltf[39m[0m
[  63% ] [90m[1m_update_scan_actions[22m | hex_grass_sloped_low.gltf[39m[0m
[  63% ] [90m[1m_update_scan_actions[22m | hex_river_A.gltf[39m[0m
[  63% ] [90m[1m_update_scan_actions[22m | hex_river_A_curvy.gltf[39m[0m
[  63% ] [90m[1m_update_scan_actions[22m | hex_river_A_curvy_waterless.gltf[39m[0m
[  63% ] [90m[1m_update_scan_actions[22m | hex_river_A_waterless.gltf[39m[0m
[  63% ] [90m[1m_update_scan_actions[22m | hex_river_B.gltf[39m[0m
[  63% ] [90m[1m_update_scan_actions[22m | hex_river_B_waterless.gltf[39m[0m
[  63% ] [90m[1m_update_scan_actions[22m | hex_river_C.gltf[39m[0m
[  63% ] [90m[1m_update_scan_actions[22m | hex_river_crossing_A.gltf[39m[0m
[  63% ] [90m[1m_update_scan_actions[22m | hex_river_crossing_A_waterless.gltf[39m[0m
[  64% ] [90m[1m_update_scan_actions[22m | hex_river_crossing_B.gltf[39m[0m
[  64% ] [90m[1m_update_scan_actions[22m | hex_river_crossing_B_waterless.gltf[39m[0m
[  64% ] [90m[1m_update_scan_actions[22m | hex_river_C_waterless.gltf[39m[0m
[  64% ] [90m[1m_update_scan_actions[22m | hex_river_D.gltf[39m[0m
[  64% ] [90m[1m_update_scan_actions[22m | hex_river_D_waterless.gltf[39m[0m
[  64% ] [90m[1m_update_scan_actions[22m | hex_river_E.gltf[39m[0m
[  64% ] [90m[1m_update_scan_actions[22m | hex_river_E_waterless.gltf[39m[0m
[  64% ] [90m[1m_update_scan_actions[22m | hex_river_F.gltf[39m[0m
[  64% ] [90m[1m_update_scan_actions[22m | hex_river_F_waterless.gltf[39m[0m
[  64% ] [90m[1m_update_scan_actions[22m | hex_river_G.gltf[39m[0m
[  64% ] [90m[1m_update_scan_actions[22m | hex_river_G_waterless.gltf[39m[0m
[  64% ] [90m[1m_update_scan_actions[22m | hex_river_H.gltf[39m[0m
[  65% ] [90m[1m_update_scan_actions[22m | hex_river_H_waterless.gltf[39m[0m
[  65% ] [90m[1m_update_scan_actions[22m | hex_river_I.gltf[39m[0m
[  65% ] [90m[1m_update_scan_actions[22m | hex_river_I_waterless.gltf[39m[0m
[  65% ] [90m[1m_update_scan_actions[22m | hex_river_J.gltf[39m[0m
[  65% ] [90m[1m_update_scan_actions[22m | hex_river_J_waterless.gltf[39m[0m
[  65% ] [90m[1m_update_scan_actions[22m | hex_river_K.gltf[39m[0m
[  65% ] [90m[1m_update_scan_actions[22m | hex_river_K_waterless.gltf[39m[0m
[  65% ] [90m[1m_update_scan_actions[22m | hex_river_L.gltf[39m[0m
[  65% ] [90m[1m_update_scan_actions[22m | hex_river_L_waterless.gltf[39m[0m
[  65% ] [90m[1m_update_scan_actions[22m | hex_road_A.gltf[39m[0m
[  65% ] [90m[1m_update_scan_actions[22m | hex_road_A_sloped_high.gltf[39m[0m
[  65% ] [90m[1m_update_scan_actions[22m | hex_road_A_sloped_low.gltf[39m[0m
[  66% ] [90m[1m_update_scan_actions[22m | hex_road_B.gltf[39m[0m
[  66% ] [90m[1m_update_scan_actions[22m | hex_road_C.gltf[39m[0m
[  66% ] [90m[1m_update_scan_actions[22m | hex_road_D.gltf[39m[0m
[  66% ] [90m[1m_update_scan_actions[22m | hex_road_E.gltf[39m[0m
[  66% ] [90m[1m_update_scan_actions[22m | hex_road_F.gltf[39m[0m
[  66% ] [90m[1m_update_scan_actions[22m | hex_road_G.gltf[39m[0m
[  66% ] [90m[1m_update_scan_actions[22m | hex_road_H.gltf[39m[0m
[  66% ] [90m[1m_update_scan_actions[22m | hex_road_I.gltf[39m[0m
[  66% ] [90m[1m_update_scan_actions[22m | hex_road_J.gltf[39m[0m
[  66% ] [90m[1m_update_scan_actions[22m | hex_road_K.gltf[39m[0m
[  66% ] [90m[1m_update_scan_actions[22m | hex_road_L.gltf[39m[0m
[  66% ] [90m[1m_update_scan_actions[22m | hex_road_M.gltf[39m[0m
[  66% ] [90m[1m_update_scan_actions[22m | hex_water.gltf[39m[0m
[  67% ] [90m[1m_update_scan_actions[22m | hills_A.gltf[39m[0m
[  67% ] [90m[1m_update_scan_actions[22m | hills_A_trees.gltf[39m[0m
[  67% ] [90m[1m_update_scan_actions[22m | hills_B.gltf[39m[0m
[  67% ] [90m[1m_update_scan_actions[22m | hills_B_trees.gltf[39m[0m
[  67% ] [90m[1m_update_scan_actions[22m | hills_C.gltf[39m[0m
[  67% ] [90m[1m_update_scan_actions[22m | hills_C_trees.gltf[39m[0m
[  67% ] [90m[1m_update_scan_actions[22m | hill_single_A.gltf[39m[0m
[  67% ] [90m[1m_update_scan_actions[22m | hill_single_B.gltf[39m[0m
[  67% ] [90m[1m_update_scan_actions[22m | hill_single_C.gltf[39m[0m
[  67% ] [90m[1m_update_scan_actions[22m | HoleCover_90Angle.fbx[39m[0m
[  67% ] [90m[1m_update_scan_actions[22m | HoleCover_90Angle.gltf[39m[0m
[  67% ] [90m[1m_update_scan_actions[22m | HoleCover_90Half.fbx[39m[0m
[  68% ] [90m[1m_update_scan_actions[22m | HoleCover_90Half.gltf[39m[0m
[  68% ] [90m[1m_update_scan_actions[22m | HoleCover_90Stairs.fbx[39m[0m
[  68% ] [90m[1m_update_scan_actions[22m | HoleCover_90Stairs.gltf[39m[0m
[  68% ] [90m[1m_update_scan_actions[22m | HoleCover_Straight.fbx[39m[0m
[  68% ] [90m[1m_update_scan_actions[22m | HoleCover_Straight.gltf[39m[0m
[  68% ] [90m[1m_update_scan_actions[22m | HoleCover_StraightHalf.fbx[39m[0m
[  68% ] [90m[1m_update_scan_actions[22m | HoleCover_StraightHalf.gltf[39m[0m
[  68% ] [90m[1m_update_scan_actions[22m | ladder.gltf[39m[0m
[  68% ] [90m[1m_update_scan_actions[22m | mountain_A.gltf[39m[0m
[  68% ] [90m[1m_update_scan_actions[22m | mountain_A_grass.gltf[39m[0m
[  68% ] [90m[1m_update_scan_actions[22m | mountain_A_grass_trees.gltf[39m[0m
[  68% ] [90m[1m_update_scan_actions[22m | mountain_B.gltf[39m[0m
[  69% ] [90m[1m_update_scan_actions[22m | mountain_B_grass.gltf[39m[0m
[  69% ] [90m[1m_update_scan_actions[22m | mountain_B_grass_trees.gltf[39m[0m
[  69% ] [90m[1m_update_scan_actions[22m | mountain_C.gltf[39m[0m
[  69% ] [90m[1m_update_scan_actions[22m | mountain_C_grass.gltf[39m[0m
[  69% ] [90m[1m_update_scan_actions[22m | mountain_C_grass_trees.gltf[39m[0m
[  69% ] [90m[1m_update_scan_actions[22m | Overhang_Plaster_Corner.fbx[39m[0m
[  69% ] [90m[1m_update_scan_actions[22m | Overhang_Plaster_Corner.gltf[39m[0m
[  69% ] [90m[1m_update_scan_actions[22m | Overhang_Plaster_Corner_Front.fbx[39m[0m
[  69% ] [90m[1m_update_scan_actions[22m | Overhang_Plaster_Corner_Front.gltf[39m[0m
[  69% ] [90m[1m_update_scan_actions[22m | Overhang_Plaster_Long.fbx[39m[0m
[  69% ] [90m[1m_update_scan_actions[22m | Overhang_Plaster_Long.gltf[39m[0m
[  69% ] [90m[1m_update_scan_actions[22m | Overhang_Plaster_Short.fbx[39m[0m
[  69% ] [90m[1m_update_scan_actions[22m | Overhang_Plaster_Short.gltf[39m[0m
[  70% ] [90m[1m_update_scan_actions[22m | Overhang_RoofIncline_Plaster.fbx[39m[0m
[  70% ] [90m[1m_update_scan_actions[22m | Overhang_RoofIncline_Plaster.gltf[39m[0m
[  70% ] [90m[1m_update_scan_actions[22m | Overhang_RoofIncline_UnevenBricks.fbx[39m[0m
[  70% ] [90m[1m_update_scan_actions[22m | Overhang_RoofIncline_UnevenBricks.gltf[39m[0m
[  70% ] [90m[1m_update_scan_actions[22m | Overhang_Roof_Plaster.fbx[39m[0m
[  70% ] [90m[1m_update_scan_actions[22m | Overhang_Roof_Plaster.gltf[39m[0m
[  70% ] [90m[1m_update_scan_actions[22m | Overhang_Roof_UnevenBricks.fbx[39m[0m
[  70% ] [90m[1m_update_scan_actions[22m | Overhang_Roof_UnevenBricks.gltf[39m[0m
[  70% ] [90m[1m_update_scan_actions[22m | Overhang_Side_Plaster_Long_L.fbx[39m[0m
[  70% ] [90m[1m_update_scan_actions[22m | Overhang_Side_Plaster_Long_L.gltf[39m[0m
[  70% ] [90m[1m_update_scan_actions[22m | Overhang_Side_Plaster_Long_R.fbx[39m[0m
[  70% ] [90m[1m_update_scan_actions[22m | Overhang_Side_Plaster_Long_R.gltf[39m[0m
[  71% ] [90m[1m_update_scan_actions[22m | Overhang_Side_Plaster_Short_L.fbx[39m[0m
[  71% ] [90m[1m_update_scan_actions[22m | Overhang_Side_Plaster_Short_L.gltf[39m[0m
[  71% ] [90m[1m_update_scan_actions[22m | Overhang_Side_Plaster_Short_R.fbx[39m[0m
[  71% ] [90m[1m_update_scan_actions[22m | Overhang_Side_Plaster_Short_R.gltf[39m[0m
[  71% ] [90m[1m_update_scan_actions[22m | Overhang_Side_UnevenBrick_Long_L.fbx[39m[0m
[  71% ] [90m[1m_update_scan_actions[22m | Overhang_Side_UnevenBrick_Long_L.gltf[39m[0m
[  71% ] [90m[1m_update_scan_actions[22m | Overhang_Side_UnevenBrick_Long_R.fbx[39m[0m
[  71% ] [90m[1m_update_scan_actions[22m | Overhang_Side_UnevenBrick_Long_R.gltf[39m[0m
[  71% ] [90m[1m_update_scan_actions[22m | Overhang_Side_UnevenBrick_Short_L.fbx[39m[0m
[  71% ] [90m[1m_update_scan_actions[22m | Overhang_Side_UnevenBrick_Short_L.gltf[39m[0m
[  71% ] [90m[1m_update_scan_actions[22m | Overhang_Side_UnevenBrick_Short_R.fbx[39m[0m
[  71% ] [90m[1m_update_scan_actions[22m | Overhang_Side_UnevenBrick_Short_R.gltf[39m[0m
[  72% ] [90m[1m_update_scan_actions[22m | Overhang_UnevenBrick_Corner.fbx[39m[0m
[  72% ] [90m[1m_update_scan_actions[22m | Overhang_UnevenBrick_Corner.gltf[39m[0m
[  72% ] [90m[1m_update_scan_actions[22m | Overhang_UnevenBrick_Corner_Front.fbx[39m[0m
[  72% ] [90m[1m_update_scan_actions[22m | Overhang_UnevenBrick_Corner_Front.gltf[39m[0m
[  72% ] [90m[1m_update_scan_actions[22m | Overhang_UnevenBrick_Long.fbx[39m[0m
[  72% ] [90m[1m_update_scan_actions[22m | Overhang_UnevenBrick_Long.gltf[39m[0m
[  72% ] [90m[1m_update_scan_actions[22m | Overhang_UnevenBrick_Short.fbx[39m[0m
[  72% ] [90m[1m_update_scan_actions[22m | Overhang_UnevenBrick_Short.gltf[39m[0m
[  72% ] [90m[1m_update_scan_actions[22m | pallet.gltf[39m[0m
[  72% ] [90m[1m_update_scan_actions[22m | Preview.jpg[39m[0m
[  72% ] [90m[1m_update_scan_actions[22m | projectile_catapult.gltf[39m[0m
[  72% ] [90m[1m_update_scan_actions[22m | Prop_Brick1.fbx[39m[0m
[  72% ] [90m[1m_update_scan_actions[22m | Prop_Brick1.gltf[39m[0m
[  73% ] [90m[1m_update_scan_actions[22m | Prop_Brick2.fbx[39m[0m
[  73% ] [90m[1m_update_scan_actions[22m | Prop_Brick2.gltf[39m[0m
[  73% ] [90m[1m_update_scan_actions[22m | Prop_Brick3.fbx[39m[0m
[  73% ] [90m[1m_update_scan_actions[22m | Prop_Brick3.gltf[39m[0m
[  73% ] [90m[1m_update_scan_actions[22m | Prop_Brick4.fbx[39m[0m
[  73% ] [90m[1m_update_scan_actions[22m | Prop_Brick4.gltf[39m[0m
[  73% ] [90m[1m_update_scan_actions[22m | Prop_Chimney2.fbx[39m[0m
[  73% ] [90m[1m_update_scan_actions[22m | Prop_Chimney2.gltf[39m[0m
[  73% ] [90m[1m_update_scan_actions[22m | Prop_Chimney.fbx[39m[0m
[  73% ] [90m[1m_update_scan_actions[22m | Prop_Chimney.gltf[39m[0m
[  73% ] [90m[1m_update_scan_actions[22m | Prop_Crate.fbx[39m[0m
[  73% ] [90m[1m_update_scan_actions[22m | Prop_Crate.gltf[39m[0m
[  74% ] [90m[1m_update_scan_actions[22m | Prop_ExteriorBorder_Corner.fbx[39m[0m
[  74% ] [90m[1m_update_scan_actions[22m | Prop_ExteriorBorder_Corner.gltf[39m[0m
[  74% ] [90m[1m_update_scan_actions[22m | Prop_ExteriorBorder_Straight1.fbx[39m[0m
[  74% ] [90m[1m_update_scan_actions[22m | Prop_ExteriorBorder_Straight1.gltf[39m[0m
[  74% ] [90m[1m_update_scan_actions[22m | Prop_ExteriorBorder_Straight2.fbx[39m[0m
[  74% ] [90m[1m_update_scan_actions[22m | Prop_ExteriorBorder_Straight2.gltf[39m[0m
[  74% ] [90m[1m_update_scan_actions[22m | Prop_MetalFence_Ornament.fbx[39m[0m
[  74% ] [90m[1m_update_scan_actions[22m | Prop_MetalFence_Ornament.gltf[39m[0m
[  74% ] [90m[1m_update_scan_actions[22m | Prop_MetalFence_Simple.fbx[39m[0m
[  74% ] [90m[1m_update_scan_actions[22m | Prop_MetalFence_Simple.gltf[39m[0m
[  74% ] [90m[1m_update_scan_actions[22m | Prop_Support.fbx[39m[0m
[  74% ] [90m[1m_update_scan_actions[22m | Prop_Support.gltf[39m[0m
[  75% ] [90m[1m_update_scan_actions[22m | Prop_Vine1.fbx[39m[0m
[  75% ] [90m[1m_update_scan_actions[22m | Prop_Vine1.gltf[39m[0m
[  75% ] [90m[1m_update_scan_actions[22m | Prop_Vine2.fbx[39m[0m
[  75% ] [90m[1m_update_scan_actions[22m | Prop_Vine2.gltf[39m[0m
[  75% ] [90m[1m_update_scan_actions[22m | Prop_Vine4.fbx[39m[0m
[  75% ] [90m[1m_update_scan_actions[22m | Prop_Vine4.gltf[39m[0m
[  75% ] [90m[1m_update_scan_actions[22m | Prop_Vine5.fbx[39m[0m
[  75% ] [90m[1m_update_scan_actions[22m | Prop_Vine5.gltf[39m[0m
[  75% ] [90m[1m_update_scan_actions[22m | Prop_Vine6.fbx[39m[0m
[  75% ] [90m[1m_update_scan_actions[22m | Prop_Vine6.gltf[39m[0m
[  75% ] [90m[1m_update_scan_actions[22m | Prop_Vine9.fbx[39m[0m
[  75% ] [90m[1m_update_scan_actions[22m | Prop_Vine9.gltf[39m[0m
[  75% ] [90m[1m_update_scan_actions[22m | Prop_Wagon.fbx[39m[0m
[  76% ] [90m[1m_update_scan_actions[22m | Prop_Wagon.gltf[39m[0m
[  76% ] [90m[1m_update_scan_actions[22m | Prop_WoodenFence_Extension1.fbx[39m[0m
[  76% ] [90m[1m_update_scan_actions[22m | Prop_WoodenFence_Extension1.gltf[39m[0m
[  76% ] [90m[1m_update_scan_actions[22m | Prop_WoodenFence_Extension2.fbx[39m[0m
[  76% ] [90m[1m_update_scan_actions[22m | Prop_WoodenFence_Extension2.gltf[39m[0m
[  76% ] [90m[1m_update_scan_actions[22m | Prop_WoodenFence_Single.fbx[39m[0m
[  76% ] [90m[1m_update_scan_actions[22m | Prop_WoodenFence_Single.gltf[39m[0m
[  76% ] [90m[1m_update_scan_actions[22m | resource_lumber.gltf[39m[0m
[  76% ] [90m[1m_update_scan_actions[22m | resource_stone.gltf[39m[0m
[  76% ] [90m[1m_update_scan_actions[22m | road_corner.gltf[39m[0m
[  76% ] [90m[1m_update_scan_actions[22m | road_corner_curved.gltf[39m[0m
[  76% ] [90m[1m_update_scan_actions[22m | road_junction.gltf[39m[0m
[  77% ] [90m[1m_update_scan_actions[22m | road_straight.gltf[39m[0m
[  77% ] [90m[1m_update_scan_actions[22m | road_straight_crossing.gltf[39m[0m
[  77% ] [90m[1m_update_scan_actions[22m | road_tsplit.gltf[39m[0m
[  77% ] [90m[1m_update_scan_actions[22m | rock_single_A.gltf[39m[0m
[  77% ] [90m[1m_update_scan_actions[22m | rock_single_B.gltf[39m[0m
[  77% ] [90m[1m_update_scan_actions[22m | rock_single_C.gltf[39m[0m
[  77% ] [90m[1m_update_scan_actions[22m | rock_single_D.gltf[39m[0m
[  77% ] [90m[1m_update_scan_actions[22m | rock_single_E.gltf[39m[0m
[  77% ] [90m[1m_update_scan_actions[22m | Roof_2x4_RoundTile.fbx[39m[0m
[  77% ] [90m[1m_update_scan_actions[22m | Roof_2x4_RoundTile.gltf[39m[0m
[  77% ] [90m[1m_update_scan_actions[22m | Roof_Dormer_RoundTile.fbx[39m[0m
[  77% ] [90m[1m_update_scan_actions[22m | Roof_Dormer_RoundTile.gltf[39m[0m
[  77% ] [90m[1m_update_scan_actions[22m | Roof_FrontSupports.fbx[39m[0m
[  78% ] [90m[1m_update_scan_actions[22m | Roof_FrontSupports.gltf[39m[0m
[  78% ] [90m[1m_update_scan_actions[22m | Roof_Front_Brick2.fbx[39m[0m
[  78% ] [90m[1m_update_scan_actions[22m | Roof_Front_Brick2.gltf[39m[0m
[  78% ] [90m[1m_update_scan_actions[22m | Roof_Front_Brick4.fbx[39m[0m
[  78% ] [90m[1m_update_scan_actions[22m | Roof_Front_Brick4.gltf[39m[0m
[  78% ] [90m[1m_update_scan_actions[22m | Roof_Front_Brick4_Half_L.fbx[39m[0m
[  78% ] [90m[1m_update_scan_actions[22m | Roof_Front_Brick4_Half_L.gltf[39m[0m
[  78% ] [90m[1m_update_scan_actions[22m | Roof_Front_Brick4_Half_R.fbx[39m[0m
[  78% ] [90m[1m_update_scan_actions[22m | Roof_Front_Brick4_Half_R.gltf[39m[0m
[  78% ] [90m[1m_update_scan_actions[22m | Roof_Front_Brick6.fbx[39m[0m
[  78% ] [90m[1m_update_scan_actions[22m | Roof_Front_Brick6.gltf[39m[0m
[  78% ] [90m[1m_update_scan_actions[22m | Roof_Front_Brick6_Half_L.fbx[39m[0m
[  79% ] [90m[1m_update_scan_actions[22m | Roof_Front_Brick6_Half_L.gltf[39m[0m
[  79% ] [90m[1m_update_scan_actions[22m | Roof_Front_Brick6_Half_R.fbx[39m[0m
[  79% ] [90m[1m_update_scan_actions[22m | Roof_Front_Brick6_Half_R.gltf[39m[0m
[  79% ] [90m[1m_update_scan_actions[22m | Roof_Front_Brick8.fbx[39m[0m
[  79% ] [90m[1m_update_scan_actions[22m | Roof_Front_Brick8.gltf[39m[0m
[  79% ] [90m[1m_update_scan_actions[22m | Roof_Front_Brick8_Half_L.fbx[39m[0m
[  79% ] [90m[1m_update_scan_actions[22m | Roof_Front_Brick8_Half_L.gltf[39m[0m
[  79% ] [90m[1m_update_scan_actions[22m | Roof_Front_Brick8_Half_R.fbx[39m[0m
[  79% ] [90m[1m_update_scan_actions[22m | Roof_Front_Brick8_Half_R.gltf[39m[0m
[  79% ] [90m[1m_update_scan_actions[22m | Roof_Log.fbx[39m[0m
[  79% ] [90m[1m_update_scan_actions[22m | Roof_Log.gltf[39m[0m
[  79% ] [90m[1m_update_scan_actions[22m | Roof_Modular_RoundTiles.fbx[39m[0m
[  80% ] [90m[1m_update_scan_actions[22m | Roof_Modular_RoundTiles.gltf[39m[0m
[  80% ] [90m[1m_update_scan_actions[22m | Roof_RoundTiles_4x4.fbx[39m[0m
[  80% ] [90m[1m_update_scan_actions[22m | Roof_RoundTiles_4x4.gltf[39m[0m
[  80% ] [90m[1m_update_scan_actions[22m | Roof_RoundTiles_4x6.fbx[39m[0m
[  80% ] [90m[1m_update_scan_actions[22m | Roof_RoundTiles_4x6.gltf[39m[0m
[  80% ] [90m[1m_update_scan_actions[22m | Roof_RoundTiles_4x8.fbx[39m[0m
[  80% ] [90m[1m_update_scan_actions[22m | Roof_RoundTiles_4x8.gltf[39m[0m
[  80% ] [90m[1m_update_scan_actions[22m | Roof_RoundTiles_6x4.fbx[39m[0m
[  80% ] [90m[1m_update_scan_actions[22m | Roof_RoundTiles_6x4.gltf[39m[0m
[  80% ] [90m[1m_update_scan_actions[22m | Roof_RoundTiles_6x6.fbx[39m[0m
[  80% ] [90m[1m_update_scan_actions[22m | Roof_RoundTiles_6x6.gltf[39m[0m
[  80% ] [90m[1m_update_scan_actions[22m | Roof_RoundTiles_6x8.fbx[39m[0m
[  80% ] [90m[1m_update_scan_actions[22m | Roof_RoundTiles_6x8.gltf[39m[0m
[  81% ] [90m[1m_update_scan_actions[22m | Roof_RoundTiles_6x10.fbx[39m[0m
[  81% ] [90m[1m_update_scan_actions[22m | Roof_RoundTiles_6x10.gltf[39m[0m
[  81% ] [90m[1m_update_scan_actions[22m | Roof_RoundTiles_6x12.fbx[39m[0m
[  81% ] [90m[1m_update_scan_actions[22m | Roof_RoundTiles_6x12.gltf[39m[0m
[  81% ] [90m[1m_update_scan_actions[22m | Roof_RoundTiles_6x14.fbx[39m[0m
[  81% ] [90m[1m_update_scan_actions[22m | Roof_RoundTiles_6x14.gltf[39m[0m
[  81% ] [90m[1m_update_scan_actions[22m | Roof_RoundTiles_8x8.fbx[39m[0m
[  81% ] [90m[1m_update_scan_actions[22m | Roof_RoundTiles_8x8.gltf[39m[0m
[  81% ] [90m[1m_update_scan_actions[22m | Roof_RoundTiles_8x10.fbx[39m[0m
[  81% ] [90m[1m_update_scan_actions[22m | Roof_RoundTiles_8x10.gltf[39m[0m
[  81% ] [90m[1m_update_scan_actions[22m | Roof_RoundTiles_8x12.fbx[39m[0m
[  81% ] [90m[1m_update_scan_actions[22m | Roof_RoundTiles_8x12.gltf[39m[0m
[  82% ] [90m[1m_update_scan_actions[22m | Roof_RoundTiles_8x14.fbx[39m[0m
[  82% ] [90m[1m_update_scan_actions[22m | Roof_RoundTiles_8x14.gltf[39m[0m
[  82% ] [90m[1m_update_scan_actions[22m | Roof_RoundTile_2x1.fbx[39m[0m
[  82% ] [90m[1m_update_scan_actions[22m | Roof_RoundTile_2x1.gltf[39m[0m
[  82% ] [90m[1m_update_scan_actions[22m | Roof_RoundTile_2x1_Long.fbx[39m[0m
[  82% ] [90m[1m_update_scan_actions[22m | Roof_RoundTile_2x1_Long.gltf[39m[0m
[  82% ] [90m[1m_update_scan_actions[22m | Roof_Support2.fbx[39m[0m
[  82% ] [90m[1m_update_scan_actions[22m | Roof_Support2.gltf[39m[0m
[  82% ] [90m[1m_update_scan_actions[22m | Roof_Tower_RoundTiles.fbx[39m[0m
[  82% ] [90m[1m_update_scan_actions[22m | Roof_Tower_RoundTiles.gltf[39m[0m
[  82% ] [90m[1m_update_scan_actions[22m | Roof_Wooden_2x1.fbx[39m[0m
[  82% ] [90m[1m_update_scan_actions[22m | Roof_Wooden_2x1.gltf[39m[0m
[  83% ] [90m[1m_update_scan_actions[22m | Roof_Wooden_2x1_Center.fbx[39m[0m
[  83% ] [90m[1m_update_scan_actions[22m | Roof_Wooden_2x1_Center.gltf[39m[0m
[  83% ] [90m[1m_update_scan_actions[22m | Roof_Wooden_2x1_Center_Mirror.fbx[39m[0m
[  83% ] [90m[1m_update_scan_actions[22m | Roof_Wooden_2x1_Center_Mirror.gltf[39m[0m
[  83% ] [90m[1m_update_scan_actions[22m | Roof_Wooden_2x1_Corner.fbx[39m[0m
[  83% ] [90m[1m_update_scan_actions[22m | Roof_Wooden_2x1_Corner.gltf[39m[0m
[  83% ] [90m[1m_update_scan_actions[22m | Roof_Wooden_2x1_L.fbx[39m[0m
[  83% ] [90m[1m_update_scan_actions[22m | Roof_Wooden_2x1_L.gltf[39m[0m
[  83% ] [90m[1m_update_scan_actions[22m | Roof_Wooden_2x1_Middle.fbx[39m[0m
[  83% ] [90m[1m_update_scan_actions[22m | Roof_Wooden_2x1_Middle.gltf[39m[0m
[  83% ] [90m[1m_update_scan_actions[22m | Roof_Wooden_2x1_R.fbx[39m[0m
[  83% ] [90m[1m_update_scan_actions[22m | Roof_Wooden_2x1_R.gltf[39m[0m
[  83% ] [90m[1m_update_scan_actions[22m | sack.gltf[39m[0m
[  84% ] [90m[1m_update_scan_actions[22m | Stairs_Exterior_NoFirstStep.fbx[39m[0m
[  84% ] [90m[1m_update_scan_actions[22m | Stairs_Exterior_NoFirstStep.gltf[39m[0m
[  84% ] [90m[1m_update_scan_actions[22m | Stairs_Exterior_Platform45.fbx[39m[0m
[  84% ] [90m[1m_update_scan_actions[22m | Stairs_Exterior_Platform45.gltf[39m[0m
[  84% ] [90m[1m_update_scan_actions[22m | Stairs_Exterior_Platform45Clean.fbx[39m[0m
[  84% ] [90m[1m_update_scan_actions[22m | Stairs_Exterior_Platform45Clean.gltf[39m[0m
[  84% ] [90m[1m_update_scan_actions[22m | Stairs_Exterior_Platform.fbx[39m[0m
[  84% ] [90m[1m_update_scan_actions[22m | Stairs_Exterior_Platform.gltf[39m[0m
[  84% ] [90m[1m_update_scan_actions[22m | Stairs_Exterior_PlatformU.fbx[39m[0m
[  84% ] [90m[1m_update_scan_actions[22m | Stairs_Exterior_PlatformU.gltf[39m[0m
[  84% ] [90m[1m_update_scan_actions[22m | Stairs_Exterior_SidePlatform.fbx[39m[0m
[  84% ] [90m[1m_update_scan_actions[22m | Stairs_Exterior_SidePlatform.gltf[39m[0m
[  85% ] [90m[1m_update_scan_actions[22m | Stairs_Exterior_Sides45.fbx[39m[0m
[  85% ] [90m[1m_update_scan_actions[22m | Stairs_Exterior_Sides45.gltf[39m[0m
[  85% ] [90m[1m_update_scan_actions[22m | Stairs_Exterior_Sides.fbx[39m[0m
[  85% ] [90m[1m_update_scan_actions[22m | Stairs_Exterior_Sides.gltf[39m[0m
[  85% ] [90m[1m_update_scan_actions[22m | Stairs_Exterior_SidesU.fbx[39m[0m
[  85% ] [90m[1m_update_scan_actions[22m | Stairs_Exterior_SidesU.gltf[39m[0m
[  85% ] [90m[1m_update_scan_actions[22m | Stairs_Exterior_SingleSide.fbx[39m[0m
[  85% ] [90m[1m_update_scan_actions[22m | Stairs_Exterior_SingleSide.gltf[39m[0m
[  85% ] [90m[1m_update_scan_actions[22m | Stairs_Exterior_SingleSideThick.fbx[39m[0m
[  85% ] [90m[1m_update_scan_actions[22m | Stairs_Exterior_SingleSideThick.gltf[39m[0m
[  85% ] [90m[1m_update_scan_actions[22m | Stairs_Exterior_Straight.fbx[39m[0m
[  85% ] [90m[1m_update_scan_actions[22m | Stairs_Exterior_Straight.gltf[39m[0m
[  86% ] [90m[1m_update_scan_actions[22m | Stairs_Exterior_Straight_Center.fbx[39m[0m
[  86% ] [90m[1m_update_scan_actions[22m | Stairs_Exterior_Straight_Center.gltf[39m[0m
[  86% ] [90m[1m_update_scan_actions[22m | Stairs_Exterior_Straight_L.fbx[39m[0m
[  86% ] [90m[1m_update_scan_actions[22m | Stairs_Exterior_Straight_L.gltf[39m[0m
[  86% ] [90m[1m_update_scan_actions[22m | Stairs_Exterior_Straight_R.fbx[39m[0m
[  86% ] [90m[1m_update_scan_actions[22m | Stairs_Exterior_Straight_R.gltf[39m[0m
[  86% ] [90m[1m_update_scan_actions[22m | Stair_Interior_Rails.fbx[39m[0m
[  86% ] [90m[1m_update_scan_actions[22m | Stair_Interior_Rails.gltf[39m[0m
[  86% ] [90m[1m_update_scan_actions[22m | Stair_Interior_Simple.fbx[39m[0m
[  86% ] [90m[1m_update_scan_actions[22m | Stair_Interior_Simple.gltf[39m[0m
[  86% ] [90m[1m_update_scan_actions[22m | Stair_Interior_Solid.fbx[39m[0m
[  86% ] [90m[1m_update_scan_actions[22m | Stair_Interior_Solid.gltf[39m[0m
[  86% ] [90m[1m_update_scan_actions[22m | Stair_Interior_SolidExtended.fbx[39m[0m
[  87% ] [90m[1m_update_scan_actions[22m | Stair_Interior_SolidExtended.gltf[39m[0m
[  87% ] [90m[1m_update_scan_actions[22m | streetlight.gltf[39m[0m
[  87% ] [90m[1m_update_scan_actions[22m | target.gltf[39m[0m
[  87% ] [90m[1m_update_scan_actions[22m | tent.gltf[39m[0m
[  87% ] [90m[1m_update_scan_actions[22m | trafficlight_A.gltf[39m[0m
[  87% ] [90m[1m_update_scan_actions[22m | trafficlight_B.gltf[39m[0m
[  87% ] [90m[1m_update_scan_actions[22m | trafficlight_C.gltf[39m[0m
[  87% ] [90m[1m_update_scan_actions[22m | trash_A.gltf[39m[0m
[  87% ] [90m[1m_update_scan_actions[22m | trash_B.gltf[39m[0m
[  87% ] [90m[1m_update_scan_actions[22m | trees_A_cut.gltf[39m[0m
[  87% ] [90m[1m_update_scan_actions[22m | trees_A_large.gltf[39m[0m
[  87% ] [90m[1m_update_scan_actions[22m | trees_A_medium.gltf[39m[0m
[  88% ] [90m[1m_update_scan_actions[22m | trees_A_small.gltf[39m[0m
[  88% ] [90m[1m_update_scan_actions[22m | trees_B_cut.gltf[39m[0m
[  88% ] [90m[1m_update_scan_actions[22m | trees_B_large.gltf[39m[0m
[  88% ] [90m[1m_update_scan_actions[22m | trees_B_medium.gltf[39m[0m
[  88% ] [90m[1m_update_scan_actions[22m | trees_B_small.gltf[39m[0m
[  88% ] [90m[1m_update_scan_actions[22m | tree_single_A.gltf[39m[0m
[  88% ] [90m[1m_update_scan_actions[22m | tree_single_A_cut.gltf[39m[0m
[  88% ] [90m[1m_update_scan_actions[22m | tree_single_B.gltf[39m[0m
[  88% ] [90m[1m_update_scan_actions[22m | tree_single_B_cut.gltf[39m[0m
[  88% ] [90m[1m_update_scan_actions[22m | T_BottomWear.png[39m[0m
[  88% ] [90m[1m_update_scan_actions[22m | T_Brick_BaseColor.png[39m[0m
[  88% ] [90m[1m_update_scan_actions[22m | T_Brick_Normal.png[39m[0m
[  88% ] [90m[1m_update_scan_actions[22m | T_Brick_Roughness.png[39m[0m
[  89% ] [90m[1m_update_scan_actions[22m | T_BrushedNoise.png[39m[0m
[  89% ] [90m[1m_update_scan_actions[22m | T_MetalOrnaments_BaseColor.png[39m[0m
[  89% ] [90m[1m_update_scan_actions[22m | T_MetalOrnaments_Roughness.png[39m[0m
[  89% ] [90m[1m_update_scan_actions[22m | T_Noise_Terrain.png[39m[0m
[  89% ] [90m[1m_update_scan_actions[22m | T_Plaster_BaseColor.png[39m[0m
[  89% ] [90m[1m_update_scan_actions[22m | T_Plaster_Normal.png[39m[0m
[  89% ] [90m[1m_update_scan_actions[22m | T_Plaster_ORM.png[39m[0m
[  89% ] [90m[1m_update_scan_actions[22m | T_RedBrick_BaseColor.png[39m[0m
[  89% ] [90m[1m_update_scan_actions[22m | T_RockTrim_BaseColor.png[39m[0m
[  89% ] [90m[1m_update_scan_actions[22m | T_RockTrim_Normal.png[39m[0m
[  89% ] [90m[1m_update_scan_actions[22m | T_RockTrim_ORM.png[39m[0m
[  89% ] [90m[1m_update_scan_actions[22m | T_RoundTiles_BaseColor.png[39m[0m
[  90% ] [90m[1m_update_scan_actions[22m | T_RoundTiles_Normal.png[39m[0m
[  90% ] [90m[1m_update_scan_actions[22m | T_RoundTiles_Roughness.png[39m[0m
[  90% ] [90m[1m_update_scan_actions[22m | T_TopWear.png[39m[0m
[  90% ] [90m[1m_update_scan_actions[22m | T_UnevenBrick_BaseColor.png[39m[0m
[  90% ] [90m[1m_update_scan_actions[22m | T_UnevenBrick_Normal.png[39m[0m
[  90% ] [90m[1m_update_scan_actions[22m | T_UnevenBrick_Roughness.png[39m[0m
[  90% ] [90m[1m_update_scan_actions[22m | T_VineLeaf.png[39m[0m
[  90% ] [90m[1m_update_scan_actions[22m | T_VineLeaf_png.png[39m[0m
[  90% ] [90m[1m_update_scan_actions[22m | T_WindowGradient.png[39m[0m
[  90% ] [90m[1m_update_scan_actions[22m | T_WoodTrim_BaseColor.png[39m[0m
[  90% ] [90m[1m_update_scan_actions[22m | T_WoodTrim_Normal.png[39m[0m
[  90% ] [90m[1m_update_scan_actions[22m | T_WoodTrim_ORM.png[39m[0m
[  91% ] [90m[1m_update_scan_actions[22m | T_WoodTrim_Roughness.png[39m[0m
[  91% ] [90m[1m_update_scan_actions[22m | Wall_Arch.fbx[39m[0m
[  91% ] [90m[1m_update_scan_actions[22m | Wall_Arch.gltf[39m[0m
[  91% ] [90m[1m_update_scan_actions[22m | Wall_BottomCover.fbx[39m[0m
[  91% ] [90m[1m_update_scan_actions[22m | Wall_BottomCover.gltf[39m[0m
[  91% ] [90m[1m_update_scan_actions[22m | wall_corner_A_gate.gltf[39m[0m
[  91% ] [90m[1m_update_scan_actions[22m | wall_corner_A_inside.gltf[39m[0m
[  91% ] [90m[1m_update_scan_actions[22m | wall_corner_A_outside.gltf[39m[0m
[  91% ] [90m[1m_update_scan_actions[22m | wall_corner_B_inside.gltf[39m[0m
[  91% ] [90m[1m_update_scan_actions[22m | wall_corner_B_outside.gltf[39m[0m
[  91% ] [90m[1m_update_scan_actions[22m | Wall_Plaster_Door_Flat.fbx[39m[0m
[  91% ] [90m[1m_update_scan_actions[22m | Wall_Plaster_Door_Flat.gltf[39m[0m
[  91% ] [90m[1m_update_scan_actions[22m | Wall_Plaster_Door_Round.fbx[39m[0m
[  92% ] [90m[1m_update_scan_actions[22m | Wall_Plaster_Door_Round.gltf[39m[0m
[  92% ] [90m[1m_update_scan_actions[22m | Wall_Plaster_Door_RoundInset.fbx[39m[0m
[  92% ] [90m[1m_update_scan_actions[22m | Wall_Plaster_Door_RoundInset.gltf[39m[0m
[  92% ] [90m[1m_update_scan_actions[22m | Wall_Plaster_Straight.fbx[39m[0m
[  92% ] [90m[1m_update_scan_actions[22m | Wall_Plaster_Straight.gltf[39m[0m
[  92% ] [90m[1m_update_scan_actions[22m | Wall_Plaster_Straight_Base.fbx[39m[0m
[  92% ] [90m[1m_update_scan_actions[22m | Wall_Plaster_Straight_Base.gltf[39m[0m
[  92% ] [90m[1m_update_scan_actions[22m | Wall_Plaster_Straight_L.fbx[39m[0m
[  92% ] [90m[1m_update_scan_actions[22m | Wall_Plaster_Straight_L.gltf[39m[0m
[  92% ] [90m[1m_update_scan_actions[22m | Wall_Plaster_Straight_R.fbx[39m[0m
[  92% ] [90m[1m_update_scan_actions[22m | Wall_Plaster_Straight_R.gltf[39m[0m
[  92% ] [90m[1m_update_scan_actions[22m | Wall_Plaster_Window_Thin_Round.fbx[39m[0m
[  93% ] [90m[1m_update_scan_actions[22m | Wall_Plaster_Window_Thin_Round.gltf[39m[0m
[  93% ] [90m[1m_update_scan_actions[22m | Wall_Plaster_Window_Wide_Flat2.fbx[39m[0m
[  93% ] [90m[1m_update_scan_actions[22m | Wall_Plaster_Window_Wide_Flat2.gltf[39m[0m
[  93% ] [90m[1m_update_scan_actions[22m | Wall_Plaster_Window_Wide_Flat.fbx[39m[0m
[  93% ] [90m[1m_update_scan_actions[22m | Wall_Plaster_Window_Wide_Flat.gltf[39m[0m
[  93% ] [90m[1m_update_scan_actions[22m | Wall_Plaster_Window_Wide_Round.fbx[39m[0m
[  93% ] [90m[1m_update_scan_actions[22m | Wall_Plaster_Window_Wide_Round.gltf[39m[0m
[  93% ] [90m[1m_update_scan_actions[22m | Wall_Plaster_WoodGrid.fbx[39m[0m
[  93% ] [90m[1m_update_scan_actions[22m | Wall_Plaster_WoodGrid.gltf[39m[0m
[  93% ] [90m[1m_update_scan_actions[22m | wall_straight.gltf[39m[0m
[  93% ] [90m[1m_update_scan_actions[22m | wall_straight_gate.gltf[39m[0m
[  93% ] [90m[1m_update_scan_actions[22m | Wall_UnevenBrick_Door_Flat.fbx[39m[0m
[  94% ] [90m[1m_update_scan_actions[22m | Wall_UnevenBrick_Door_Flat.gltf[39m[0m
[  94% ] [90m[1m_update_scan_actions[22m | Wall_UnevenBrick_Door_Round.fbx[39m[0m
[  94% ] [90m[1m_update_scan_actions[22m | Wall_UnevenBrick_Door_Round.gltf[39m[0m
[  94% ] [90m[1m_update_scan_actions[22m | Wall_UnevenBrick_Straight.fbx[39m[0m
[  94% ] [90m[1m_update_scan_actions[22m | Wall_UnevenBrick_Straight.gltf[39m[0m
[  94% ] [90m[1m_update_scan_actions[22m | Wall_UnevenBrick_Window_Thin_Round.fbx[39m[0m
[  94% ] [90m[1m_update_scan_actions[22m | Wall_UnevenBrick_Window_Thin_Round.gltf[39m[0m
[  94% ] [90m[1m_update_scan_actions[22m | Wall_UnevenBrick_Window_Wide_Flat.fbx[39m[0m
[  94% ] [90m[1m_update_scan_actions[22m | Wall_UnevenBrick_Window_Wide_Flat.gltf[39m[0m
[  94% ] [90m[1m_update_scan_actions[22m | Wall_UnevenBrick_Window_Wide_Round.fbx[39m[0m
[  94% ] [90m[1m_update_scan_actions[22m | Wall_UnevenBrick_Window_Wide_Round.gltf[39m[0m
[  94% ] [90m[1m_update_scan_actions[22m | waterlily_A.gltf[39m[0m
[  94% ] [90m[1m_update_scan_actions[22m | waterlily_B.gltf[39m[0m
[  95% ] [90m[1m_update_scan_actions[22m | waterplant_A.gltf[39m[0m
[  95% ] [90m[1m_update_scan_actions[22m | waterplant_B.gltf[39m[0m
[  95% ] [90m[1m_update_scan_actions[22m | waterplant_C.gltf[39m[0m
[  95% ] [90m[1m_update_scan_actions[22m | watertower.gltf[39m[0m
[  95% ] [90m[1m_update_scan_actions[22m | weaponrack.gltf[39m[0m
[  95% ] [90m[1m_update_scan_actions[22m | wheelbarrow.gltf[39m[0m
[  95% ] [90m[1m_update_scan_actions[22m | WindowShutters_Thin_Flat_Closed.fbx[39m[0m
[  95% ] [90m[1m_update_scan_actions[22m | WindowShutters_Thin_Flat_Closed.gltf[39m[0m
[  95% ] [90m[1m_update_scan_actions[22m | WindowShutters_Thin_Flat_Open.fbx[39m[0m
[  95% ] [90m[1m_update_scan_actions[22m | WindowShutters_Thin_Flat_Open.gltf[39m[0m
[  95% ] [90m[1m_update_scan_actions[22m | WindowShutters_Thin_Round_Closed.fbx[39m[0m
[  95% ] [90m[1m_update_scan_actions[22m | WindowShutters_Thin_Round_Closed.gltf[39m[0m
[  96% ] [90m[1m_update_scan_actions[22m | WindowShutters_Thin_Round_Open.fbx[39m[0m
[  96% ] [90m[1m_update_scan_actions[22m | WindowShutters_Thin_Round_Open.gltf[39m[0m
[  96% ] [90m[1m_update_scan_actions[22m | WindowShutters_Wide_Flat_Closed.fbx[39m[0m
[  96% ] [90m[1m_update_scan_actions[22m | WindowShutters_Wide_Flat_Closed.gltf[39m[0m
[  96% ] [90m[1m_update_scan_actions[22m | WindowShutters_Wide_Flat_Open.fbx[39m[0m
[  96% ] [90m[1m_update_scan_actions[22m | WindowShutters_Wide_Flat_Open.gltf[39m[0m
[  96% ] [90m[1m_update_scan_actions[22m | WindowShutters_Wide_Round_Closed.fbx[39m[0m
[  96% ] [90m[1m_update_scan_actions[22m | WindowShutters_Wide_Round_Closed.gltf[39m[0m
[  96% ] [90m[1m_update_scan_actions[22m | WindowShutters_Wide_Round_Open.fbx[39m[0m
[  96% ] [90m[1m_update_scan_actions[22m | WindowShutters_Wide_Round_Open.gltf[39m[0m
[  96% ] [90m[1m_update_scan_actions[22m | Window_Roof_Thin.fbx[39m[0m
[  96% ] [90m[1m_update_scan_actions[22m | Window_Roof_Thin.gltf[39m[0m
[  97% ] [90m[1m_update_scan_actions[22m | Window_Roof_Wide.fbx[39m[0m
[  97% ] [90m[1m_update_scan_actions[22m | Window_Roof_Wide.gltf[39m[0m
[  97% ] [90m[1m_update_scan_actions[22m | Window_Thin_Flat1.fbx[39m[0m
[  97% ] [90m[1m_update_scan_actions[22m | Window_Thin_Flat1.gltf[39m[0m
[  97% ] [90m[1m_update_scan_actions[22m | Window_Thin_Round1.fbx[39m[0m
[  97% ] [90m[1m_update_scan_actions[22m | Window_Thin_Round1.gltf[39m[0m
[  97% ] [90m[1m_update_scan_actions[22m | Window_Wide_Flat1.fbx[39m[0m
[  97% ] [90m[1m_update_scan_actions[22m | Window_Wide_Flat1.gltf[39m[0m
[  97% ] [90m[1m_update_scan_actions[22m | Window_Wide_Round1.fbx[39m[0m
[  97% ] [90m[1m_update_scan_actions[22m | Window_Wide_Round1.gltf[39m[0m
[  97% ] [90m[1m_update_scan_actions[22m | Arrow.fbx[39m[0m
[  97% ] [90m[1m_update_scan_actions[22m | Axe.fbx[39m[0m
[  97% ] [90m[1m_update_scan_actions[22m | Axe_Double.fbx[39m[0m
[  98% ] [90m[1m_update_scan_actions[22m | Axe_Small.fbx[39m[0m
[  98% ] [90m[1m_update_scan_actions[22m | Bow_Evil.fbx[39m[0m
[  98% ] [90m[1m_update_scan_actions[22m | Bow_Golden.fbx[39m[0m
[  98% ] [90m[1m_update_scan_actions[22m | Bow_Wooden2.fbx[39m[0m
[  98% ] [90m[1m_update_scan_actions[22m | Bow_Wooden.fbx[39m[0m
[  98% ] [90m[1m_update_scan_actions[22m | Claymore.fbx[39m[0m
[  98% ] [90m[1m_update_scan_actions[22m | Dagger.fbx[39m[0m
[  98% ] [90m[1m_update_scan_actions[22m | Dagger_2.fbx[39m[0m
[  98% ] [90m[1m_update_scan_actions[22m | Hammer_Double.fbx[39m[0m
[  98% ] [90m[1m_update_scan_actions[22m | Hammer_Small.fbx[39m[0m
[  98% ] [90m[1m_update_scan_actions[22m | Scythe.fbx[39m[0m
[  98% ] [90m[1m_update_scan_actions[22m | Shield_Celtic_Golden.fbx[39m[0m
[  99% ] [90m[1m_update_scan_actions[22m | Shield_Heater.fbx[39m[0m
[  99% ] [90m[1m_update_scan_actions[22m | Shield_Heater_2.fbx[39m[0m
[  99% ] [90m[1m_update_scan_actions[22m | Shield_Round.fbx[39m[0m
[  99% ] [90m[1m_update_scan_actions[22m | Shield_Round_2.fbx[39m[0m
[  99% ] [90m[1m_update_scan_actions[22m | Spear.fbx[39m[0m
[  99% ] [90m[1m_update_scan_actions[22m | Sword.fbx[39m[0m
[  99% ] [90m[1m_update_scan_actions[22m | Sword_2.fbx[39m[0m
[  99% ] [90m[1m_update_scan_actions[22m | Sword_Big.fbx[39m[0m
[  99% ] [90m[1m_update_scan_actions[22m | Sword_Golden.fbx[39m[0m
[  99% ] [90m[1m_update_scan_actions[22m | thunderbear_logo.png[39m[0m
[  99% ] [90m[1m_update_scan_actions[22m | icon.svg[39m[0m
[92m[ DONE ][39m [1m_update_scan_actions[22m
[0m
[   0% ] [90m[1mreimport[22m | Started (Re)Importing Assets (1235 steps)[39m[0m
[   0% ] [90m[1mreimport[22m | Preparing files to reimport...[39m[0m
[   0% ] [90m[1mreimport[22m | Preparing files to reimport...[39m[0m
[   0% ] [90m[1mreimport[22m | Preparing files to reimport...[39m[0m
[   0% ] [90m[1mreimport[22m | Preparing files to reimport...[39m[0m
[   0% ] [90m[1mreimport[22m | Preparing files to reimport...[39m[0m
[   0% ] [90m[1mreimport[22m | Preparing files to reimport...[39m[0m
[   0% ] [90m[1mreimport[22m | Preparing files to reimport...[39m[0m
[   0% ] [90m[1mreimport[22m | Preparing files to reimport...[39m[0m
[   0% ] [90m[1mreimport[22m | Preparing files to reimport...[39m[0m
[   0% ] [90m[1mreimport[22m | Preparing files to reimport...[39m[0m
[   0% ] [90m[1mreimport[22m | Preparing files to reimport...[39m[0m
[   0% ] [90m[1mreimport[22m | Preparing files to reimport...[39m[0m
[   0% ] [90m[1mreimport[22m | Preparing files to reimport...[39m[0m
[   1% ] [90m[1mreimport[22m | Preparing files to reimport...[39m[0m
[   1% ] [90m[1mreimport[22m | Preparing files to reimport...[39m[0m
[   1% ] [90m[1mreimport[22m | Preparing files to reimport...[39m[0m
[   1% ] [90m[1mreimport[22m | Preparing files to reimport...[39m[0m
[   1% ] [90m[1mreimport[22m | Preparing files to reimport...[39m[0m
[   1% ] [90m[1mreimport[22m | Preparing files to reimport...[39m[0m
[   1% ] [90m[1mreimport[22m | Preparing files to reimport...[39m[0m
[   1% ] [90m[1mreimport[22m | Preparing files to reimport...[39m[0m
[   1% ] [90m[1mreimport[22m | Preparing files to reimport...[39m[0m
[   1% ] [90m[1mreimport[22m | Preparing files to reimport...[39m[0m
[   1% ] [90m[1mreimport[22m | Preparing files to reimport...[39m[0m
[   1% ] [90m[1mreimport[22m | Preparing files to reimport...[39m[0m
[   2% ] [90m[1mreimport[22m | Preparing files to reimport...[39m[0m
[   2% ] [90m[1mreimport[22m | Preparing files to reimport...[39m[0m
[   2% ] [90m[1mreimport[22m | Preparing files to reimport...[39m[0m
[   2% ] [90m[1mreimport[22m | Preparing files to reimport...[39m[0m
[   2% ] [90m[1mreimport[22m | Preparing files to reimport...[39m[0m
[   2% ] [90m[1mreimport[22m | Preparing files to reimport...[39m[0m
[   2% ] [90m[1mreimport[22m | Preparing files to reimport...[39m[0m
[   2% ] [90m[1mreimport[22m | Preparing files to reimport...[39m[0m
[   2% ] [90m[1mreimport[22m | Preparing files to reimport...[39m[0m
[   2% ] [90m[1mreimport[22m | Preparing files to reimport...[39m[0m
[   2% ] [90m[1mreimport[22m | Preparing files to reimport...[39m[0m
[   2% ] [90m[1mreimport[22m | Preparing files to reimport...[39m[0m
[   2% ] [90m[1mreimport[22m | Preparing files to reimport...[39m[0m
[   3% ] [90m[1mreimport[22m | Preparing files to reimport...[39m[0m
[   3% ] [90m[1mreimport[22m | Preparing files to reimport...[39m[0m
[   3% ] [90m[1mreimport[22m | Preparing files to reimport...[39m[0m
[   3% ] [90m[1mreimport[22m | Preparing files to reimport...[39m[0m
[   3% ] [90m[1mreimport[22m | Preparing files to reimport...[39m[0m
[   3% ] [90m[1mreimport[22m | Preparing files to reimport...[39m[0m
[   3% ] [90m[1mreimport[22m | Preparing files to reimport...[39m[0m
[   3% ] [90m[1mreimport[22m | Preparing files to reimport...[39m[0m
[   3% ] [90m[1mreimport[22m | Preparing files to reimport...[39m[0m
[   3% ] [90m[1mreimport[22m | Preparing files to reimport...[39m[0m
[   3% ] [90m[1mreimport[22m | Preparing files to reimport...[39m[0m
[   3% ] [90m[1mreimport[22m | Preparing files to reimport...[39m[0m
[   4% ] [90m[1mreimport[22m | Preparing files to reimport...[39m[0m
[   4% ] [90m[1mreimport[22m | Preparing files to reimport...[39m[0m
[   4% ] [90m[1mreimport[22m | Preparing files to reimport...[39m[0m
[   4% ] [90m[1mreimport[22m | Preparing files to reimport...[39m[0m
[   4% ] [90m[1mreimport[22m | Preparing files to reimport...[39m[0m
[   4% ] [90m[1mreimport[22m | Preparing files to reimport...[39m[0m
[   4% ] [90m[1mreimport[22m | Preparing files to reimport...[39m[0m
[   4% ] [90m[1mreimport[22m | Preparing files to reimport...[39m[0m
[   4% ] [90m[1mreimport[22m | Preparing files to reimport...[39m[0m
[   4% ] [90m[1mreimport[22m | Preparing files to reimport...[39m[0m
[   4% ] [90m[1mreimport[22m | Preparing files to reimport...[39m[0m
[   4% ] [90m[1mreimport[22m | Preparing files to reimport...[39m[0m
[   5% ] [90m[1mreimport[22m | Preparing files to reimport...[39m[0m
[   5% ] [90m[1mreimport[22m | Preparing files to reimport...[39m[0m
[   5% ] [90m[1mreimport[22m | Preparing files to reimport...[39m[0m
[   5% ] [90m[1mreimport[22m | Preparing files to reimport...[39m[0m
[   5% ] [90m[1mreimport[22m | Preparing files to reimport...[39m[0m
[   5% ] [90m[1mreimport[22m | Preparing files to reimport...[39m[0m
[   5% ] [90m[1mreimport[22m | Preparing files to reimport...[39m[0m
[   5% ] [90m[1mreimport[22m | Preparing files to reimport...[39m[0m
[   5% ] [90m[1mreimport[22m | Preparing files to reimport...[39m[0m
[   5% ] [90m[1mreimport[22m | Preparing files to reimport...[39m[0m
[   5% ] [90m[1mreimport[22m | Preparing files to reimport...[39m[0m
[   5% ] [90m[1mreimport[22m | Preparing files to reimport...[39m[0m
[   5% ] [90m[1mreimport[22m | Preparing files to reimport...[39m[0m
[   6% ] [90m[1mreimport[22m | Preparing files to reimport...[39m[0m
[   6% ] [90m[1mreimport[22m | Preparing files to reimport...[39m[0m
[   6% ] [90m[1mreimport[22m | Preparing files to reimport...[39m[0m
[   6% ] [90m[1mreimport[22m | Preparing files to reimport...[39m[0m
[   6% ] [90m[1mreimport[22m | Preparing files to reimport...[39m[0m
[   6% ] [90m[1mreimport[22m | Preparing files to reimport...[39m[0m
[   6% ] [90m[1mreimport[22m | Preparing files to reimport...[39m[0m
[   6% ] [90m[1mreimport[22m | Preparing files to reimport...[39m[0m
[   6% ] [90m[1mreimport[22m | Preparing files to reimport...[39m[0m
[   6% ] [90m[1mreimport[22m | Preparing files to reimport...[39m[0m
[   6% ] [90m[1mreimport[22m | Preparing files to reimport...[39m[0m
[   6% ] [90m[1mreimport[22m | Preparing files to reimport...[39m[0m
[   7% ] [90m[1mreimport[22m | Preparing files to reimport...[39m[0m
[   7% ] [90m[1mreimport[22m | Preparing files to reimport...[39m[0m
[   7% ] [90m[1mreimport[22m | Preparing files to reimport...[39m[0m
[   7% ] [90m[1mreimport[22m | Preparing files to reimport...[39m[0m
[   7% ] [90m[1mreimport[22m | Preparing files to reimport...[39m[0m
[   7% ] [90m[1mreimport[22m | Preparing files to reimport...[39m[0m
[   7% ] [90m[1mreimport[22m | Preparing files to reimport...[39m[0m
[   7% ] [90m[1mreimport[22m | Preparing files to reimport...[39m[0m
[   7% ] [90m[1mreimport[22m | Preparing files to reimport...[39m[0m
[   7% ] [90m[1mreimport[22m | Preparing files to reimport...[39m[0m
[   7% ] [90m[1mreimport[22m | Preparing files to reimport...[39m[0m
[   7% ] [90m[1mreimport[22m | Preparing files to reimport...[39m[0m
[   8% ] [90m[1mreimport[22m | Preparing files to reimport...[39m[0m
[   8% ] [90m[1mreimport[22m | Preparing files to reimport...[39m[0m
[   8% ] [90m[1mreimport[22m | Preparing files to reimport...[39m[0m
[   8% ] [90m[1mreimport[22m | Preparing files to reimport...[39m[0m
[   8% ] [90m[1mreimport[22m | Preparing files to reimport...[39m[0m
[   8% ] [90m[1mreimport[22m | Preparing files to reimport...[39m[0m
[   8% ] [90m[1mreimport[22m | Preparing files to reimport...[39m[0m
[   8% ] [90m[1mreimport[22m | Preparing files to reimport...[39m[0m
[   8% ] [90m[1mreimport[22m | Preparing files to reimport...[39m[0m
[   8% ] [90m[1mreimport[22m | Preparing files to reimport...[39m[0m
[   8% ] [90m[1mreimport[22m | Preparing files to reimport...[39m[0m
[   8% ] [90m[1mreimport[22m | Preparing files to reimport...[39m[0m
[   8% ] [90m[1mreimport[22m | Preparing files to reimport...[39m[0m
[   9% ] [90m[1mreimport[22m | Preparing files to reimport...[39m[0m
[   9% ] [90m[1mreimport[22m | Preparing files to reimport...[39m[0m
[   9% ] [90m[1mreimport[22m | Preparing files to reimport...[39m[0m
[   9% ] [90m[1mreimport[22m | Preparing files to reimport...[39m[0m
[   9% ] [90m[1mreimport[22m | Preparing files to reimport...[39m[0m
[   9% ] [90m[1mreimport[22m | Preparing files to reimport...[39m[0m
[   9% ] [90m[1mreimport[22m | Preparing files to reimport...[39m[0m
[   9% ] [90m[1mreimport[22m | Preparing files to reimport...[39m[0m
[   9% ] [90m[1mreimport[22m | Preparing files to reimport...[39m[0m
[   9% ] [90m[1mreimport[22m | Preparing files to reimport...[39m[0m
[   9% ] [90m[1mreimport[22m | Preparing files to reimport...[39m[0m
[   9% ] [90m[1mreimport[22m | Preparing files to reimport...[39m[0m
[  10% ] [90m[1mreimport[22m | Preparing files to reimport...[39m[0m
[  10% ] [90m[1mreimport[22m | Preparing files to reimport...[39m[0m
[  10% ] [90m[1mreimport[22m | Preparing files to reimport...[39m[0m
[  10% ] [90m[1mreimport[22m | Preparing files to reimport...[39m[0m
[  10% ] [90m[1mreimport[22m | Preparing files to reimport...[39m[0m
[  10% ] [90m[1mreimport[22m | Preparing files to reimport...[39m[0m
[  10% ] [90m[1mreimport[22m | Preparing files to reimport...[39m[0m
[  10% ] [90m[1mreimport[22m | Preparing files to reimport...[39m[0m
[  10% ] [90m[1mreimport[22m | Preparing files to reimport...[39m[0m
[  10% ] [90m[1mreimport[22m | Preparing files to reimport...[39m[0m
[  10% ] [90m[1mreimport[22m | Preparing files to reimport...[39m[0m
[  10% ] [90m[1mreimport[22m | Preparing files to reimport...[39m[0m
[  11% ] [90m[1mreimport[22m | Preparing files to reimport...[39m[0m
[  11% ] [90m[1mreimport[22m | Preparing files to reimport...[39m[0m
[  11% ] [90m[1mreimport[22m | Preparing files to reimport...[39m[0m
[  11% ] [90m[1mreimport[22m | Preparing files to reimport...[39m[0m
[  11% ] [90m[1mreimport[22m | Preparing files to reimport...[39m[0m
[  11% ] [90m[1mreimport[22m | Preparing files to reimport...[39m[0m
[  11% ] [90m[1mreimport[22m | Preparing files to reimport...[39m[0m
[  11% ] [90m[1mreimport[22m | Preparing files to reimport...[39m[0m
[  11% ] [90m[1mreimport[22m | Preparing files to reimport...[39m[0m
[  11% ] [90m[1mreimport[22m | Preparing files to reimport...[39m[0m
[  11% ] [90m[1mreimport[22m | Preparing files to reimport...[39m[0m
[  11% ] [90m[1mreimport[22m | Preparing files to reimport...[39m[0m
[  11% ] [90m[1mreimport[22m | Preparing files to reimport...[39m[0m
[  12% ] [90m[1mreimport[22m | Preparing files to reimport...[39m[0m
[  12% ] [90m[1mreimport[22m | Preparing files to reimport...[39m[0m
[  12% ] [90m[1mreimport[22m | Preparing files to reimport...[39m[0m
[  12% ] [90m[1mreimport[22m | Preparing files to reimport...[39m[0m
[  12% ] [90m[1mreimport[22m | Preparing files to reimport...[39m[0m
[  12% ] [90m[1mreimport[22m | Preparing files to reimport...[39m[0m
[  12% ] [90m[1mreimport[22m | Preparing files to reimport...[39m[0m
[  12% ] [90m[1mreimport[22m | Preparing files to reimport...[39m[0m
[  12% ] [90m[1mreimport[22m | Preparing files to reimport...[39m[0m
[  12% ] [90m[1mreimport[22m | Preparing files to reimport...[39m[0m
[  12% ] [90m[1mreimport[22m | Preparing files to reimport...[39m[0m
[  12% ] [90m[1mreimport[22m | Preparing files to reimport...[39m[0m
[  13% ] [90m[1mreimport[22m | Preparing files to reimport...[39m[0m
[  13% ] [90m[1mreimport[22m | Preparing files to reimport...[39m[0m
[  13% ] [90m[1mreimport[22m | Preparing files to reimport...[39m[0m
[  13% ] [90m[1mreimport[22m | Preparing files to reimport...[39m[0m
[  13% ] [90m[1mreimport[22m | Preparing files to reimport...[39m[0m
[  13% ] [90m[1mreimport[22m | Preparing files to reimport...[39m[0m
[  13% ] [90m[1mreimport[22m | Preparing files to reimport...[39m[0m
[  13% ] [90m[1mreimport[22m | Preparing files to reimport...[39m[0m
[  13% ] [90m[1mreimport[22m | Preparing files to reimport...[39m[0m
[  13% ] [90m[1mreimport[22m | Preparing files to reimport...[39m[0m
[  13% ] [90m[1mreimport[22m | Preparing files to reimport...[39m[0m
[  13% ] [90m[1mreimport[22m | Preparing files to reimport...[39m[0m
[  13% ] [90m[1mreimport[22m | Preparing files to reimport...[39m[0m
[  14% ] [90m[1mreimport[22m | Preparing files to reimport...[39m[0m
[  14% ] [90m[1mreimport[22m | Preparing files to reimport...[39m[0m
[  14% ] [90m[1mreimport[22m | Preparing files to reimport...[39m[0m
[  14% ] [90m[1mreimport[22m | Preparing files to reimport...[39m[0m
[  14% ] [90m[1mreimport[22m | Preparing files to reimport...[39m[0m
[  14% ] [90m[1mreimport[22m | Preparing files to reimport...[39m[0m
[  14% ] [90m[1mreimport[22m | Preparing files to reimport...[39m[0m
[  14% ] [90m[1mreimport[22m | Preparing files to reimport...[39m[0m
[  14% ] [90m[1mreimport[22m | Preparing files to reimport...[39m[0m
[  14% ] [90m[1mreimport[22m | Preparing files to reimport...[39m[0m
[  14% ] [90m[1mreimport[22m | Preparing files to reimport...[39m[0m
[  14% ] [90m[1mreimport[22m | Preparing files to reimport...[39m[0m
[  15% ] [90m[1mreimport[22m | Preparing files to reimport...[39m[0m
[  15% ] [90m[1mreimport[22m | Preparing files to reimport...[39m[0m
[  15% ] [90m[1mreimport[22m | Preparing files to reimport...[39m[0m
[  15% ] [90m[1mreimport[22m | Preparing files to reimport...[39m[0m
[  15% ] [90m[1mreimport[22m | Preparing files to reimport...[39m[0m
[  15% ] [90m[1mreimport[22m | Preparing files to reimport...[39m[0m
[  15% ] [90m[1mreimport[22m | Preparing files to reimport...[39m[0m
[  15% ] [90m[1mreimport[22m | Preparing files to reimport...[39m[0m
[  15% ] [90m[1mreimport[22m | Preparing files to reimport...[39m[0m
[  15% ] [90m[1mreimport[22m | Preparing files to reimport...[39m[0m
[  15% ] [90m[1mreimport[22m | Preparing files to reimport...[39m[0m
[  15% ] [90m[1mreimport[22m | Preparing files to reimport...[39m[0m
[  16% ] [90m[1mreimport[22m | Preparing files to reimport...[39m[0m
[  16% ] [90m[1mreimport[22m | Preparing files to reimport...[39m[0m
[  16% ] [90m[1mreimport[22m | Preparing files to reimport...[39m[0m
[  16% ] [90m[1mreimport[22m | Preparing files to reimport...[39m[0m
[  16% ] [90m[1mreimport[22m | Preparing files to reimport...[39m[0m
[  16% ] [90m[1mreimport[22m | Preparing files to reimport...[39m[0m
[  16% ] [90m[1mreimport[22m | Preparing files to reimport...[39m[0m
[  16% ] [90m[1mreimport[22m | Preparing files to reimport...[39m[0m
[  16% ] [90m[1mreimport[22m | Preparing files to reimport...[39m[0m
[  16% ] [90m[1mreimport[22m | Preparing files to reimport...[39m[0m
[  16% ] [90m[1mreimport[22m | Preparing files to reimport...[39m[0m
[  16% ] [90m[1mreimport[22m | Preparing files to reimport...[39m[0m
[  16% ] [90m[1mreimport[22m | Preparing files to reimport...[39m[0m
[  17% ] [90m[1mreimport[22m | Preparing files to reimport...[39m[0m
[  17% ] [90m[1mreimport[22m | Preparing files to reimport...[39m[0m
[  17% ] [90m[1mreimport[22m | Preparing files to reimport...[39m[0m
[  17% ] [90m[1mreimport[22m | Preparing files to reimport...[39m[0m
[  17% ] [90m[1mreimport[22m | Preparing files to reimport...[39m[0m
[  17% ] [90m[1mreimport[22m | Preparing files to reimport...[39m[0m
[  17% ] [90m[1mreimport[22m | Preparing files to reimport...[39m[0m
[  17% ] [90m[1mreimport[22m | Preparing files to reimport...[39m[0m
[  17% ] [90m[1mreimport[22m | Preparing files to reimport...[39m[0m
[  17% ] [90m[1mreimport[22m | Preparing files to reimport...[39m[0m
[  17% ] [90m[1mreimport[22m | Preparing files to reimport...[39m[0m
[  17% ] [90m[1mreimport[22m | Preparing files to reimport...[39m[0m
[  18% ] [90m[1mreimport[22m | Preparing files to reimport...[39m[0m
[  18% ] [90m[1mreimport[22m | Preparing files to reimport...[39m[0m
[  18% ] [90m[1mreimport[22m | Preparing files to reimport...[39m[0m
[  18% ] [90m[1mreimport[22m | Preparing files to reimport...[39m[0m
[  18% ] [90m[1mreimport[22m | Preparing files to reimport...[39m[0m
[  18% ] [90m[1mreimport[22m | Preparing files to reimport...[39m[0m
[  18% ] [90m[1mreimport[22m | Preparing files to reimport...[39m[0m
[  18% ] [90m[1mreimport[22m | Preparing files to reimport...[39m[0m
[  18% ] [90m[1mreimport[22m | Preparing files to reimport...[39m[0m
[  18% ] [90m[1mreimport[22m | Preparing files to reimport...[39m[0m
[  18% ] [90m[1mreimport[22m | Preparing files to reimport...[39m[0m
[  18% ] [90m[1mreimport[22m | Preparing files to reimport...[39m[0m
[  19% ] [90m[1mreimport[22m | Preparing files to reimport...[39m[0m
[  19% ] [90m[1mreimport[22m | Preparing files to reimport...[39m[0m
[  19% ] [90m[1mreimport[22m | Preparing files to reimport...[39m[0m
[  19% ] [90m[1mreimport[22m | Preparing files to reimport...[39m[0m
[  19% ] [90m[1mreimport[22m | Preparing files to reimport...[39m[0m
[  19% ] [90m[1mreimport[22m | Preparing files to reimport...[39m[0m
[  19% ] [90m[1mreimport[22m | Preparing files to reimport...[39m[0m
[  19% ] [90m[1mreimport[22m | Preparing files to reimport...[39m[0m
[  19% ] [90m[1mreimport[22m | Preparing files to reimport...[39m[0m
[  19% ] [90m[1mreimport[22m | Preparing files to reimport...[39m[0m
[  19% ] [90m[1mreimport[22m | Preparing files to reimport...[39m[0m
[  19% ] [90m[1mreimport[22m | Preparing files to reimport...[39m[0m
[  19% ] [90m[1mreimport[22m | Preparing files to reimport...[39m[0m
[  20% ] [90m[1mreimport[22m | Preparing files to reimport...[39m[0m
[  20% ] [90m[1mreimport[22m | Preparing files to reimport...[39m[0m
[  20% ] [90m[1mreimport[22m | Preparing files to reimport...[39m[0m
[  20% ] [90m[1mreimport[22m | Preparing files to reimport...[39m[0m
[  20% ] [90m[1mreimport[22m | Preparing files to reimport...[39m[0m
[  20% ] [90m[1mreimport[22m | Preparing files to reimport...[39m[0m
[  20% ] [90m[1mreimport[22m | Preparing files to reimport...[39m[0m
[  20% ] [90m[1mreimport[22m | Preparing files to reimport...[39m[0m
[  20% ] [90m[1mreimport[22m | Preparing files to reimport...[39m[0m
[  20% ] [90m[1mreimport[22m | Preparing files to reimport...[39m[0m
[  20% ] [90m[1mreimport[22m | Preparing files to reimport...[39m[0m
[  20% ] [90m[1mreimport[22m | Preparing files to reimport...[39m[0m
[  21% ] [90m[1mreimport[22m | Preparing files to reimport...[39m[0m
[  21% ] [90m[1mreimport[22m | Preparing files to reimport...[39m[0m
[  21% ] [90m[1mreimport[22m | Preparing files to reimport...[39m[0m
[  21% ] [90m[1mreimport[22m | Preparing files to reimport...[39m[0m
[  21% ] [90m[1mreimport[22m | Preparing files to reimport...[39m[0m
[  21% ] [90m[1mreimport[22m | Preparing files to reimport...[39m[0m
[  21% ] [90m[1mreimport[22m | Preparing files to reimport...[39m[0m
[  21% ] [90m[1mreimport[22m | Preparing files to reimport...[39m[0m
[  21% ] [90m[1mreimport[22m | Preparing files to reimport...[39m[0m
[  21% ] [90m[1mreimport[22m | Preparing files to reimport...[39m[0m
[  21% ] [90m[1mreimport[22m | Preparing files to reimport...[39m[0m
[  21% ] [90m[1mreimport[22m | Preparing files to reimport...[39m[0m
[  22% ] [90m[1mreimport[22m | Preparing files to reimport...[39m[0m
[  22% ] [90m[1mreimport[22m | Preparing files to reimport...[39m[0m
[  22% ] [90m[1mreimport[22m | Preparing files to reimport...[39m[0m
[  22% ] [90m[1mreimport[22m | Preparing files to reimport...[39m[0m
[  22% ] [90m[1mreimport[22m | Preparing files to reimport...[39m[0m
[  22% ] [90m[1mreimport[22m | Preparing files to reimport...[39m[0m
[  22% ] [90m[1mreimport[22m | Preparing files to reimport...[39m[0m
[  22% ] [90m[1mreimport[22m | Preparing files to reimport...[39m[0m
[  22% ] [90m[1mreimport[22m | Preparing files to reimport...[39m[0m
[  22% ] [90m[1mreimport[22m | Preparing files to reimport...[39m[0m
[  22% ] [90m[1mreimport[22m | Preparing files to reimport...[39m[0m
[  22% ] [90m[1mreimport[22m | Preparing files to reimport...[39m[0m
[  22% ] [90m[1mreimport[22m | Preparing files to reimport...[39m[0m
[  23% ] [90m[1mreimport[22m | Preparing files to reimport...[39m[0m
[  23% ] [90m[1mreimport[22m | Preparing files to reimport...[39m[0m
[  23% ] [90m[1mreimport[22m | Preparing files to reimport...[39m[0m
[  23% ] [90m[1mreimport[22m | Preparing files to reimport...[39m[0m
[  23% ] [90m[1mreimport[22m | Preparing files to reimport...[39m[0m
[  23% ] [90m[1mreimport[22m | Preparing files to reimport...[39m[0m
[  23% ] [90m[1mreimport[22m | Preparing files to reimport...[39m[0m
[  23% ] [90m[1mreimport[22m | Preparing files to reimport...[39m[0m
[  23% ] [90m[1mreimport[22m | Preparing files to reimport...[39m[0m
[  23% ] [90m[1mreimport[22m | Preparing files to reimport...[39m[0m
[  23% ] [90m[1mreimport[22m | Preparing files to reimport...[39m[0m
[  23% ] [90m[1mreimport[22m | Preparing files to reimport...[39m[0m
[  24% ] [90m[1mreimport[22m | Preparing files to reimport...[39m[0m
[  24% ] [90m[1mreimport[22m | Preparing files to reimport...[39m[0m
[  24% ] [90m[1mreimport[22m | Preparing files to reimport...[39m[0m
[  24% ] [90m[1mreimport[22m | Preparing files to reimport...[39m[0m
[  24% ] [90m[1mreimport[22m | Preparing files to reimport...[39m[0m
[  24% ] [90m[1mreimport[22m | Preparing files to reimport...[39m[0m
[  24% ] [90m[1mreimport[22m | Preparing files to reimport...[39m[0m
[  24% ] [90m[1mreimport[22m | Preparing files to reimport...[39m[0m
[  24% ] [90m[1mreimport[22m | Preparing files to reimport...[39m[0m
[  24% ] [90m[1mreimport[22m | Preparing files to reimport...[39m[0m
[  24% ] [90m[1mreimport[22m | Preparing files to reimport...[39m[0m
[  24% ] [90m[1mreimport[22m | Preparing files to reimport...[39m[0m
[  25% ] [90m[1mreimport[22m | Preparing files to reimport...[39m[0m
[  25% ] [90m[1mreimport[22m | Preparing files to reimport...[39m[0m
[  25% ] [90m[1mreimport[22m | Preparing files to reimport...[39m[0m
[  25% ] [90m[1mreimport[22m | Preparing files to reimport...[39m[0m
[  25% ] [90m[1mreimport[22m | Preparing files to reimport...[39m[0m
[  25% ] [90m[1mreimport[22m | Preparing files to reimport...[39m[0m
[  25% ] [90m[1mreimport[22m | Preparing files to reimport...[39m[0m
[  25% ] [90m[1mreimport[22m | Preparing files to reimport...[39m[0m
[  25% ] [90m[1mreimport[22m | Preparing files to reimport...[39m[0m
[  25% ] [90m[1mreimport[22m | Preparing files to reimport...[39m[0m
[  25% ] [90m[1mreimport[22m | Preparing files to reimport...[39m[0m
[  25% ] [90m[1mreimport[22m | Preparing files to reimport...[39m[0m
[  25% ] [90m[1mreimport[22m | Preparing files to reimport...[39m[0m
[  26% ] [90m[1mreimport[22m | Preparing files to reimport...[39m[0m
[  26% ] [90m[1mreimport[22m | Preparing files to reimport...[39m[0m
[  26% ] [90m[1mreimport[22m | Preparing files to reimport...[39m[0m
[  26% ] [90m[1mreimport[22m | Preparing files to reimport...[39m[0m
[  26% ] [90m[1mreimport[22m | Preparing files to reimport...[39m[0m
[  26% ] [90m[1mreimport[22m | Preparing files to reimport...[39m[0m
[  26% ] [90m[1mreimport[22m | Preparing files to reimport...[39m[0m
[  26% ] [90m[1mreimport[22m | Preparing files to reimport...[39m[0m
[  26% ] [90m[1mreimport[22m | Preparing files to reimport...[39m[0m
[  26% ] [90m[1mreimport[22m | Preparing files to reimport...[39m[0m
[  26% ] [90m[1mreimport[22m | Preparing files to reimport...[39m[0m
[  26% ] [90m[1mreimport[22m | Preparing files to reimport...[39m[0m
[  27% ] [90m[1mreimport[22m | Preparing files to reimport...[39m[0m
[  27% ] [90m[1mreimport[22m | Preparing files to reimport...[39m[0m
[  27% ] [90m[1mreimport[22m | Preparing files to reimport...[39m[0m
[  27% ] [90m[1mreimport[22m | Preparing files to reimport...[39m[0m
[  27% ] [90m[1mreimport[22m | Preparing files to reimport...[39m[0m
[  27% ] [90m[1mreimport[22m | Preparing files to reimport...[39m[0m
[  27% ] [90m[1mreimport[22m | Preparing files to reimport...[39m[0m
[  27% ] [90m[1mreimport[22m | Preparing files to reimport...[39m[0m
[  27% ] [90m[1mreimport[22m | Preparing files to reimport...[39m[0m
[  27% ] [90m[1mreimport[22m | Preparing files to reimport...[39m[0m
[  27% ] [90m[1mreimport[22m | Preparing files to reimport...[39m[0m
[  27% ] [90m[1mreimport[22m | Preparing files to reimport...[39m[0m
[  27% ] [90m[1mreimport[22m | Preparing files to reimport...[39m[0m
[  28% ] [90m[1mreimport[22m | Preparing files to reimport...[39m[0m
[  28% ] [90m[1mreimport[22m | Preparing files to reimport...[39m[0m
[  28% ] [90m[1mreimport[22m | Preparing files to reimport...[39m[0m
[  28% ] [90m[1mreimport[22m | Preparing files to reimport...[39m[0m
[  28% ] [90m[1mreimport[22m | Preparing files to reimport...[39m[0m
[  28% ] [90m[1mreimport[22m | Preparing files to reimport...[39m[0m
[  28% ] [90m[1mreimport[22m | Preparing files to reimport...[39m[0m
[  28% ] [90m[1mreimport[22m | Preparing files to reimport...[39m[0m
[  28% ] [90m[1mreimport[22m | Preparing files to reimport...[39m[0m
[  28% ] [90m[1mreimport[22m | Preparing files to reimport...[39m[0m
[  28% ] [90m[1mreimport[22m | Preparing files to reimport...[39m[0m
[  28% ] [90m[1mreimport[22m | Preparing files to reimport...[39m[0m
[  29% ] [90m[1mreimport[22m | Preparing files to reimport...[39m[0m
[  29% ] [90m[1mreimport[22m | Preparing files to reimport...[39m[0m
[  29% ] [90m[1mreimport[22m | Preparing files to reimport...[39m[0m
[  29% ] [90m[1mreimport[22m | Preparing files to reimport...[39m[0m
[  29% ] [90m[1mreimport[22m | Preparing files to reimport...[39m[0m
[  29% ] [90m[1mreimport[22m | Preparing files to reimport...[39m[0m
[  29% ] [90m[1mreimport[22m | Preparing files to reimport...[39m[0m
[  29% ] [90m[1mreimport[22m | Preparing files to reimport...[39m[0m
[  29% ] [90m[1mreimport[22m | Preparing files to reimport...[39m[0m
[  29% ] [90m[1mreimport[22m | Preparing files to reimport...[39m[0m
[  29% ] [90m[1mreimport[22m | Preparing files to reimport...[39m[0m
[  29% ] [90m[1mreimport[22m | Preparing files to reimport...[39m[0m
[  30% ] [90m[1mreimport[22m | Preparing files to reimport...[39m[0m
[  30% ] [90m[1mreimport[22m | Preparing files to reimport...[39m[0m
[  30% ] [90m[1mreimport[22m | Preparing files to reimport...[39m[0m
[  30% ] [90m[1mreimport[22m | Preparing files to reimport...[39m[0m
[  30% ] [90m[1mreimport[22m | Preparing files to reimport...[39m[0m
[  30% ] [90m[1mreimport[22m | Preparing files to reimport...[39m[0m
[  30% ] [90m[1mreimport[22m | Preparing files to reimport...[39m[0m
[  30% ] [90m[1mreimport[22m | Preparing files to reimport...[39m[0m
[  30% ] [90m[1mreimport[22m | Preparing files to reimport...[39m[0m
[  30% ] [90m[1mreimport[22m | Preparing files to reimport...[39m[0m
[  30% ] [90m[1mreimport[22m | Preparing files to reimport...[39m[0m
[  30% ] [90m[1mreimport[22m | Preparing files to reimport...[39m[0m
[  30% ] [90m[1mreimport[22m | Preparing files to reimport...[39m[0m
[  31% ] [90m[1mreimport[22m | Preparing files to reimport...[39m[0m
[  31% ] [90m[1mreimport[22m | Preparing files to reimport...[39m[0m
[  31% ] [90m[1mreimport[22m | Preparing files to reimport...[39m[0m
[  31% ] [90m[1mreimport[22m | Preparing files to reimport...[39m[0m
[  31% ] [90m[1mreimport[22m | Preparing files to reimport...[39m[0m
[  31% ] [90m[1mreimport[22m | Preparing files to reimport...[39m[0m
[  31% ] [90m[1mreimport[22m | Preparing files to reimport...[39m[0m
[  31% ] [90m[1mreimport[22m | Preparing files to reimport...[39m[0m
[  31% ] [90m[1mreimport[22m | Preparing files to reimport...[39m[0m
[  31% ] [90m[1mreimport[22m | Preparing files to reimport...[39m[0m
[  31% ] [90m[1mreimport[22m | Preparing files to reimport...[39m[0m
[  31% ] [90m[1mreimport[22m | Preparing files to reimport...[39m[0m
[  32% ] [90m[1mreimport[22m | Preparing files to reimport...[39m[0m
[  32% ] [90m[1mreimport[22m | Preparing files to reimport...[39m[0m
[  32% ] [90m[1mreimport[22m | Preparing files to reimport...[39m[0m
[  32% ] [90m[1mreimport[22m | Preparing files to reimport...[39m[0m
[  32% ] [90m[1mreimport[22m | Preparing files to reimport...[39m[0m
[  32% ] [90m[1mreimport[22m | Preparing files to reimport...[39m[0m
[  32% ] [90m[1mreimport[22m | Preparing files to reimport...[39m[0m
[  32% ] [90m[1mreimport[22m | Preparing files to reimport...[39m[0m
[  32% ] [90m[1mreimport[22m | Preparing files to reimport...[39m[0m
[  32% ] [90m[1mreimport[22m | Preparing files to reimport...[39m[0m
[  32% ] [90m[1mreimport[22m | Preparing files to reimport...[39m[0m
[  32% ] [90m[1mreimport[22m | Preparing files to reimport...[39m[0m
[  33% ] [90m[1mreimport[22m | Preparing files to reimport...[39m[0m
[  33% ] [90m[1mreimport[22m | Preparing files to reimport...[39m[0m
[  33% ] [90m[1mreimport[22m | Preparing files to reimport...[39m[0m
[  33% ] [90m[1mreimport[22m | Preparing files to reimport...[39m[0m
[  33% ] [90m[1mreimport[22m | Preparing files to reimport...[39m[0m
[  33% ] [90m[1mreimport[22m | Preparing files to reimport...[39m[0m
[  33% ] [90m[1mreimport[22m | Preparing files to reimport...[39m[0m
[  33% ] [90m[1mreimport[22m | Preparing files to reimport...[39m[0m
[  33% ] [90m[1mreimport[22m | Preparing files to reimport...[39m[0m
[  33% ] [90m[1mreimport[22m | Preparing files to reimport...[39m[0m
[  33% ] [90m[1mreimport[22m | Preparing files to reimport...[39m[0m
[  33% ] [90m[1mreimport[22m | Preparing files to reimport...[39m[0m
[  33% ] [90m[1mreimport[22m | Preparing files to reimport...[39m[0m
[  34% ] [90m[1mreimport[22m | Preparing files to reimport...[39m[0m
[  34% ] [90m[1mreimport[22m | Preparing files to reimport...[39m[0m
[  34% ] [90m[1mreimport[22m | Preparing files to reimport...[39m[0m
[  34% ] [90m[1mreimport[22m | Preparing files to reimport...[39m[0m
[  34% ] [90m[1mreimport[22m | Preparing files to reimport...[39m[0m
[  34% ] [90m[1mreimport[22m | Preparing files to reimport...[39m[0m
[  34% ] [90m[1mreimport[22m | Preparing files to reimport...[39m[0m
[  34% ] [90m[1mreimport[22m | Preparing files to reimport...[39m[0m
[  34% ] [90m[1mreimport[22m | Preparing files to reimport...[39m[0m
[  34% ] [90m[1mreimport[22m | Preparing files to reimport...[39m[0m
[  34% ] [90m[1mreimport[22m | Preparing files to reimport...[39m[0m
[  34% ] [90m[1mreimport[22m | Preparing files to reimport...[39m[0m
[  35% ] [90m[1mreimport[22m | Preparing files to reimport...[39m[0m
[  35% ] [90m[1mreimport[22m | Preparing files to reimport...[39m[0m
[  35% ] [90m[1mreimport[22m | Preparing files to reimport...[39m[0m
[  35% ] [90m[1mreimport[22m | Preparing files to reimport...[39m[0m
[  35% ] [90m[1mreimport[22m | Preparing files to reimport...[39m[0m
[  35% ] [90m[1mreimport[22m | Preparing files to reimport...[39m[0m
[  35% ] [90m[1mreimport[22m | Preparing files to reimport...[39m[0m
[  35% ] [90m[1mreimport[22m | Preparing files to reimport...[39m[0m
[  35% ] [90m[1mreimport[22m | Preparing files to reimport...[39m[0m
[  35% ] [90m[1mreimport[22m | Preparing files to reimport...[39m[0m
[  35% ] [90m[1mreimport[22m | Preparing files to reimport...[39m[0m
[  35% ] [90m[1mreimport[22m | Preparing files to reimport...[39m[0m
[  36% ] [90m[1mreimport[22m | Preparing files to reimport...[39m[0m
[  36% ] [90m[1mreimport[22m | Preparing files to reimport...[39m[0m
[  36% ] [90m[1mreimport[22m | Preparing files to reimport...[39m[0m
[  36% ] [90m[1mreimport[22m | Preparing files to reimport...[39m[0m
[  36% ] [90m[1mreimport[22m | Preparing files to reimport...[39m[0m
[  36% ] [90m[1mreimport[22m | Preparing files to reimport...[39m[0m
[  36% ] [90m[1mreimport[22m | Preparing files to reimport...[39m[0m
[  36% ] [90m[1mreimport[22m | Preparing files to reimport...[39m[0m
[  36% ] [90m[1mreimport[22m | Preparing files to reimport...[39m[0m
[  36% ] [90m[1mreimport[22m | Preparing files to reimport...[39m[0m
[  36% ] [90m[1mreimport[22m | Preparing files to reimport...[39m[0m
[  36% ] [90m[1mreimport[22m | Preparing files to reimport...[39m[0m
[  36% ] [90m[1mreimport[22m | Preparing files to reimport...[39m[0m
[  37% ] [90m[1mreimport[22m | Preparing files to reimport...[39m[0m
[  37% ] [90m[1mreimport[22m | Preparing files to reimport...[39m[0m
[  37% ] [90m[1mreimport[22m | Preparing files to reimport...[39m[0m
[  37% ] [90m[1mreimport[22m | Preparing files to reimport...[39m[0m
[  37% ] [90m[1mreimport[22m | Preparing files to reimport...[39m[0m
[  37% ] [90m[1mreimport[22m | Preparing files to reimport...[39m[0m
[  37% ] [90m[1mreimport[22m | Preparing files to reimport...[39m[0m
[  37% ] [90m[1mreimport[22m | Preparing files to reimport...[39m[0m
[  37% ] [90m[1mreimport[22m | Preparing files to reimport...[39m[0m
[  37% ] [90m[1mreimport[22m | Preparing files to reimport...[39m[0m
[  37% ] [90m[1mreimport[22m | Preparing files to reimport...[39m[0m
[  37% ] [90m[1mreimport[22m | Preparing files to reimport...[39m[0m
[  38% ] [90m[1mreimport[22m | Preparing files to reimport...[39m[0m
[  38% ] [90m[1mreimport[22m | Preparing files to reimport...[39m[0m
[  38% ] [90m[1mreimport[22m | Preparing files to reimport...[39m[0m
[  38% ] [90m[1mreimport[22m | Preparing files to reimport...[39m[0m
[  38% ] [90m[1mreimport[22m | Preparing files to reimport...[39m[0m
[  38% ] [90m[1mreimport[22m | Preparing files to reimport...[39m[0m
[  38% ] [90m[1mreimport[22m | Preparing files to reimport...[39m[0m
[  38% ] [90m[1mreimport[22m | Preparing files to reimport...[39m[0m
[  38% ] [90m[1mreimport[22m | Preparing files to reimport...[39m[0m
[  38% ] [90m[1mreimport[22m | Preparing files to reimport...[39m[0m
[  38% ] [90m[1mreimport[22m | Preparing files to reimport...[39m[0m
[  38% ] [90m[1mreimport[22m | Preparing files to reimport...[39m[0m
[  38% ] [90m[1mreimport[22m | Preparing files to reimport...[39m[0m
[  39% ] [90m[1mreimport[22m | Preparing files to reimport...[39m[0m
[  39% ] [90m[1mreimport[22m | Preparing files to reimport...[39m[0m
[  39% ] [90m[1mreimport[22m | Preparing files to reimport...[39m[0m
[  39% ] [90m[1mreimport[22m | Preparing files to reimport...[39m[0m
[  39% ] [90m[1mreimport[22m | Preparing files to reimport...[39m[0m
[  39% ] [90m[1mreimport[22m | Preparing files to reimport...[39m[0m
[  39% ] [90m[1mreimport[22m | Preparing files to reimport...[39m[0m
[  39% ] [90m[1mreimport[22m | Preparing files to reimport...[39m[0m
[  39% ] [90m[1mreimport[22m | Preparing files to reimport...[39m[0m
[  39% ] [90m[1mreimport[22m | Preparing files to reimport...[39m[0m
[  39% ] [90m[1mreimport[22m | Preparing files to reimport...[39m[0m
[  39% ] [90m[1mreimport[22m | Preparing files to reimport...[39m[0m
[  40% ] [90m[1mreimport[22m | Preparing files to reimport...[39m[0m
[  40% ] [90m[1mreimport[22m | Preparing files to reimport...[39m[0m
[  40% ] [90m[1mreimport[22m | Preparing files to reimport...[39m[0m
[  40% ] [90m[1mreimport[22m | Preparing files to reimport...[39m[0m
[  40% ] [90m[1mreimport[22m | Preparing files to reimport...[39m[0m
[  40% ] [90m[1mreimport[22m | Preparing files to reimport...[39m[0m
[  40% ] [90m[1mreimport[22m | Preparing files to reimport...[39m[0m
[  40% ] [90m[1mreimport[22m | Preparing files to reimport...[39m[0m
[  40% ] [90m[1mreimport[22m | Preparing files to reimport...[39m[0m
[  40% ] [90m[1mreimport[22m | Preparing files to reimport...[39m[0m
[  40% ] [90m[1mreimport[22m | Preparing files to reimport...[39m[0m
[  40% ] [90m[1mreimport[22m | Preparing files to reimport...[39m[0m
[  41% ] [90m[1mreimport[22m | Preparing files to reimport...[39m[0m
[  41% ] [90m[1mreimport[22m | Preparing files to reimport...[39m[0m
[  41% ] [90m[1mreimport[22m | Preparing files to reimport...[39m[0m
[  41% ] [90m[1mreimport[22m | Preparing files to reimport...[39m[0m
[  41% ] [90m[1mreimport[22m | Preparing files to reimport...[39m[0m
[  41% ] [90m[1mreimport[22m | Preparing files to reimport...[39m[0m
[  41% ] [90m[1mreimport[22m | Preparing files to reimport...[39m[0m
[  41% ] [90m[1mreimport[22m | Preparing files to reimport...[39m[0m
[  41% ] [90m[1mreimport[22m | Preparing files to reimport...[39m[0m
[  41% ] [90m[1mreimport[22m | Preparing files to reimport...[39m[0m
[  41% ] [90m[1mreimport[22m | Preparing files to reimport...[39m[0m
[  41% ] [90m[1mreimport[22m | Preparing files to reimport...[39m[0m
[  41% ] [90m[1mreimport[22m | Preparing files to reimport...[39m[0m
[  42% ] [90m[1mreimport[22m | Preparing files to reimport...[39m[0m
[  42% ] [90m[1mreimport[22m | Preparing files to reimport...[39m[0m
[  42% ] [90m[1mreimport[22m | Preparing files to reimport...[39m[0m
[  42% ] [90m[1mreimport[22m | Preparing files to reimport...[39m[0m
[  42% ] [90m[1mreimport[22m | Preparing files to reimport...[39m[0m
[  42% ] [90m[1mreimport[22m | Preparing files to reimport...[39m[0m
[  42% ] [90m[1mreimport[22m | Preparing files to reimport...[39m[0m
[  42% ] [90m[1mreimport[22m | Preparing files to reimport...[39m[0m
[  42% ] [90m[1mreimport[22m | Preparing files to reimport...[39m[0m
[  42% ] [90m[1mreimport[22m | Preparing files to reimport...[39m[0m
[  42% ] [90m[1mreimport[22m | Preparing files to reimport...[39m[0m
[  42% ] [90m[1mreimport[22m | Preparing files to reimport...[39m[0m
[  43% ] [90m[1mreimport[22m | Preparing files to reimport...[39m[0m
[  43% ] [90m[1mreimport[22m | Preparing files to reimport...[39m[0m
[  43% ] [90m[1mreimport[22m | Preparing files to reimport...[39m[0m
[  43% ] [90m[1mreimport[22m | Preparing files to reimport...[39m[0m
[  43% ] [90m[1mreimport[22m | Preparing files to reimport...[39m[0m
[  43% ] [90m[1mreimport[22m | Preparing files to reimport...[39m[0m
[  43% ] [90m[1mreimport[22m | Preparing files to reimport...[39m[0m
[  43% ] [90m[1mreimport[22m | Preparing files to reimport...[39m[0m
[  43% ] [90m[1mreimport[22m | Preparing files to reimport...[39m[0m
[  43% ] [90m[1mreimport[22m | Preparing files to reimport...[39m[0m
[  43% ] [90m[1mreimport[22m | Preparing files to reimport...[39m[0m
[  43% ] [90m[1mreimport[22m | Preparing files to reimport...[39m[0m
[  44% ] [90m[1mreimport[22m | Preparing files to reimport...[39m[0m
[  44% ] [90m[1mreimport[22m | Preparing files to reimport...[39m[0m
[  44% ] [90m[1mreimport[22m | Preparing files to reimport...[39m[0m
[  44% ] [90m[1mreimport[22m | Preparing files to reimport...[39m[0m
[  44% ] [90m[1mreimport[22m | Preparing files to reimport...[39m[0m
[  44% ] [90m[1mreimport[22m | Preparing files to reimport...[39m[0m
[  44% ] [90m[1mreimport[22m | Preparing files to reimport...[39m[0m
[  44% ] [90m[1mreimport[22m | Preparing files to reimport...[39m[0m
[  44% ] [90m[1mreimport[22m | Preparing files to reimport...[39m[0m
[  44% ] [90m[1mreimport[22m | Preparing files to reimport...[39m[0m
[  44% ] [90m[1mreimport[22m | Preparing files to reimport...[39m[0m
[  44% ] [90m[1mreimport[22m | Preparing files to reimport...[39m[0m
[  44% ] [90m[1mreimport[22m | Preparing files to reimport...[39m[0m
[  45% ] [90m[1mreimport[22m | Preparing files to reimport...[39m[0m
[  45% ] [90m[1mreimport[22m | Preparing files to reimport...[39m[0m
[  45% ] [90m[1mreimport[22m | Preparing files to reimport...[39m[0m
[  45% ] [90m[1mreimport[22m | Preparing files to reimport...[39m[0m
[  45% ] [90m[1mreimport[22m | Preparing files to reimport...[39m[0m
[  45% ] [90m[1mreimport[22m | Preparing files to reimport...[39m[0m
[  45% ] [90m[1mreimport[22m | Preparing files to reimport...[39m[0m
[  45% ] [90m[1mreimport[22m | Preparing files to reimport...[39m[0m
[  45% ] [90m[1mreimport[22m | Preparing files to reimport...[39m[0m
[  45% ] [90m[1mreimport[22m | Preparing files to reimport...[39m[0m
[  45% ] [90m[1mreimport[22m | Preparing files to reimport...[39m[0m
[  45% ] [90m[1mreimport[22m | Preparing files to reimport...[39m[0m
[  46% ] [90m[1mreimport[22m | Preparing files to reimport...[39m[0m
[  46% ] [90m[1mreimport[22m | Preparing files to reimport...[39m[0m
[  46% ] [90m[1mreimport[22m | Preparing files to reimport...[39m[0m
[  46% ] [90m[1mreimport[22m | Preparing files to reimport...[39m[0m
[  46% ] [90m[1mreimport[22m | Preparing files to reimport...[39m[0m
[  46% ] [90m[1mreimport[22m | Preparing files to reimport...[39m[0m
[  46% ] [90m[1mreimport[22m | Preparing files to reimport...[39m[0m
[  46% ] [90m[1mreimport[22m | Preparing files to reimport...[39m[0m
[  46% ] [90m[1mreimport[22m | Preparing files to reimport...[39m[0m
[  46% ] [90m[1mreimport[22m | Preparing files to reimport...[39m[0m
[  46% ] [90m[1mreimport[22m | Preparing files to reimport...[39m[0m
[  46% ] [90m[1mreimport[22m | Preparing files to reimport...[39m[0m
[  47% ] [90m[1mreimport[22m | Preparing files to reimport...[39m[0m
[  47% ] [90m[1mreimport[22m | Preparing files to reimport...[39m[0m
[  47% ] [90m[1mreimport[22m | Preparing files to reimport...[39m[0m
[  47% ] [90m[1mreimport[22m | Preparing files to reimport...[39m[0m
[  47% ] [90m[1mreimport[22m | Preparing files to reimport...[39m[0m
[  47% ] [90m[1mreimport[22m | Preparing files to reimport...[39m[0m
[  47% ] [90m[1mreimport[22m | Preparing files to reimport...[39m[0m
[  47% ] [90m[1mreimport[22m | Preparing files to reimport...[39m[0m
[  47% ] [90m[1mreimport[22m | Preparing files to reimport...[39m[0m
[  47% ] [90m[1mreimport[22m | Preparing files to reimport...[39m[0m
[  47% ] [90m[1mreimport[22m | Preparing files to reimport...[39m[0m
[  47% ] [90m[1mreimport[22m | Preparing files to reimport...[39m[0m
[  47% ] [90m[1mreimport[22m | Preparing files to reimport...[39m[0m
[  48% ] [90m[1mreimport[22m | Preparing files to reimport...[39m[0m
[  48% ] [90m[1mreimport[22m | Preparing files to reimport...[39m[0m
[  48% ] [90m[1mreimport[22m | Preparing files to reimport...[39m[0m
[  48% ] [90m[1mreimport[22m | Preparing files to reimport...[39m[0m
[  48% ] [90m[1mreimport[22m | Preparing files to reimport...[39m[0m
[  48% ] [90m[1mreimport[22m | Preparing files to reimport...[39m[0m
[  48% ] [90m[1mreimport[22m | Preparing files to reimport...[39m[0m
[  48% ] [90m[1mreimport[22m | Preparing files to reimport...[39m[0m
[  48% ] [90m[1mreimport[22m | Preparing files to reimport...[39m[0m
[  48% ] [90m[1mreimport[22m | Preparing files to reimport...[39m[0m
[  48% ] [90m[1mreimport[22m | Preparing files to reimport...[39m[0m
[  48% ] [90m[1mreimport[22m | Preparing files to reimport...[39m[0m
[  49% ] [90m[1mreimport[22m | Preparing files to reimport...[39m[0m
[  49% ] [90m[1mreimport[22m | Preparing files to reimport...[39m[0m
[  49% ] [90m[1mreimport[22m | Preparing files to reimport...[39m[0m
[  49% ] [90m[1mreimport[22m | Preparing files to reimport...[39m[0m
[  49% ] [90m[1mreimport[22m | Preparing files to reimport...[39m[0m
[  49% ] [90m[1mreimport[22m | Preparing files to reimport...[39m[0m
[  49% ] [90m[1mreimport[22m | Preparing files to reimport...[39m[0m
[  49% ] [90m[1mreimport[22m | Preparing files to reimport...[39m[0m
[  49% ] [90m[1mreimport[22m | Preparing files to reimport...[39m[0m
[  49% ] [90m[1mreimport[22m | Preparing files to reimport...[39m[0m
[  49% ] [90m[1mreimport[22m | Preparing files to reimport...[39m[0m
[  49% ] [90m[1mreimport[22m | Preparing files to reimport...[39m[0m
[  50% ] [90m[1mreimport[22m | Preparing files to reimport...[39m[0m
[  50% ] [90m[1mreimport[22m | Preparing files to reimport...[39m[0m
[  50% ] [90m[1mreimport[22m | Preparing files to reimport...[39m[0m
[  50% ] [90m[1mreimport[22m | Preparing files to reimport...[39m[0m
[  50% ] [90m[1mreimport[22m | Preparing files to reimport...[39m[0m
[  50% ] [90m[1mreimport[22m | Preparing files to reimport...[39m[0m
[  50% ] [90m[1mreimport[22m | Preparing files to reimport...[39m[0m
[  50% ] [90m[1mreimport[22m | Preparing files to reimport...[39m[0m
[  50% ] [90m[1mreimport[22m | Preparing files to reimport...[39m[0m
[  50% ] [90m[1mreimport[22m | Preparing files to reimport...[39m[0m
[  50% ] [90m[1mreimport[22m | Preparing files to reimport...[39m[0m
[  50% ] [90m[1mreimport[22m | Preparing files to reimport...[39m[0m
[  50% ] [90m[1mreimport[22m | Preparing files to reimport...[39m[0m
[  51% ] [90m[1mreimport[22m | Preparing files to reimport...[39m[0m
[  51% ] [90m[1mreimport[22m | Preparing files to reimport...[39m[0m
[  51% ] [90m[1mreimport[22m | Preparing files to reimport...[39m[0m
[  51% ] [90m[1mreimport[22m | Preparing files to reimport...[39m[0m
[  51% ] [90m[1mreimport[22m | Preparing files to reimport...[39m[0m
[  51% ] [90m[1mreimport[22m | Preparing files to reimport...[39m[0m
[  51% ] [90m[1mreimport[22m | Preparing files to reimport...[39m[0m
[  51% ] [90m[1mreimport[22m | Preparing files to reimport...[39m[0m
[  51% ] [90m[1mreimport[22m | Preparing files to reimport...[39m[0m
[  51% ] [90m[1mreimport[22m | Preparing files to reimport...[39m[0m
[  51% ] [90m[1mreimport[22m | Preparing files to reimport...[39m[0m
[  51% ] [90m[1mreimport[22m | Preparing files to reimport...[39m[0m
[  52% ] [90m[1mreimport[22m | Preparing files to reimport...[39m[0m
[  52% ] [90m[1mreimport[22m | Preparing files to reimport...[39m[0m
[  52% ] [90m[1mreimport[22m | Preparing files to reimport...[39m[0m
[  52% ] [90m[1mreimport[22m | Preparing files to reimport...[39m[0m
[  52% ] [90m[1mreimport[22m | Preparing files to reimport...[39m[0m
[  52% ] [90m[1mreimport[22m | Preparing files to reimport...[39m[0m
[  52% ] [90m[1mreimport[22m | Preparing files to reimport...[39m[0m
[  52% ] [90m[1mreimport[22m | Preparing files to reimport...[39m[0m
[  52% ] [90m[1mreimport[22m | Preparing files to reimport...[39m[0m
[  52% ] [90m[1mreimport[22m | Preparing files to reimport...[39m[0m
[  52% ] [90m[1mreimport[22m | Preparing files to reimport...[39m[0m
[  52% ] [90m[1mreimport[22m | Preparing files to reimport...[39m[0m
[  52% ] [90m[1mreimport[22m | Preparing files to reimport...[39m[0m
[  53% ] [90m[1mreimport[22m | Preparing files to reimport...[39m[0m
[  53% ] [90m[1mreimport[22m | Preparing files to reimport...[39m[0m
[  53% ] [90m[1mreimport[22m | Preparing files to reimport...[39m[0m
[  53% ] [90m[1mreimport[22m | Preparing files to reimport...[39m[0m
[  53% ] [90m[1mreimport[22m | Preparing files to reimport...[39m[0m
[  53% ] [90m[1mreimport[22m | Preparing files to reimport...[39m[0m
[  53% ] [90m[1mreimport[22m | Preparing files to reimport...[39m[0m
[  53% ] [90m[1mreimport[22m | Preparing files to reimport...[39m[0m
[  53% ] [90m[1mreimport[22m | Preparing files to reimport...[39m[0m
[  53% ] [90m[1mreimport[22m | Preparing files to reimport...[39m[0m
[  53% ] [90m[1mreimport[22m | Preparing files to reimport...[39m[0m
[  53% ] [90m[1mreimport[22m | Preparing files to reimport...[39m[0m
[  54% ] [90m[1mreimport[22m | Preparing files to reimport...[39m[0m
[  54% ] [90m[1mreimport[22m | Preparing files to reimport...[39m[0m
[  54% ] [90m[1mreimport[22m | Preparing files to reimport...[39m[0m
[  54% ] [90m[1mreimport[22m | Preparing files to reimport...[39m[0m
[  54% ] [90m[1mreimport[22m | Preparing files to reimport...[39m[0m
[  54% ] [90m[1mreimport[22m | Preparing files to reimport...[39m[0m
[  54% ] [90m[1mreimport[22m | Preparing files to reimport...[39m[0m
[  54% ] [90m[1mreimport[22m | Preparing files to reimport...[39m[0m
[  54% ] [90m[1mreimport[22m | Preparing files to reimport...[39m[0m
[  54% ] [90m[1mreimport[22m | Preparing files to reimport...[39m[0m
[  54% ] [90m[1mreimport[22m | Preparing files to reimport...[39m[0m
[  54% ] [90m[1mreimport[22m | Preparing files to reimport...[39m[0m
[  55% ] [90m[1mreimport[22m | Preparing files to reimport...[39m[0m
[  55% ] [90m[1mreimport[22m | Preparing files to reimport...[39m[0m
[  55% ] [90m[1mreimport[22m | Preparing files to reimport...[39m[0m
[  55% ] [90m[1mreimport[22m | Preparing files to reimport...[39m[0m
[  55% ] [90m[1mreimport[22m | Preparing files to reimport...[39m[0m
[  55% ] [90m[1mreimport[22m | Preparing files to reimport...[39m[0m
[  55% ] [90m[1mreimport[22m | Preparing files to reimport...[39m[0m
[  55% ] [90m[1mreimport[22m | Preparing files to reimport...[39m[0m
[  55% ] [90m[1mreimport[22m | Preparing files to reimport...[39m[0m
[  55% ] [90m[1mreimport[22m | Preparing files to reimport...[39m[0m
[  55% ] [90m[1mreimport[22m | Preparing files to reimport...[39m[0m
[  55% ] [90m[1mreimport[22m | Preparing files to reimport...[39m[0m
[  55% ] [90m[1mreimport[22m | Preparing files to reimport...[39m[0m
[  56% ] [90m[1mreimport[22m | Preparing files to reimport...[39m[0m
[  56% ] [90m[1mreimport[22m | Preparing files to reimport...[39m[0m
[  56% ] [90m[1mreimport[22m | Preparing files to reimport...[39m[0m
[  56% ] [90m[1mreimport[22m | Preparing files to reimport...[39m[0m
[  56% ] [90m[1mreimport[22m | Preparing files to reimport...[39m[0m
[  56% ] [90m[1mreimport[22m | Preparing files to reimport...[39m[0m
[  56% ] [90m[1mreimport[22m | Preparing files to reimport...[39m[0m
[  56% ] [90m[1mreimport[22m | Preparing files to reimport...[39m[0m
[  56% ] [90m[1mreimport[22m | Preparing files to reimport...[39m[0m
[  56% ] [90m[1mreimport[22m | Preparing files to reimport...[39m[0m
[  56% ] [90m[1mreimport[22m | Preparing files to reimport...[39m[0m
[  56% ] [90m[1mreimport[22m | Preparing files to reimport...[39m[0m
[  57% ] [90m[1mreimport[22m | Preparing files to reimport...[39m[0m
[  57% ] [90m[1mreimport[22m | Preparing files to reimport...[39m[0m
[  57% ] [90m[1mreimport[22m | Preparing files to reimport...[39m[0m
[  57% ] [90m[1mreimport[22m | Preparing files to reimport...[39m[0m
[  57% ] [90m[1mreimport[22m | Preparing files to reimport...[39m[0m
[  57% ] [90m[1mreimport[22m | Preparing files to reimport...[39m[0m
[  57% ] [90m[1mreimport[22m | Preparing files to reimport...[39m[0m
[  57% ] [90m[1mreimport[22m | Preparing files to reimport...[39m[0m
[  57% ] [90m[1mreimport[22m | Preparing files to reimport...[39m[0m
[  57% ] [90m[1mreimport[22m | Preparing files to reimport...[39m[0m
[  57% ] [90m[1mreimport[22m | Preparing files to reimport...[39m[0m
[  57% ] [90m[1mreimport[22m | Preparing files to reimport...[39m[0m
[  58% ] [90m[1mreimport[22m | Preparing files to reimport...[39m[0m
[  58% ] [90m[1mreimport[22m | Preparing files to reimport...[39m[0m
[  58% ] [90m[1mreimport[22m | Preparing files to reimport...[39m[0m
[  58% ] [90m[1mreimport[22m | Preparing files to reimport...[39m[0m
[  58% ] [90m[1mreimport[22m | Preparing files to reimport...[39m[0m
[  58% ] [90m[1mreimport[22m | Preparing files to reimport...[39m[0m
[  58% ] [90m[1mreimport[22m | Preparing files to reimport...[39m[0m
[  58% ] [90m[1mreimport[22m | Preparing files to reimport...[39m[0m
[  58% ] [90m[1mreimport[22m | Preparing files to reimport...[39m[0m
[  58% ] [90m[1mreimport[22m | Preparing files to reimport...[39m[0m
[  58% ] [90m[1mreimport[22m | Preparing files to reimport...[39m[0m
[  58% ] [90m[1mreimport[22m | Preparing files to reimport...[39m[0m
[  58% ] [90m[1mreimport[22m | Preparing files to reimport...[39m[0m
[  59% ] [90m[1mreimport[22m | Preparing files to reimport...[39m[0m
[  59% ] [90m[1mreimport[22m | Preparing files to reimport...[39m[0m
[  59% ] [90m[1mreimport[22m | Preparing files to reimport...[39m[0m
[  59% ] [90m[1mreimport[22m | Preparing files to reimport...[39m[0m
[  59% ] [90m[1mreimport[22m | Preparing files to reimport...[39m[0m
[  59% ] [90m[1mreimport[22m | Preparing files to reimport...[39m[0m
[  59% ] [90m[1mreimport[22m | Preparing files to reimport...[39m[0m
[  59% ] [90m[1mreimport[22m | Preparing files to reimport...[39m[0m
[  59% ] [90m[1mreimport[22m | Preparing files to reimport...[39m[0m
[  59% ] [90m[1mreimport[22m | Preparing files to reimport...[39m[0m
[  59% ] [90m[1mreimport[22m | Preparing files to reimport...[39m[0m
[  59% ] [90m[1mreimport[22m | Preparing files to reimport...[39m[0m
[  60% ] [90m[1mreimport[22m | Preparing files to reimport...[39m[0m
[  60% ] [90m[1mreimport[22m | Preparing files to reimport...[39m[0m
[  60% ] [90m[1mreimport[22m | Preparing files to reimport...[39m[0m
[  60% ] [90m[1mreimport[22m | Preparing files to reimport...[39m[0m
[  60% ] [90m[1mreimport[22m | Preparing files to reimport...[39m[0m
[  60% ] [90m[1mreimport[22m | Preparing files to reimport...[39m[0m
[  60% ] [90m[1mreimport[22m | Preparing files to reimport...[39m[0m
[  60% ] [90m[1mreimport[22m | Preparing files to reimport...[39m[0m
[  60% ] [90m[1mreimport[22m | Preparing files to reimport...[39m[0m
[  60% ] [90m[1mreimport[22m | Preparing files to reimport...[39m[0m
[  60% ] [90m[1mreimport[22m | Preparing files to reimport...[39m[0m
[  60% ] [90m[1mreimport[22m | Preparing files to reimport...[39m[0m
[  61% ] [90m[1mreimport[22m | Preparing files to reimport...[39m[0m
[  61% ] [90m[1mreimport[22m | Preparing files to reimport...[39m[0m
[  61% ] [90m[1mreimport[22m | Preparing files to reimport...[39m[0m
[  61% ] [90m[1mreimport[22m | Preparing files to reimport...[39m[0m
[  61% ] [90m[1mreimport[22m | Preparing files to reimport...[39m[0m
[  61% ] [90m[1mreimport[22m | Preparing files to reimport...[39m[0m
[  61% ] [90m[1mreimport[22m | Preparing files to reimport...[39m[0m
[  61% ] [90m[1mreimport[22m | Preparing files to reimport...[39m[0m
[  61% ] [90m[1mreimport[22m | Preparing files to reimport...[39m[0m
[  61% ] [90m[1mreimport[22m | Preparing files to reimport...[39m[0m
[  61% ] [90m[1mreimport[22m | Preparing files to reimport...[39m[0m
[  61% ] [90m[1mreimport[22m | Preparing files to reimport...[39m[0m
[  61% ] [90m[1mreimport[22m | Preparing files to reimport...[39m[0m
[  62% ] [90m[1mreimport[22m | Preparing files to reimport...[39m[0m
[  62% ] [90m[1mreimport[22m | Preparing files to reimport...[39m[0m
[  62% ] [90m[1mreimport[22m | Preparing files to reimport...[39m[0m
[  62% ] [90m[1mreimport[22m | Preparing files to reimport...[39m[0m
[  62% ] [90m[1mreimport[22m | Preparing files to reimport...[39m[0m
[  62% ] [90m[1mreimport[22m | Preparing files to reimport...[39m[0m
[  62% ] [90m[1mreimport[22m | Preparing files to reimport...[39m[0m
[  62% ] [90m[1mreimport[22m | Preparing files to reimport...[39m[0m
[  62% ] [90m[1mreimport[22m | Preparing files to reimport...[39m[0m
[  62% ] [90m[1mreimport[22m | Preparing files to reimport...[39m[0m
[  62% ] [90m[1mreimport[22m | Preparing files to reimport...[39m[0m
[  62% ] [90m[1mreimport[22m | Preparing files to reimport...[39m[0m
[  63% ] [90m[1mreimport[22m | Preparing files to reimport...[39m[0m
[  63% ] [90m[1mreimport[22m | Preparing files to reimport...[39m[0m
[  63% ] [90m[1mreimport[22m | Preparing files to reimport...[39m[0m
[  63% ] [90m[1mreimport[22m | Preparing files to reimport...[39m[0m
[  63% ] [90m[1mreimport[22m | Preparing files to reimport...[39m[0m
[  63% ] [90m[1mreimport[22m | Preparing files to reimport...[39m[0m
[  63% ] [90m[1mreimport[22m | Preparing files to reimport...[39m[0m
[  63% ] [90m[1mreimport[22m | Preparing files to reimport...[39m[0m
[  63% ] [90m[1mreimport[22m | Preparing files to reimport...[39m[0m
[  63% ] [90m[1mreimport[22m | Preparing files to reimport...[39m[0m
[  63% ] [90m[1mreimport[22m | Preparing files to reimport...[39m[0m
[  63% ] [90m[1mreimport[22m | Preparing files to reimport...[39m[0m
[  63% ] [90m[1mreimport[22m | Preparing files to reimport...[39m[0m
[  64% ] [90m[1mreimport[22m | Preparing files to reimport...[39m[0m
[  64% ] [90m[1mreimport[22m | Preparing files to reimport...[39m[0m
[  64% ] [90m[1mreimport[22m | Preparing files to reimport...[39m[0m
[  64% ] [90m[1mreimport[22m | Preparing files to reimport...[39m[0m
[  64% ] [90m[1mreimport[22m | Preparing files to reimport...[39m[0m
[  64% ] [90m[1mreimport[22m | Preparing files to reimport...[39m[0m
[  64% ] [90m[1mreimport[22m | Preparing files to reimport...[39m[0m
[  64% ] [90m[1mreimport[22m | Preparing files to reimport...[39m[0m
[  64% ] [90m[1mreimport[22m | Preparing files to reimport...[39m[0m
[  64% ] [90m[1mreimport[22m | Preparing files to reimport...[39m[0m
[  64% ] [90m[1mreimport[22m | Preparing files to reimport...[39m[0m
[  64% ] [90m[1mreimport[22m | Preparing files to reimport...[39m[0m
[  65% ] [90m[1mreimport[22m | Preparing files to reimport...[39m[0m
[  65% ] [90m[1mreimport[22m | Preparing files to reimport...[39m[0m
[  65% ] [90m[1mreimport[22m | Preparing files to reimport...[39m[0m
[  65% ] [90m[1mreimport[22m | Preparing files to reimport...[39m[0m
[  65% ] [90m[1mreimport[22m | Preparing files to reimport...[39m[0m
[  65% ] [90m[1mreimport[22m | Preparing files to reimport...[39m[0m
[  65% ] [90m[1mreimport[22m | Preparing files to reimport...[39m[0m
[  65% ] [90m[1mreimport[22m | Preparing files to reimport...[39m[0m
[  65% ] [90m[1mreimport[22m | Preparing files to reimport...[39m[0m
[  65% ] [90m[1mreimport[22m | Preparing files to reimport...[39m[0m
[  65% ] [90m[1mreimport[22m | Preparing files to reimport...[39m[0m
[  65% ] [90m[1mreimport[22m | Preparing files to reimport...[39m[0m
[  66% ] [90m[1mreimport[22m | Preparing files to reimport...[39m[0m
[  66% ] [90m[1mreimport[22m | Preparing files to reimport...[39m[0m
[  66% ] [90m[1mreimport[22m | Preparing files to reimport...[39m[0m
[  66% ] [90m[1mreimport[22m | Preparing files to reimport...[39m[0m
[  66% ] [90m[1mreimport[22m | Preparing files to reimport...[39m[0m
[  66% ] [90m[1mreimport[22m | Preparing files to reimport...[39m[0m
[  66% ] [90m[1mreimport[22m | Preparing files to reimport...[39m[0m
[  66% ] [90m[1mreimport[22m | Preparing files to reimport...[39m[0m
[  66% ] [90m[1mreimport[22m | Preparing files to reimport...[39m[0m
[  66% ] [90m[1mreimport[22m | Preparing files to reimport...[39m[0m
[  66% ] [90m[1mreimport[22m | Preparing files to reimport...[39m[0m
[  66% ] [90m[1mreimport[22m | Preparing files to reimport...[39m[0m
[  66% ] [90m[1mreimport[22m | Preparing files to reimport...[39m[0m
[  67% ] [90m[1mreimport[22m | Preparing files to reimport...[39m[0m
[  67% ] [90m[1mreimport[22m | Preparing files to reimport...[39m[0m
[  67% ] [90m[1mreimport[22m | Preparing files to reimport...[39m[0m
[  67% ] [90m[1mreimport[22m | Preparing files to reimport...[39m[0m
[  67% ] [90m[1mreimport[22m | Preparing files to reimport...[39m[0m
[  67% ] [90m[1mreimport[22m | Preparing files to reimport...[39m[0m
[  67% ] [90m[1mreimport[22m | Preparing files to reimport...[39m[0m
[  67% ] [90m[1mreimport[22m | Preparing files to reimport...[39m[0m
[  67% ] [90m[1mreimport[22m | Preparing files to reimport...[39m[0m
[  67% ] [90m[1mreimport[22m | Preparing files to reimport...[39m[0m
[  67% ] [90m[1mreimport[22m | Preparing files to reimport...[39m[0m
[  67% ] [90m[1mreimport[22m | Preparing files to reimport...[39m[0m
[  68% ] [90m[1mreimport[22m | Preparing files to reimport...[39m[0m
[  68% ] [90m[1mreimport[22m | Preparing files to reimport...[39m[0m
[  68% ] [90m[1mreimport[22m | Preparing files to reimport...[39m[0m
[  68% ] [90m[1mreimport[22m | Preparing files to reimport...[39m[0m
[  68% ] [90m[1mreimport[22m | Preparing files to reimport...[39m[0m
[  68% ] [90m[1mreimport[22m | Preparing files to reimport...[39m[0m
[  68% ] [90m[1mreimport[22m | Preparing files to reimport...[39m[0m
[  68% ] [90m[1mreimport[22m | Preparing files to reimport...[39m[0m
[  68% ] [90m[1mreimport[22m | Preparing files to reimport...[39m[0m
[  68% ] [90m[1mreimport[22m | Preparing files to reimport...[39m[0m
[  68% ] [90m[1mreimport[22m | Preparing files to reimport...[39m[0m
[  68% ] [90m[1mreimport[22m | Preparing files to reimport...[39m[0m
[  69% ] [90m[1mreimport[22m | Preparing files to reimport...[39m[0m
[  69% ] [90m[1mreimport[22m | Preparing files to reimport...[39m[0m
[  69% ] [90m[1mreimport[22m | Preparing files to reimport...[39m[0m
[  69% ] [90m[1mreimport[22m | Preparing files to reimport...[39m[0m
[  69% ] [90m[1mreimport[22m | Preparing files to reimport...[39m[0m
[  69% ] [90m[1mreimport[22m | Preparing files to reimport...[39m[0m
[  69% ] [90m[1mreimport[22m | Preparing files to reimport...[39m[0m
[  69% ] [90m[1mreimport[22m | Preparing files to reimport...[39m[0m
[  69% ] [90m[1mreimport[22m | Preparing files to reimport...[39m[0m
[  69% ] [90m[1mreimport[22m | Preparing files to reimport...[39m[0m
[  69% ] [90m[1mreimport[22m | Preparing files to reimport...[39m[0m
[  69% ] [90m[1mreimport[22m | Preparing files to reimport...[39m[0m
[  69% ] [90m[1mreimport[22m | Preparing files to reimport...[39m[0m
[  70% ] [90m[1mreimport[22m | Preparing files to reimport...[39m[0m
[  70% ] [90m[1mreimport[22m | Preparing files to reimport...[39m[0m
[  70% ] [90m[1mreimport[22m | Preparing files to reimport...[39m[0m
[  70% ] [90m[1mreimport[22m | Preparing files to reimport...[39m[0m
[  70% ] [90m[1mreimport[22m | Preparing files to reimport...[39m[0m
[  70% ] [90m[1mreimport[22m | Preparing files to reimport...[39m[0m
[  70% ] [90m[1mreimport[22m | Preparing files to reimport...[39m[0m
[  70% ] [90m[1mreimport[22m | Preparing files to reimport...[39m[0m
[  70% ] [90m[1mreimport[22m | Preparing files to reimport...[39m[0m
[  70% ] [90m[1mreimport[22m | Preparing files to reimport...[39m[0m
[  70% ] [90m[1mreimport[22m | Preparing files to reimport...[39m[0m
[  70% ] [90m[1mreimport[22m | Preparing files to reimport...[39m[0m
[  71% ] [90m[1mreimport[22m | Preparing files to reimport...[39m[0m
[  71% ] [90m[1mreimport[22m | Preparing files to reimport...[39m[0m
[  71% ] [90m[1mreimport[22m | Preparing files to reimport...[39m[0m
[  71% ] [90m[1mreimport[22m | Preparing files to reimport...[39m[0m
[  71% ] [90m[1mreimport[22m | Preparing files to reimport...[39m[0m
[  71% ] [90m[1mreimport[22m | Preparing files to reimport...[39m[0m
[  71% ] [90m[1mreimport[22m | Preparing files to reimport...[39m[0m
[  71% ] [90m[1mreimport[22m | Preparing files to reimport...[39m[0m
[  71% ] [90m[1mreimport[22m | Preparing files to reimport...[39m[0m
[  71% ] [90m[1mreimport[22m | Preparing files to reimport...[39m[0m
[  71% ] [90m[1mreimport[22m | Preparing files to reimport...[39m[0m
[  71% ] [90m[1mreimport[22m | Preparing files to reimport...[39m[0m
[  72% ] [90m[1mreimport[22m | Preparing files to reimport...[39m[0m
[  72% ] [90m[1mreimport[22m | Preparing files to reimport...[39m[0m
[  72% ] [90m[1mreimport[22m | Preparing files to reimport...[39m[0m
[  72% ] [90m[1mreimport[22m | Preparing files to reimport...[39m[0m
[  72% ] [90m[1mreimport[22m | Preparing files to reimport...[39m[0m
[  72% ] [90m[1mreimport[22m | Preparing files to reimport...[39m[0m
[  72% ] [90m[1mreimport[22m | Preparing files to reimport...[39m[0m
[  72% ] [90m[1mreimport[22m | Preparing files to reimport...[39m[0m
[  72% ] [90m[1mreimport[22m | Preparing files to reimport...[39m[0m
[  72% ] [90m[1mreimport[22m | Preparing files to reimport...[39m[0m
[  72% ] [90m[1mreimport[22m | Preparing files to reimport...[39m[0m
[  72% ] [90m[1mreimport[22m | Preparing files to reimport...[39m[0m
[  72% ] [90m[1mreimport[22m | Preparing files to reimport...[39m[0m
[  73% ] [90m[1mreimport[22m | Preparing files to reimport...[39m[0m
[  73% ] [90m[1mreimport[22m | Preparing files to reimport...[39m[0m
[  73% ] [90m[1mreimport[22m | Preparing files to reimport...[39m[0m
[  73% ] [90m[1mreimport[22m | Preparing files to reimport...[39m[0m
[  73% ] [90m[1mreimport[22m | Preparing files to reimport...[39m[0m
[  73% ] [90m[1mreimport[22m | Preparing files to reimport...[39m[0m
[  73% ] [90m[1mreimport[22m | Preparing files to reimport...[39m[0m
[  73% ] [90m[1mreimport[22m | Preparing files to reimport...[39m[0m
[  73% ] [90m[1mreimport[22m | Preparing files to reimport...[39m[0m
[  73% ] [90m[1mreimport[22m | Preparing files to reimport...[39m[0m
[  73% ] [90m[1mreimport[22m | Preparing files to reimport...[39m[0m
[  73% ] [90m[1mreimport[22m | Preparing files to reimport...[39m[0m
[  74% ] [90m[1mreimport[22m | Preparing files to reimport...[39m[0m
[  74% ] [90m[1mreimport[22m | Preparing files to reimport...[39m[0m
[  74% ] [90m[1mreimport[22m | Preparing files to reimport...[39m[0m
[  74% ] [90m[1mreimport[22m | Preparing files to reimport...[39m[0m
[  74% ] [90m[1mreimport[22m | Preparing files to reimport...[39m[0m
[  74% ] [90m[1mreimport[22m | Preparing files to reimport...[39m[0m
[  74% ] [90m[1mreimport[22m | Preparing files to reimport...[39m[0m
[  74% ] [90m[1mreimport[22m | Preparing files to reimport...[39m[0m
[  74% ] [90m[1mreimport[22m | Preparing files to reimport...[39m[0m
[  74% ] [90m[1mreimport[22m | Preparing files to reimport...[39m[0m
[  74% ] [90m[1mreimport[22m | Preparing files to reimport...[39m[0m
[  74% ] [90m[1mreimport[22m | Preparing files to reimport...[39m[0m
[  75% ] [90m[1mreimport[22m | Preparing files to reimport...[39m[0m
[  75% ] [90m[1mreimport[22m | Preparing files to reimport...[39m[0m
[  75% ] [90m[1mreimport[22m | Preparing files to reimport...[39m[0m
[  75% ] [90m[1mreimport[22m | Preparing files to reimport...[39m[0m
[  75% ] [90m[1mreimport[22m | Preparing files to reimport...[39m[0m
[  75% ] [90m[1mreimport[22m | Preparing files to reimport...[39m[0m
[  75% ] [90m[1mreimport[22m | Preparing files to reimport...[39m[0m
[  75% ] [90m[1mreimport[22m | Preparing files to reimport...[39m[0m
[  75% ] [90m[1mreimport[22m | Preparing files to reimport...[39m[0m
[  75% ] [90m[1mreimport[22m | Preparing files to reimport...[39m[0m
[  75% ] [90m[1mreimport[22m | Preparing files to reimport...[39m[0m
[  75% ] [90m[1mreimport[22m | Preparing files to reimport...[39m[0m
[  75% ] [90m[1mreimport[22m | Preparing files to reimport...[39m[0m
[  76% ] [90m[1mreimport[22m | Preparing files to reimport...[39m[0m
[  76% ] [90m[1mreimport[22m | Preparing files to reimport...[39m[0m
[  76% ] [90m[1mreimport[22m | Preparing files to reimport...[39m[0m
[  76% ] [90m[1mreimport[22m | Preparing files to reimport...[39m[0m
[  76% ] [90m[1mreimport[22m | Preparing files to reimport...[39m[0m
[  76% ] [90m[1mreimport[22m | Preparing files to reimport...[39m[0m
[  76% ] [90m[1mreimport[22m | Preparing files to reimport...[39m[0m
[  76% ] [90m[1mreimport[22m | Preparing files to reimport...[39m[0m
[  76% ] [90m[1mreimport[22m | Preparing files to reimport...[39m[0m
[  76% ] [90m[1mreimport[22m | Preparing files to reimport...[39m[0m
[  76% ] [90m[1mreimport[22m | Preparing files to reimport...[39m[0m
[  76% ] [90m[1mreimport[22m | Preparing files to reimport...[39m[0m
[  77% ] [90m[1mreimport[22m | Preparing files to reimport...[39m[0m
[  77% ] [90m[1mreimport[22m | Preparing files to reimport...[39m[0m
[  77% ] [90m[1mreimport[22m | Preparing files to reimport...[39m[0m
[  77% ] [90m[1mreimport[22m | Preparing files to reimport...[39m[0m
[  77% ] [90m[1mreimport[22m | Preparing files to reimport...[39m[0m
[  77% ] [90m[1mreimport[22m | Preparing files to reimport...[39m[0m
[  77% ] [90m[1mreimport[22m | Preparing files to reimport...[39m[0m
[  77% ] [90m[1mreimport[22m | Preparing files to reimport...[39m[0m
[  77% ] [90m[1mreimport[22m | Preparing files to reimport...[39m[0m
[  77% ] [90m[1mreimport[22m | Preparing files to reimport...[39m[0m
[  77% ] [90m[1mreimport[22m | Preparing files to reimport...[39m[0m
[  77% ] [90m[1mreimport[22m | Preparing files to reimport...[39m[0m
[  77% ] [90m[1mreimport[22m | Preparing files to reimport...[39m[0m
[  78% ] [90m[1mreimport[22m | Preparing files to reimport...[39m[0m
[  78% ] [90m[1mreimport[22m | Preparing files to reimport...[39m[0m
[  78% ] [90m[1mreimport[22m | Preparing files to reimport...[39m[0m
[  78% ] [90m[1mreimport[22m | Preparing files to reimport...[39m[0m
[  78% ] [90m[1mreimport[22m | Preparing files to reimport...[39m[0m
[  78% ] [90m[1mreimport[22m | Preparing files to reimport...[39m[0m
[  78% ] [90m[1mreimport[22m | Preparing files to reimport...[39m[0m
[  78% ] [90m[1mreimport[22m | Preparing files to reimport...[39m[0m
[  78% ] [90m[1mreimport[22m | Preparing files to reimport...[39m[0m
[  78% ] [90m[1mreimport[22m | Preparing files to reimport...[39m[0m
[  78% ] [90m[1mreimport[22m | Preparing files to reimport...[39m[0m
[  78% ] [90m[1mreimport[22m | Preparing files to reimport...[39m[0m
[  79% ] [90m[1mreimport[22m | Preparing files to reimport...[39m[0m
[  79% ] [90m[1mreimport[22m | Preparing files to reimport...[39m[0m
[  79% ] [90m[1mreimport[22m | Preparing files to reimport...[39m[0m
[  79% ] [90m[1mreimport[22m | Preparing files to reimport...[39m[0m
[  79% ] [90m[1mreimport[22m | Preparing files to reimport...[39m[0m
[  79% ] [90m[1mreimport[22m | Preparing files to reimport...[39m[0m
[  79% ] [90m[1mreimport[22m | Preparing files to reimport...[39m[0m
[  79% ] [90m[1mreimport[22m | Preparing files to reimport...[39m[0m
[  79% ] [90m[1mreimport[22m | Preparing files to reimport...[39m[0m
[  79% ] [90m[1mreimport[22m | Preparing files to reimport...[39m[0m
[  79% ] [90m[1mreimport[22m | Preparing files to reimport...[39m[0m
[  79% ] [90m[1mreimport[22m | Preparing files to reimport...[39m[0m
[  80% ] [90m[1mreimport[22m | Preparing files to reimport...[39m[0m
[  80% ] [90m[1mreimport[22m | Preparing files to reimport...[39m[0m
[  80% ] [90m[1mreimport[22m | Preparing files to reimport...[39m[0m
[  80% ] [90m[1mreimport[22m | Preparing files to reimport...[39m[0m
[  80% ] [90m[1mreimport[22m | Preparing files to reimport...[39m[0m
[  80% ] [90m[1mreimport[22m | Preparing files to reimport...[39m[0m
[  80% ] [90m[1mreimport[22m | Preparing files to reimport...[39m[0m
[  80% ] [90m[1mreimport[22m | Preparing files to reimport...[39m[0m
[  80% ] [90m[1mreimport[22m | Preparing files to reimport...[39m[0m
[  80% ] [90m[1mreimport[22m | Preparing files to reimport...[39m[0m
[  80% ] [90m[1mreimport[22m | Preparing files to reimport...[39m[0m
[  80% ] [90m[1mreimport[22m | Preparing files to reimport...[39m[0m
[  80% ] [90m[1mreimport[22m | Preparing files to reimport...[39m[0m
[  81% ] [90m[1mreimport[22m | Preparing files to reimport...[39m[0m
[  81% ] [90m[1mreimport[22m | Preparing files to reimport...[39m[0m
[  81% ] [90m[1mreimport[22m | Preparing files to reimport...[39m[0m
[  81% ] [90m[1mreimport[22m | Preparing files to reimport...[39m[0m
[  81% ] [90m[1mreimport[22m | Preparing files to reimport...[39m[0m
[  81% ] [90m[1mreimport[22m | Preparing files to reimport...[39m[0m
[  81% ] [90m[1mreimport[22m | Preparing files to reimport...[39m[0m
[  81% ] [90m[1mreimport[22m | Preparing files to reimport...[39m[0m
[  81% ] [90m[1mreimport[22m | Preparing files to reimport...[39m[0m
[  81% ] [90m[1mreimport[22m | Preparing files to reimport...[39m[0m
[  81% ] [90m[1mreimport[22m | Preparing files to reimport...[39m[0m
[  81% ] [90m[1mreimport[22m | Preparing files to reimport...[39m[0m
[  82% ] [90m[1mreimport[22m | Preparing files to reimport...[39m[0m
[  82% ] [90m[1mreimport[22m | Preparing files to reimport...[39m[0m
[  82% ] [90m[1mreimport[22m | Preparing files to reimport...[39m[0m
[  82% ] [90m[1mreimport[22m | Preparing files to reimport...[39m[0m
[  82% ] [90m[1mreimport[22m | Preparing files to reimport...[39m[0m
[  82% ] [90m[1mreimport[22m | Preparing files to reimport...[39m[0m
[  82% ] [90m[1mreimport[22m | Preparing files to reimport...[39m[0m
[  82% ] [90m[1mreimport[22m | Preparing files to reimport...[39m[0m
[  82% ] [90m[1mreimport[22m | Preparing files to reimport...[39m[0m
[  82% ] [90m[1mreimport[22m | Preparing files to reimport...[39m[0m
[  82% ] [90m[1mreimport[22m | Preparing files to reimport...[39m[0m
[  82% ] [90m[1mreimport[22m | Preparing files to reimport...[39m[0m
[  83% ] [90m[1mreimport[22m | Preparing files to reimport...[39m[0m
[  83% ] [90m[1mreimport[22m | Preparing files to reimport...[39m[0m
[  83% ] [90m[1mreimport[22m | Preparing files to reimport...[39m[0m
[  83% ] [90m[1mreimport[22m | Preparing files to reimport...[39m[0m
[  83% ] [90m[1mreimport[22m | Preparing files to reimport...[39m[0m
[  83% ] [90m[1mreimport[22m | Preparing files to reimport...[39m[0m
[  83% ] [90m[1mreimport[22m | Preparing files to reimport...[39m[0m
[  83% ] [90m[1mreimport[22m | Preparing files to reimport...[39m[0m
[  83% ] [90m[1mreimport[22m | Preparing files to reimport...[39m[0m
[  83% ] [90m[1mreimport[22m | Preparing files to reimport...[39m[0m
[  83% ] [90m[1mreimport[22m | Preparing files to reimport...[39m[0m
[  83% ] [90m[1mreimport[22m | Preparing files to reimport...[39m[0m
[  83% ] [90m[1mreimport[22m | Preparing files to reimport...[39m[0m
[  84% ] [90m[1mreimport[22m | Preparing files to reimport...[39m[0m
[  84% ] [90m[1mreimport[22m | Preparing files to reimport...[39m[0m
[  84% ] [90m[1mreimport[22m | Preparing files to reimport...[39m[0m
[  84% ] [90m[1mreimport[22m | Preparing files to reimport...[39m[0m
[  84% ] [90m[1mreimport[22m | Preparing files to reimport...[39m[0m
[  84% ] [90m[1mreimport[22m | Preparing files to reimport...[39m[0m
[  84% ] [90m[1mreimport[22m | Preparing files to reimport...[39m[0m
[  84% ] [90m[1mreimport[22m | Preparing files to reimport...[39m[0m
[  84% ] [90m[1mreimport[22m | Preparing files to reimport...[39m[0m
[  84% ] [90m[1mreimport[22m | Preparing files to reimport...[39m[0m
[  84% ] [90m[1mreimport[22m | Preparing files to reimport...[39m[0m
[  84% ] [90m[1mreimport[22m | Preparing files to reimport...[39m[0m
[  85% ] [90m[1mreimport[22m | Preparing files to reimport...[39m[0m
[  85% ] [90m[1mreimport[22m | Preparing files to reimport...[39m[0m
[  85% ] [90m[1mreimport[22m | Preparing files to reimport...[39m[0m
[  85% ] [90m[1mreimport[22m | Preparing files to reimport...[39m[0m
[  85% ] [90m[1mreimport[22m | Preparing files to reimport...[39m[0m
[  85% ] [90m[1mreimport[22m | Preparing files to reimport...[39m[0m
[  85% ] [90m[1mreimport[22m | Preparing files to reimport...[39m[0m
[  85% ] [90m[1mreimport[22m | Preparing files to reimport...[39m[0m
[  85% ] [90m[1mreimport[22m | Preparing files to reimport...[39m[0m
[  85% ] [90m[1mreimport[22m | Preparing files to reimport...[39m[0m
[  85% ] [90m[1mreimport[22m | Preparing files to reimport...[39m[0m
[  85% ] [90m[1mreimport[22m | Preparing files to reimport...[39m[0m
[  86% ] [90m[1mreimport[22m | Preparing files to reimport...[39m[0m
[  86% ] [90m[1mreimport[22m | Preparing files to reimport...[39m[0m
[  86% ] [90m[1mreimport[22m | Preparing files to reimport...[39m[0m
[  86% ] [90m[1mreimport[22m | Preparing files to reimport...[39m[0m
[  86% ] [90m[1mreimport[22m | Preparing files to reimport...[39m[0m
[  86% ] [90m[1mreimport[22m | Preparing files to reimport...[39m[0m
[  86% ] [90m[1mreimport[22m | Preparing files to reimport...[39m[0m
[  86% ] [90m[1mreimport[22m | Preparing files to reimport...[39m[0m
[  86% ] [90m[1mreimport[22m | Preparing files to reimport...[39m[0m
[  86% ] [90m[1mreimport[22m | Preparing files to reimport...[39m[0m
[  86% ] [90m[1mreimport[22m | Preparing files to reimport...[39m[0m
[  86% ] [90m[1mreimport[22m | Preparing files to reimport...[39m[0m
[  86% ] [90m[1mreimport[22m | Preparing files to reimport...[39m[0m
[  87% ] [90m[1mreimport[22m | Preparing files to reimport...[39m[0m
[  87% ] [90m[1mreimport[22m | Preparing files to reimport...[39m[0m
[  87% ] [90m[1mreimport[22m | Preparing files to reimport...[39m[0m
[  87% ] [90m[1mreimport[22m | Preparing files to reimport...[39m[0m
[  87% ] [90m[1mreimport[22m | Preparing files to reimport...[39m[0m
[  87% ] [90m[1mreimport[22m | Preparing files to reimport...[39m[0m
[  87% ] [90m[1mreimport[22m | Preparing files to reimport...[39m[0m
[  87% ] [90m[1mreimport[22m | Preparing files to reimport...[39m[0m
[  87% ] [90m[1mreimport[22m | Preparing files to reimport...[39m[0m
[  87% ] [90m[1mreimport[22m | Preparing files to reimport...[39m[0m
[  87% ] [90m[1mreimport[22m | Preparing files to reimport...[39m[0m
[  87% ] [90m[1mreimport[22m | Preparing files to reimport...[39m[0m
[  88% ] [90m[1mreimport[22m | Preparing files to reimport...[39m[0m
[  88% ] [90m[1mreimport[22m | Preparing files to reimport...[39m[0m
[  88% ] [90m[1mreimport[22m | Preparing files to reimport...[39m[0m
[  88% ] [90m[1mreimport[22m | Preparing files to reimport...[39m[0m
[  88% ] [90m[1mreimport[22m | Preparing files to reimport...[39m[0m
[  88% ] [90m[1mreimport[22m | Preparing files to reimport...[39m[0m
[  88% ] [90m[1mreimport[22m | Preparing files to reimport...[39m[0m
[  88% ] [90m[1mreimport[22m | Preparing files to reimport...[39m[0m
[  88% ] [90m[1mreimport[22m | Preparing files to reimport...[39m[0m
[  88% ] [90m[1mreimport[22m | Preparing files to reimport...[39m[0m
[  88% ] [90m[1mreimport[22m | Preparing files to reimport...[39m[0m
[  88% ] [90m[1mreimport[22m | Preparing files to reimport...[39m[0m
[  88% ] [90m[1mreimport[22m | Preparing files to reimport...[39m[0m
[  89% ] [90m[1mreimport[22m | Preparing files to reimport...[39m[0m
[  89% ] [90m[1mreimport[22m | Preparing files to reimport...[39m[0m
[  89% ] [90m[1mreimport[22m | Preparing files to reimport...[39m[0m
[  89% ] [90m[1mreimport[22m | Preparing files to reimport...[39m[0m
[  89% ] [90m[1mreimport[22m | Preparing files to reimport...[39m[0m
[  89% ] [90m[1mreimport[22m | Preparing files to reimport...[39m[0m
[  89% ] [90m[1mreimport[22m | Preparing files to reimport...[39m[0m
[  89% ] [90m[1mreimport[22m | Preparing files to reimport...[39m[0m
[  89% ] [90m[1mreimport[22m | Preparing files to reimport...[39m[0m
[  89% ] [90m[1mreimport[22m | Preparing files to reimport...[39m[0m
[  89% ] [90m[1mreimport[22m | Preparing files to reimport...[39m[0m
[  89% ] [90m[1mreimport[22m | Preparing files to reimport...[39m[0m
[  90% ] [90m[1mreimport[22m | Preparing files to reimport...[39m[0m
[  90% ] [90m[1mreimport[22m | Preparing files to reimport...[39m[0m
[  90% ] [90m[1mreimport[22m | Preparing files to reimport...[39m[0m
[  90% ] [90m[1mreimport[22m | Preparing files to reimport...[39m[0m
[  90% ] [90m[1mreimport[22m | Preparing files to reimport...[39m[0m
[  90% ] [90m[1mreimport[22m | Preparing files to reimport...[39m[0m
[  90% ] [90m[1mreimport[22m | Preparing files to reimport...[39m[0m
[  90% ] [90m[1mreimport[22m | Preparing files to reimport...[39m[0m
[  90% ] [90m[1mreimport[22m | Preparing files to reimport...[39m[0m
[  90% ] [90m[1mreimport[22m | Preparing files to reimport...[39m[0m
[  90% ] [90m[1mreimport[22m | Preparing files to reimport...[39m[0m
[  90% ] [90m[1mreimport[22m | Preparing files to reimport...[39m[0m
[  91% ] [90m[1mreimport[22m | Preparing files to reimport...[39m[0m
[  91% ] [90m[1mreimport[22m | Preparing files to reimport...[39m[0m
[  91% ] [90m[1mreimport[22m | Preparing files to reimport...[39m[0m
[  91% ] [90m[1mreimport[22m | Preparing files to reimport...[39m[0m
[  91% ] [90m[1mreimport[22m | Preparing files to reimport...[39m[0m
[  91% ] [90m[1mreimport[22m | Preparing files to reimport...[39m[0m
[  91% ] [90m[1mreimport[22m | Preparing files to reimport...[39m[0m
[  91% ] [90m[1mreimport[22m | Preparing files to reimport...[39m[0m
[  91% ] [90m[1mreimport[22m | Preparing files to reimport...[39m[0m
[  91% ] [90m[1mreimport[22m | Preparing files to reimport...[39m[0m
[  91% ] [90m[1mreimport[22m | Preparing files to reimport...[39m[0m
[  91% ] [90m[1mreimport[22m | Preparing files to reimport...[39m[0m
[  91% ] [90m[1mreimport[22m | Preparing files to reimport...[39m[0m
[  92% ] [90m[1mreimport[22m | Preparing files to reimport...[39m[0m
[  92% ] [90m[1mreimport[22m | Preparing files to reimport...[39m[0m
[  92% ] [90m[1mreimport[22m | Preparing files to reimport...[39m[0m
[  92% ] [90m[1mreimport[22m | Preparing files to reimport...[39m[0m
[  92% ] [90m[1mreimport[22m | Preparing files to reimport...[39m[0m
[  92% ] [90m[1mreimport[22m | Preparing files to reimport...[39m[0m
[  92% ] [90m[1mreimport[22m | Preparing files to reimport...[39m[0m
[  92% ] [90m[1mreimport[22m | Preparing files to reimport...[39m[0m
[  92% ] [90m[1mreimport[22m | Preparing files to reimport...[39m[0m
[  92% ] [90m[1mreimport[22m | Preparing files to reimport...[39m[0m
[  92% ] [90m[1mreimport[22m | Preparing files to reimport...[39m[0m
[  92% ] [90m[1mreimport[22m | Preparing files to reimport...[39m[0m
[  93% ] [90m[1mreimport[22m | Preparing files to reimport...[39m[0m
[  93% ] [90m[1mreimport[22m | Preparing files to reimport...[39m[0m
[  93% ] [90m[1mreimport[22m | Preparing files to reimport...[39m[0m
[  93% ] [90m[1mreimport[22m | Preparing files to reimport...[39m[0m
[  93% ] [90m[1mreimport[22m | Preparing files to reimport...[39m[0m
[  93% ] [90m[1mreimport[22m | Preparing files to reimport...[39m[0m
[  93% ] [90m[1mreimport[22m | Preparing files to reimport...[39m[0m
[  93% ] [90m[1mreimport[22m | Preparing files to reimport...[39m[0m
[  93% ] [90m[1mreimport[22m | Preparing files to reimport...[39m[0m
[  93% ] [90m[1mreimport[22m | Preparing files to reimport...[39m[0m
[  93% ] [90m[1mreimport[22m | Preparing files to reimport...[39m[0m
[  93% ] [90m[1mreimport[22m | Preparing files to reimport...[39m[0m
[  94% ] [90m[1mreimport[22m | Preparing files to reimport...[39m[0m
[  94% ] [90m[1mreimport[22m | Preparing files to reimport...[39m[0m
[  94% ] [90m[1mreimport[22m | Preparing files to reimport...[39m[0m
[  94% ] [90m[1mreimport[22m | Preparing files to reimport...[39m[0m
[  94% ] [90m[1mreimport[22m | Preparing files to reimport...[39m[0m
[  94% ] [90m[1mreimport[22m | Preparing files to reimport...[39m[0m
[  94% ] [90m[1mreimport[22m | Preparing files to reimport...[39m[0m
[  94% ] [90m[1mreimport[22m | Preparing files to reimport...[39m[0m
[  94% ] [90m[1mreimport[22m | Preparing files to reimport...[39m[0m
[  94% ] [90m[1mreimport[22m | Preparing files to reimport...[39m[0m
[  94% ] [90m[1mreimport[22m | Preparing files to reimport...[39m[0m
[  94% ] [90m[1mreimport[22m | Preparing files to reimport...[39m[0m
[  94% ] [90m[1mreimport[22m | Preparing files to reimport...[39m[0m
[  95% ] [90m[1mreimport[22m | Preparing files to reimport...[39m[0m
[  95% ] [90m[1mreimport[22m | Preparing files to reimport...[39m[0m
[  95% ] [90m[1mreimport[22m | Preparing files to reimport...[39m[0m
[  95% ] [90m[1mreimport[22m | Preparing files to reimport...[39m[0m
[  95% ] [90m[1mreimport[22m | Preparing files to reimport...[39m[0m
[  95% ] [90m[1mreimport[22m | Preparing files to reimport...[39m[0m
[  95% ] [90m[1mreimport[22m | Preparing files to reimport...[39m[0m
[  95% ] [90m[1mreimport[22m | Preparing files to reimport...[39m[0m
[  95% ] [90m[1mreimport[22m | Preparing files to reimport...[39m[0m
[  95% ] [90m[1mreimport[22m | Preparing files to reimport...[39m[0m
[  95% ] [90m[1mreimport[22m | Preparing files to reimport...[39m[0m
[  95% ] [90m[1mreimport[22m | Preparing files to reimport...[39m[0m
[  96% ] [90m[1mreimport[22m | Preparing files to reimport...[39m[0m
[  96% ] [90m[1mreimport[22m | Preparing files to reimport...[39m[0m
[  96% ] [90m[1mreimport[22m | Preparing files to reimport...[39m[0m
[  96% ] [90m[1mreimport[22m | Preparing files to reimport...[39m[0m
[  96% ] [90m[1mreimport[22m | Preparing files to reimport...[39m[0m
[  96% ] [90m[1mreimport[22m | Preparing files to reimport...[39m[0m
[  96% ] [90m[1mreimport[22m | Preparing files to reimport...[39m[0m
[  96% ] [90m[1mreimport[22m | Preparing files to reimport...[39m[0m
[  96% ] [90m[1mreimport[22m | Preparing files to reimport...[39m[0m
[  96% ] [90m[1mreimport[22m | Preparing files to reimport...[39m[0m
[  96% ] [90m[1mreimport[22m | Preparing files to reimport...[39m[0m
[  96% ] [90m[1mreimport[22m | Preparing files to reimport...[39m[0m
[  97% ] [90m[1mreimport[22m | Preparing files to reimport...[39m[0m
[  97% ] [90m[1mreimport[22m | Preparing files to reimport...[39m[0m
[  97% ] [90m[1mreimport[22m | Preparing files to reimport...[39m[0m
[  97% ] [90m[1mreimport[22m | Preparing files to reimport...[39m[0m
[  97% ] [90m[1mreimport[22m | Preparing files to reimport...[39m[0m
[  97% ] [90m[1mreimport[22m | Preparing files to reimport...[39m[0m
[  97% ] [90m[1mreimport[22m | Preparing files to reimport...[39m[0m
[  97% ] [90m[1mreimport[22m | Preparing files to reimport...[39m[0m
[  97% ] [90m[1mreimport[22m | Preparing files to reimport...[39m[0m
[  97% ] [90m[1mreimport[22m | Preparing files to reimport...[39m[0m
[  97% ] [90m[1mreimport[22m | Preparing files to reimport...[39m[0m
[  97% ] [90m[1mreimport[22m | Preparing files to reimport...[39m[0m
[  97% ] [90m[1mreimport[22m | Preparing files to reimport...[39m[0m
[  98% ] [90m[1mreimport[22m | Preparing files to reimport...[39m[0m
[  98% ] [90m[1mreimport[22m | Preparing files to reimport...[39m[0m
[  98% ] [90m[1mreimport[22m | Preparing files to reimport...[39m[0m
[  98% ] [90m[1mreimport[22m | Preparing files to reimport...[39m[0m
[  98% ] [90m[1mreimport[22m | Preparing files to reimport...[39m[0m
[  98% ] [90m[1mreimport[22m | Preparing files to reimport...[39m[0m
[  98% ] [90m[1mreimport[22m | Preparing files to reimport...[39m[0m
[  98% ] [90m[1mreimport[22m | Preparing files to reimport...[39m[0m
[  98% ] [90m[1mreimport[22m | Preparing files to reimport...[39m[0m
[  98% ] [90m[1mreimport[22m | Preparing files to reimport...[39m[0m
[  98% ] [90m[1mreimport[22m | Preparing files to reimport...[39m[0m
[  98% ] [90m[1mreimport[22m | Preparing files to reimport...[39m[0m
[  99% ] [90m[1mreimport[22m | Preparing files to reimport...[39m[0m
[  99% ] [90m[1mreimport[22m | Preparing files to reimport...[39m[0m
[  99% ] [90m[1mreimport[22m | Preparing files to reimport...[39m[0m
[  99% ] [90m[1mreimport[22m | Preparing files to reimport...[39m[0m
[  99% ] [90m[1mreimport[22m | Preparing files to reimport...[39m[0m
[  99% ] [90m[1mreimport[22m | Preparing files to reimport...[39m[0m
[  99% ] [90m[1mreimport[22m | Preparing files to reimport...[39m[0m
[  99% ] [90m[1mreimport[22m | Preparing files to reimport...[39m[0m
[  99% ] [90m[1mreimport[22m | Preparing files to reimport...[39m[0m
[  99% ] [90m[1mreimport[22m | Preparing files to reimport...[39m[0m
[  99% ] [90m[1mreimport[22m | Preparing files to reimport...[39m[0m
[   0% ] [90m[1mreimport[22m | Executing pre-reimport operations...[39m[0m
[   0% ] [90m[1mpreload_reimporting_scene[22m | Started Preparing scenes for reload (1 steps)[39m[0m
[   0% ] [90m[1mpreload_reimporting_scene[22m | Analyzing scene [empty][39m[0m
[  50% ] [90m[1mpreload_reimporting_scene[22m | Preparation done.[39m[0m
[92m[ DONE ][39m [1mpreload_reimporting_scene[22m
[0m
[   0% ] [90m[1mreimport[22m | T_Superhero_Female_Light_BaseColor.png[39m[0m
[   0% ] [90m[1mreimport[22m | T_Superhero_Female_Normal.png[39m[0m
[   0% ] [90m[1mreimport[22m | T_Superhero_Female_Roughness.png[39m[0m
[   0% ] [90m[1mreimport[22m | T_Superhero_Male_Dark.png[39m[0m
[   0% ] [90m[1mreimport[22m | T_Superhero_Male_Ligh.png[39m[0m
[   0% ] [90m[1mreimport[22m | T_Superhero_Male_Normal.png[39m[0m
[   0% ] [90m[1mreimport[22m | T_Superhero_Male_Roughness.png[39m[0m
[   0% ] [90m[1mreimport[22m | T_WoodTrim_Roughness.png[39m[0m
[   0% ] [90m[1mreimport[22m | T_WoodTrim_ORM.png[39m[0m
[   0% ] [90m[1mreimport[22m | T_WoodTrim_ORM.png[39m[0m
[   0% ] [90m[1mreimport[22m | T_WoodTrim_Normal.png[39m[0m
[   0% ] [90m[1mreimport[22m | T_WoodTrim_BaseColor.png[39m[0m
[   0% ] [90m[1mreimport[22m | T_WindowGradient.png[39m[0m
[   0% ] [90m[1mreimport[22m | T_VineLeaf_png.png[39m[0m
[   1% ] [90m[1mreimport[22m | T_VineLeaf.png[39m[0m
[   1% ] [90m[1mreimport[22m | T_UnevenBrick_Roughness.png[39m[0m
[   1% ] [90m[1mreimport[22m | T_UnevenBrick_Normal.png[39m[0m
[   1% ] [90m[1mreimport[22m | T_UnevenBrick_BaseColor.png[39m[0m
[   1% ] [90m[1mreimport[22m | T_TopWear.png[39m[0m
[   1% ] [90m[1mreimport[22m | T_RoundTiles_Roughness.png[39m[0m
[   1% ] [90m[1mreimport[22m | T_RoundTiles_Roughness.png[39m[0m
[   1% ] [90m[1mreimport[22m | T_RoundTiles_Normal.png[39m[0m
[   1% ] [90m[1mreimport[22m | T_RoundTiles_BaseColor.png[39m[0m
[   1% ] [90m[1mreimport[22m | T_RockTrim_ORM.png[39m[0m
[   1% ] [90m[1mreimport[22m | T_RockTrim_ORM.png[39m[0m
[   1% ] [90m[1mreimport[22m | T_RockTrim_Normal.png[39m[0m
[   1% ] [90m[1mreimport[22m | T_RockTrim_BaseColor.png[39m[0m
[   1% ] [90m[1mreimport[22m | T_RedBrick_BaseColor.png[39m[0m
[   2% ] [90m[1mreimport[22m | T_Plaster_ORM.png[39m[0m
[   2% ] [90m[1mreimport[22m | Skeleton_Rogue_skeleton_texture.png[39m[0m
[   2% ] [90m[1mreimport[22m | skeleton_texture.png[39m[0m
[   2% ] [90m[1mreimport[22m | Skeleton_Warrior_skeleton_texture.png[39m[0m
[   2% ] [90m[1mreimport[22m | T_Eye_Brown.png[39m[0m
[   2% ] [90m[1mreimport[22m | T_Eye_Normal.png[39m[0m
[   2% ] [90m[1mreimport[22m | T_Hair_1_BaseColor.png[39m[0m
[   2% ] [90m[1mreimport[22m | T_Hair_1_BaseColor_png.png[39m[0m
[   2% ] [90m[1mreimport[22m | T_Hair_1_Normal.png[39m[0m
[   2% ] [90m[1mreimport[22m | T_Hair_1_Normal.png[39m[0m
[   2% ] [90m[1mreimport[22m | T_Hair_2_BaseColor.png[39m[0m
[   2% ] [90m[1mreimport[22m | T_Hair_2_BaseColor_png.png[39m[0m
[   2% ] [90m[1mreimport[22m | T_Hair_2_Normal.png[39m[0m
[   2% ] [90m[1mreimport[22m | T_Hair_2_Normal.png[39m[0m
[   2% ] [90m[1mreimport[22m | T_Peasant_2_BaseColor.png[39m[0m
[   2% ] [90m[1mreimport[22m | T_Peasant_2_BaseColor.png[39m[0m
[   2% ] [90m[1mreimport[22m | T_Peasant_2_BaseColor.png[39m[0m
[   3% ] [90m[1mreimport[22m | T_Peasant_BaseColor.png[39m[0m
[   3% ] [90m[1mreimport[22m | T_Peasant_Normal.png[39m[0m
[   3% ] [90m[1mreimport[22m | T_Peasant_Normal.png[39m[0m
[   3% ] [90m[1mreimport[22m | T_Peasant_Normal.png[39m[0m
[   3% ] [90m[1mreimport[22m | T_Peasant_Normal.png[39m[0m
[   3% ] [90m[1mreimport[22m | T_Peasant_Normal.png[39m[0m
[   3% ] [90m[1mreimport[22m | T_Peasant_ORM.png[39m[0m
[   3% ] [90m[1mreimport[22m | T_Peasant_ORM.png[39m[0m
[   3% ] [90m[1mreimport[22m | T_Ranger_3_BaseColor.png[39m[0m
[   3% ] [90m[1mreimport[22m | T_Ranger_BaseColor.png[39m[0m
[   3% ] [90m[1mreimport[22m | T_Ranger_BaseColor.png[39m[0m
[   3% ] [90m[1mreimport[22m | T_Ranger_BaseColor.png[39m[0m
[   3% ] [90m[1mreimport[22m | T_Ranger_BaseColor.png[39m[0m
[   3% ] [90m[1mreimport[22m | T_Ranger_Normal.png[39m[0m
[   3% ] [90m[1mreimport[22m | T_Ranger_Normal.png[39m[0m
[   3% ] [90m[1mreimport[22m | T_Ranger_ORM.png[39m[0m
[   3% ] [90m[1mreimport[22m | T_Ranger_ORM.png[39m[0m
[   3% ] [90m[1mreimport[22m | T_Regular_Female_Dark_BaseColor.png[39m[0m
[   3% ] [90m[1mreimport[22m | T_Regular_Female_Normal.png[39m[0m
[   3% ] [90m[1mreimport[22m | T_Regular_Female_Roughness.png[39m[0m
[   3% ] [90m[1mreimport[22m | T_Regular_Male_Dark_BaseColor.png[39m[0m
[   3% ] [90m[1mreimport[22m | T_Regular_Male_Normal.png[39m[0m
[   4% ] [90m[1mreimport[22m | T_Regular_Male_Roughness.png[39m[0m
[   4% ] [90m[1mreimport[22m | T_Superhero_Female_Dark_BaseColor.png[39m[0m
[   4% ] [90m[1mreimport[22m | Imp_T_Imp_Normal.png[39m[0m
[   4% ] [90m[1mreimport[22m | Imp_T_Imp_ORM.png[39m[0m
[   4% ] [90m[1mreimport[22m | Preview_2.jpg[39m[0m
[   4% ] [90m[1mreimport[22m | Preview_1.jpg[39m[0m
[   4% ] [90m[1mreimport[22m | Puglin_T_Puglin_BaseColor_1.png[39m[0m
[   4% ] [90m[1mreimport[22m | Puglin_T_Puglin_Emissive.png[39m[0m
[   4% ] [90m[1mreimport[22m | Puglin_T_Puglin_Normal.png[39m[0m
[   4% ] [90m[1mreimport[22m | Puglin_T_Puglin_ORM.png[39m[0m
[   4% ] [90m[1mreimport[22m | T_Imp_BaseColor_1.png[39m[0m
[   4% ] [90m[1mreimport[22m | T_Imp_BaseColor_2.png[39m[0m
[   5% ] [90m[1mreimport[22m | T_Imp_BaseColor_3.png[39m[0m
[   5% ] [90m[1mreimport[22m | T_Imp_Emissive.png[39m[0m
[   5% ] [90m[1mreimport[22m | T_Imp_Normal.png[39m[0m
[   5% ] [90m[1mreimport[22m | T_Imp_Normal.png[39m[0m
[   5% ] [90m[1mreimport[22m | T_Imp_ORM.png[39m[0m
[   5% ] [90m[1mreimport[22m | T_Puglin_BaseColor_1.png[39m[0m
[   5% ] [90m[1mreimport[22m | T_Puglin_BaseColor_2.png[39m[0m
[   5% ] [90m[1mreimport[22m | T_Puglin_BaseColor_3.png[39m[0m
[   5% ] [90m[1mreimport[22m | T_Puglin_Emissive.png[39m[0m
[   5% ] [90m[1mreimport[22m | T_Puglin_Normal.png[39m[0m
[   5% ] [90m[1mreimport[22m | T_Puglin_ORM.png[39m[0m
[   5% ] [90m[1mreimport[22m | halloweenbits_texture.png[39m[0m
[   5% ] [90m[1mreimport[22m | Preview.jpg[39m[0m
[   5% ] [90m[1mreimport[22m | Chest_Wood_3.png[39m[0m
[   5% ] [90m[1mreimport[22m | Chest_Wood_3.png[39m[0m
[   6% ] [90m[1mreimport[22m | Chest_Wood_2.png[39m[0m
[   6% ] [90m[1mreimport[22m | Chest_Wood_1.png[39m[0m
[   6% ] [90m[1mreimport[22m | Chest_Wood_0.png[39m[0m
[   6% ] [90m[1mreimport[22m | T_Plaster_Normal.png[39m[0m
[   6% ] [90m[1mreimport[22m | T_Plaster_BaseColor.png[39m[0m
[   6% ] [90m[1mreimport[22m | T_Noise_Terrain.png[39m[0m
[   6% ] [90m[1mreimport[22m | T_MetalOrnaments_Roughness.png[39m[0m
[   6% ] [90m[1mreimport[22m | T_MetalOrnaments_BaseColor.png[39m[0m
[   6% ] [90m[1mreimport[22m | T_BrushedNoise.png[39m[0m
[   6% ] [90m[1mreimport[22m | T_Brick_Roughness.png[39m[0m
[   6% ] [90m[1mreimport[22m | T_Brick_Roughness.png[39m[0m
[   6% ] [90m[1mreimport[22m | T_Brick_Normal.png[39m[0m
[   6% ] [90m[1mreimport[22m | T_Brick_BaseColor.png[39m[0m
[   7% ] [90m[1mreimport[22m | T_BottomWear.png[39m[0m
[   7% ] [90m[1mreimport[22m | T_BottomWear.png[39m[0m
[   7% ] [90m[1mreimport[22m | hexagons_medieval.png[39m[0m
[   7% ] [90m[1mreimport[22m | T_Trim_Props_ORM.png[39m[0m
[   7% ] [90m[1mreimport[22m | T_Trim_Props_Normal.png[39m[0m
[   7% ] [90m[1mreimport[22m | T_Trim_Props_BaseColor.png[39m[0m
[   7% ] [90m[1mreimport[22m | T_Trim_Metal_ORM.png[39m[0m
[   7% ] [90m[1mreimport[22m | T_Trim_Metal_Normal.png[39m[0m
[   7% ] [90m[1mreimport[22m | T_Trim_Metal_BaseColor.png[39m[0m
[   7% ] [90m[1mreimport[22m | T_Trim_Furniture_ORM.png[39m[0m
[   7% ] [90m[1mreimport[22m | T_Trim_Furniture_Normal.png[39m[0m
[   7% ] [90m[1mreimport[22m | T_Trim_Furniture_BaseColor.png[39m[0m
[   7% ] [90m[1mreimport[22m | T_Trim_Cloth_ORM.png[39m[0m
[   8% ] [90m[1mreimport[22m | T_Trim_Cloth_Normal.png[39m[0m
[   8% ] [90m[1mreimport[22m | T_Trim_Cloth_Normal.png[39m[0m
[   8% ] [90m[1mreimport[22m | T_Trim_Cloth_BaseColor.png[39m[0m
[   8% ] [90m[1mreimport[22m | T_Page_Noise.png[39m[0m
[   8% ] [90m[1mreimport[22m | Preview_3.jpg[39m[0m
[   8% ] [90m[1mreimport[22m | Imp_T_Imp_BaseColor_1.png[39m[0m
[   8% ] [90m[1mreimport[22m | Imp_T_Imp_Emissive.png[39m[0m
[   8% ] [90m[1mreimport[22m | Barbarian_barbarian_texture.png[39m[0m
[   8% ] [90m[1mreimport[22m | mage_texture.png[39m[0m
[   8% ] [90m[1mreimport[22m | thunderbear_logo.png[39m[0m
[   8% ] [90m[1mreimport[22m | icon.svg[39m[0m
[   8% ] [90m[1mreimport[22m | Mage_mage_texture.png[39m[0m
[   8% ] [90m[1mreimport[22m | Rogue_Hooded_rogue_texture.png[39m[0m
[   8% ] [90m[1mreimport[22m | knight_texture.png[39m[0m
[   9% ] [90m[1mreimport[22m | Knight_knight_texture.png[39m[0m
[   9% ] [90m[1mreimport[22m | Preview.png[39m[0m
[   9% ] [90m[1mreimport[22m | Rogue_rogue_texture.png[39m[0m
[   9% ] [90m[1mreimport[22m | Skeleton_Mage_skeleton_texture.png[39m[0m
[   9% ] [90m[1mreimport[22m | rogue_texture.png[39m[0m
[   9% ] [90m[1mreimport[22m | citybits_texture.png[39m[0m
[   9% ] [90m[1mreimport[22m | barbarian_texture.png[39m[0m
[   9% ] [90m[1mreimport[22m | Skeleton_Minion_skeleton_texture.png[39m[0m
[   9% ] [90m[1mreimport[22m | HoleCover_90Angle.gltf[39m[0m
[   0% ] [90m[1mimport[22m | Started Import Scene (104 steps)[39m[0m
[   0% ] [90m[1mimport[22m | Importing Scene...[39m[0m
[   1% ] [90m[1mimport[22m | Running Custom Script...[39m[0m
[  99% ] [90m[1mimport[22m | Saving...[39m[0m
[92m[ DONE ][39m [1mimport[22m
[0m
[   9% ] [90m[1mreimport[22m | HoleCover_90Half.fbx[39m[0m
[   0% ] [90m[1mimport[22m | Started Import Scene (104 steps)[39m[0m
[   0% ] [90m[1mimport[22m | Importing Scene...[39m[0m
[   1% ] [90m[1mimport[22m | Running Custom Script...[39m[0m
[  99% ] [90m[1mimport[22m | Saving...[39m[0m
[92m[ DONE ][39m [1mimport[22m
[0m
[   9% ] [90m[1mreimport[22m | HoleCover_90Half.gltf[39m[0m
[   0% ] [90m[1mimport[22m | Started Import Scene (104 steps)[39m[0m
[   0% ] [90m[1mimport[22m | Importing Scene...[39m[0m
[   1% ] [90m[1mimport[22m | Running Custom Script...[39m[0m
[  99% ] [90m[1mimport[22m | Saving...[39m[0m
[92m[ DONE ][39m [1mimport[22m
[0m
[   9% ] [90m[1mreimport[22m | HoleCover_90Angle.fbx[39m[0m
[   0% ] [90m[1mimport[22m | Started Import Scene (104 steps)[39m[0m
[   0% ] [90m[1mimport[22m | Importing Scene...[39m[0m
[   1% ] [90m[1mimport[22m | Running Custom Script...[39m[0m
[  99% ] [90m[1mimport[22m | Saving...[39m[0m
[92m[ DONE ][39m [1mimport[22m
[0m
[  10% ] [90m[1mreimport[22m | hill_single_C.gltf[39m[0m
[   0% ] [90m[1mimport[22m | Started Import Scene (104 steps)[39m[0m
[   0% ] [90m[1mimport[22m | Importing Scene...[39m[0m
[   1% ] [90m[1mimport[22m | Running Custom Script...[39m[0m
[  99% ] [90m[1mimport[22m | Saving...[39m[0m
[92m[ DONE ][39m [1mimport[22m
[0m
[  10% ] [90m[1mreimport[22m | hill_single_B.gltf[39m[0m
[   0% ] [90m[1mimport[22m | Started Import Scene (104 steps)[39m[0m
[   0% ] [90m[1mimport[22m | Importing Scene...[39m[0m
[   1% ] [90m[1mimport[22m | Running Custom Script...[39m[0m
[  99% ] [90m[1mimport[22m | Saving...[39m[0m
[92m[ DONE ][39m [1mimport[22m
[0m
[  10% ] [90m[1mreimport[22m | hill_single_A.gltf[39m[0m
[   0% ] [90m[1mimport[22m | Started Import Scene (104 steps)[39m[0m
[   0% ] [90m[1mimport[22m | Importing Scene...[39m[0m
[   1% ] [90m[1mimport[22m | Running Custom Script...[39m[0m
[  99% ] [90m[1mimport[22m | Saving...[39m[0m
[92m[ DONE ][39m [1mimport[22m
[0m
[  10% ] [90m[1mreimport[22m | building_tower_catapult_yellow.gltf[39m[0m
[   0% ] [90m[1mimport[22m | Started Import Scene (104 steps)[39m[0m
[   0% ] [90m[1mimport[22m | Importing Scene...[39m[0m
[   1% ] [90m[1mimport[22m | Running Custom Script...[39m[0m
[  99% ] [90m[1mimport[22m | Saving...[39m[0m
[92m[ DONE ][39m [1mimport[22m
[0m
[  10% ] [90m[1mreimport[22m | building_watermill_blue.gltf[39m[0m
[   0% ] [90m[1mimport[22m | Started Import Scene (104 steps)[39m[0m
[   0% ] [90m[1mimport[22m | Importing Scene...[39m[0m
[   1% ] [90m[1mimport[22m | Running Custom Script...[39m[0m
[  99% ] [90m[1mimport[22m | Saving...[39m[0m
[92m[ DONE ][39m [1mimport[22m
[0m
[  10% ] [90m[1mreimport[22m | building_watermill_green.gltf[39m[0m
[   0% ] [90m[1mimport[22m | Started Import Scene (104 steps)[39m[0m
[   0% ] [90m[1mimport[22m | Importing Scene...[39m[0m
[   1% ] [90m[1mimport[22m | Running Custom Script...[39m[0m
[  99% ] [90m[1mimport[22m | Saving...[39m[0m
[92m[ DONE ][39m [1mimport[22m
[0m
[  10% ] [90m[1mreimport[22m | building_watermill_red.gltf[39m[0m
[   0% ] [90m[1mimport[22m | Started Import Scene (104 steps)[39m[0m
[   0% ] [90m[1mimport[22m | Importing Scene...[39m[0m
[   1% ] [90m[1mimport[22m | Running Custom Script...[39m[0m
[  99% ] [90m[1mimport[22m | Saving...[39m[0m
[92m[ DONE ][39m [1mimport[22m
[0m
[  10% ] [90m[1mreimport[22m | building_watermill_yellow.gltf[39m[0m
[   0% ] [90m[1mimport[22m | Started Import Scene (104 steps)[39m[0m
[   0% ] [90m[1mimport[22m | Importing Scene...[39m[0m
[   1% ] [90m[1mimport[22m | Running Custom Script...[39m[0m
[  99% ] [90m[1mimport[22m | Saving...[39m[0m
[92m[ DONE ][39m [1mimport[22m
[0m
[  10% ] [90m[1mreimport[22m | Overhang_Plaster_Corner.fbx[39m[0m
[   0% ] [90m[1mimport[22m | Started Import Scene (104 steps)[39m[0m
[   0% ] [90m[1mimport[22m | Importing Scene...[39m[0m
[   1% ] [90m[1mimport[22m | Running Custom Script...[39m[0m
[  99% ] [90m[1mimport[22m | Saving...[39m[0m
[92m[ DONE ][39m [1mimport[22m
[0m
[  10% ] [90m[1mreimport[22m | mountain_C_grass_trees.gltf[39m[0m
[   0% ] [90m[1mimport[22m | Started Import Scene (104 steps)[39m[0m
[   0% ] [90m[1mimport[22m | Importing Scene...[39m[0m
[   1% ] [90m[1mimport[22m | Running Custom Script...[39m[0m
[  99% ] [90m[1mimport[22m | Saving...[39m[0m
[92m[ DONE ][39m [1mimport[22m
[0m
[  10% ] [90m[1mreimport[22m | mountain_C_grass.gltf[39m[0m
[   0% ] [90m[1mimport[22m | Started Import Scene (104 steps)[39m[0m
[   0% ] [90m[1mimport[22m | Importing Scene...[39m[0m
[   1% ] [90m[1mimport[22m | Running Custom Script...[39m[0m
[  99% ] [90m[1mimport[22m | Saving...[39m[0m
[92m[ DONE ][39m [1mimport[22m
[0m
[  10% ] [90m[1mreimport[22m | mountain_C.gltf[39m[0m
[   0% ] [90m[1mimport[22m | Started Import Scene (104 steps)[39m[0m
[   0% ] [90m[1mimport[22m | Importing Scene...[39m[0m
[   1% ] [90m[1mimport[22m | Running Custom Script...[39m[0m
[  99% ] [90m[1mimport[22m | Saving...[39m[0m
[92m[ DONE ][39m [1mimport[22m
[0m
[  11% ] [90m[1mreimport[22m | mountain_B_grass_trees.gltf[39m[0m
[   0% ] [90m[1mimport[22m | Started Import Scene (104 steps)[39m[0m
[   0% ] [90m[1mimport[22m | Importing Scene...[39m[0m
[   1% ] [90m[1mimport[22m | Running Custom Script...[39m[0m
[  99% ] [90m[1mimport[22m | Saving...[39m[0m
[92m[ DONE ][39m [1mimport[22m
[0m
[  11% ] [90m[1mreimport[22m | mountain_B_grass.gltf[39m[0m
[   0% ] [90m[1mimport[22m | Started Import Scene (104 steps)[39m[0m
[   0% ] [90m[1mimport[22m | Importing Scene...[39m[0m
[   1% ] [90m[1mimport[22m | Running Custom Script...[39m[0m
[  99% ] [90m[1mimport[22m | Saving...[39m[0m
[92m[ DONE ][39m [1mimport[22m
[0m
[  11% ] [90m[1mreimport[22m | mountain_B.gltf[39m[0m
[   0% ] [90m[1mimport[22m | Started Import Scene (104 steps)[39m[0m
[   0% ] [90m[1mimport[22m | Importing Scene...[39m[0m
[   1% ] [90m[1mimport[22m | Running Custom Script...[39m[0m
[  99% ] [90m[1mimport[22m | Saving...[39m[0m
[92m[ DONE ][39m [1mimport[22m
[0m
[  11% ] [90m[1mreimport[22m | mountain_A_grass_trees.gltf[39m[0m
[   0% ] [90m[1mimport[22m | Started Import Scene (104 steps)[39m[0m
[   0% ] [90m[1mimport[22m | Importing Scene...[39m[0m
[   1% ] [90m[1mimport[22m | Running Custom Script...[39m[0m
[  99% ] [90m[1mimport[22m | Saving...[39m[0m
[92m[ DONE ][39m [1mimport[22m
[0m
[  11% ] [90m[1mreimport[22m | mountain_A_grass.gltf[39m[0m
[   0% ] [90m[1mimport[22m | Started Import Scene (104 steps)[39m[0m
[   0% ] [90m[1mimport[22m | Importing Scene...[39m[0m
[   1% ] [90m[1mimport[22m | Running Custom Script...[39m[0m
[  99% ] [90m[1mimport[22m | Saving...[39m[0m
[92m[ DONE ][39m [1mimport[22m
[0m
[  11% ] [90m[1mreimport[22m | mountain_A.gltf[39m[0m
[   0% ] [90m[1mimport[22m | Started Import Scene (104 steps)[39m[0m
[   0% ] [90m[1mimport[22m | Importing Scene...[39m[0m
[   1% ] [90m[1mimport[22m | Running Custom Script...[39m[0m
[  99% ] [90m[1mimport[22m | Saving...[39m[0m
[92m[ DONE ][39m [1mimport[22m
[0m
[  11% ] [90m[1mreimport[22m | ladder.gltf[39m[0m
[   0% ] [90m[1mimport[22m | Started Import Scene (104 steps)[39m[0m
[   0% ] [90m[1mimport[22m | Importing Scene...[39m[0m
[   1% ] [90m[1mimport[22m | Running Custom Script...[39m[0m
[  99% ] [90m[1mimport[22m | Saving...[39m[0m
[92m[ DONE ][39m [1mimport[22m
[0m
[  11% ] [90m[1mreimport[22m | HoleCover_StraightHalf.gltf[39m[0m
[   0% ] [90m[1mimport[22m | Started Import Scene (104 steps)[39m[0m
[   0% ] [90m[1mimport[22m | Importing Scene...[39m[0m
[   1% ] [90m[1mimport[22m | Running Custom Script...[39m[0m
[  99% ] [90m[1mimport[22m | Saving...[39m[0m
[92m[ DONE ][39m [1mimport[22m
[0m
[  11% ] [90m[1mreimport[22m | HoleCover_StraightHalf.fbx[39m[0m
[   0% ] [90m[1mimport[22m | Started Import Scene (104 steps)[39m[0m
[   0% ] [90m[1mimport[22m | Importing Scene...[39m[0m
[   1% ] [90m[1mimport[22m | Running Custom Script...[39m[0m
[  99% ] [90m[1mimport[22m | Saving...[39m[0m
[92m[ DONE ][39m [1mimport[22m
[0m
[  11% ] [90m[1mreimport[22m | HoleCover_Straight.gltf[39m[0m
[   0% ] [90m[1mimport[22m | Started Import Scene (104 steps)[39m[0m
[   0% ] [90m[1mimport[22m | Importing Scene...[39m[0m
[   1% ] [90m[1mimport[22m | Running Custom Script...[39m[0m
[  99% ] [90m[1mimport[22m | Saving...[39m[0m
[92m[ DONE ][39m [1mimport[22m
[0m
[  11% ] [90m[1mreimport[22m | HoleCover_Straight.fbx[39m[0m
[   0% ] [90m[1mimport[22m | Started Import Scene (104 steps)[39m[0m
[   0% ] [90m[1mimport[22m | Importing Scene...[39m[0m
[   1% ] [90m[1mimport[22m | Running Custom Script...[39m[0m
[  99% ] [90m[1mimport[22m | Saving...[39m[0m
[92m[ DONE ][39m [1mimport[22m
[0m
[  11% ] [90m[1mreimport[22m | HoleCover_90Stairs.gltf[39m[0m
[   0% ] [90m[1mimport[22m | Started Import Scene (104 steps)[39m[0m
[   0% ] [90m[1mimport[22m | Importing Scene...[39m[0m
[   1% ] [90m[1mimport[22m | Running Custom Script...[39m[0m
[  99% ] [90m[1mimport[22m | Saving...[39m[0m
[92m[ DONE ][39m [1mimport[22m
[0m
[  11% ] [90m[1mreimport[22m | HoleCover_90Stairs.fbx[39m[0m
[   0% ] [90m[1mimport[22m | Started Import Scene (104 steps)[39m[0m
[   0% ] [90m[1mimport[22m | Importing Scene...[39m[0m
[   1% ] [90m[1mimport[22m | Running Custom Script...[39m[0m
[  99% ] [90m[1mimport[22m | Saving...[39m[0m
[92m[ DONE ][39m [1mimport[22m
[0m
[  12% ] [90m[1mreimport[22m | hex_road_E.gltf[39m[0m
[   0% ] [90m[1mimport[22m | Started Import Scene (104 steps)[39m[0m
[   0% ] [90m[1mimport[22m | Importing Scene...[39m[0m
[   1% ] [90m[1mimport[22m | Running Custom Script...[39m[0m
[  99% ] [90m[1mimport[22m | Saving...[39m[0m
[92m[ DONE ][39m [1mimport[22m
[0m
[  12% ] [90m[1mreimport[22m | hex_road_F.gltf[39m[0m
[   0% ] [90m[1mimport[22m | Started Import Scene (104 steps)[39m[0m
[   0% ] [90m[1mimport[22m | Importing Scene...[39m[0m
[   1% ] [90m[1mimport[22m | Running Custom Script...[39m[0m
[  99% ] [90m[1mimport[22m | Saving...[39m[0m
[92m[ DONE ][39m [1mimport[22m
[0m
[  12% ] [90m[1mreimport[22m | hex_road_G.gltf[39m[0m
[   0% ] [90m[1mimport[22m | Started Import Scene (104 steps)[39m[0m
[   0% ] [90m[1mimport[22m | Importing Scene...[39m[0m
[   1% ] [90m[1mimport[22m | Running Custom Script...[39m[0m
[  99% ] [90m[1mimport[22m | Saving...[39m[0m
[92m[ DONE ][39m [1mimport[22m
[0m
[  12% ] [90m[1mreimport[22m | hex_road_H.gltf[39m[0m
[   0% ] [90m[1mimport[22m | Started Import Scene (104 steps)[39m[0m
[   0% ] [90m[1mimport[22m | Importing Scene...[39m[0m
[   1% ] [90m[1mimport[22m | Running Custom Script...[39m[0m
[  99% ] [90m[1mimport[22m | Saving...[39m[0m
[92m[ DONE ][39m [1mimport[22m
[0m
[  12% ] [90m[1mreimport[22m | hex_road_I.gltf[39m[0m
[   0% ] [90m[1mimport[22m | Started Import Scene (104 steps)[39m[0m
[   0% ] [90m[1mimport[22m | Importing Scene...[39m[0m
[   1% ] [90m[1mimport[22m | Running Custom Script...[39m[0m
[  99% ] [90m[1mimport[22m | Saving...[39m[0m
[92m[ DONE ][39m [1mimport[22m
[0m
[  12% ] [90m[1mreimport[22m | hex_road_J.gltf[39m[0m
[   0% ] [90m[1mimport[22m | Started Import Scene (104 steps)[39m[0m
[   0% ] [90m[1mimport[22m | Importing Scene...[39m[0m
[   1% ] [90m[1mimport[22m | Running Custom Script...[39m[0m
[  99% ] [90m[1mimport[22m | Saving...[39m[0m
[92m[ DONE ][39m [1mimport[22m
[0m
[  12% ] [90m[1mreimport[22m | hex_road_K.gltf[39m[0m
[   0% ] [90m[1mimport[22m | Started Import Scene (104 steps)[39m[0m
[   0% ] [90m[1mimport[22m | Importing Scene...[39m[0m
[   1% ] [90m[1mimport[22m | Running Custom Script...[39m[0m
[  99% ] [90m[1mimport[22m | Saving...[39m[0m
[92m[ DONE ][39m [1mimport[22m
[0m
[  12% ] [90m[1mreimport[22m | hex_road_L.gltf[39m[0m
[   0% ] [90m[1mimport[22m | Started Import Scene (104 steps)[39m[0m
[   0% ] [90m[1mimport[22m | Importing Scene...[39m[0m
[   1% ] [90m[1mimport[22m | Running Custom Script...[39m[0m
[  99% ] [90m[1mimport[22m | Saving...[39m[0m
[92m[ DONE ][39m [1mimport[22m
[0m
[  12% ] [90m[1mreimport[22m | hex_road_M.gltf[39m[0m
[   0% ] [90m[1mimport[22m | Started Import Scene (104 steps)[39m[0m
[   0% ] [90m[1mimport[22m | Importing Scene...[39m[0m
[   1% ] [90m[1mimport[22m | Running Custom Script...[39m[0m
[  99% ] [90m[1mimport[22m | Saving...[39m[0m
[92m[ DONE ][39m [1mimport[22m
[0m
[  12% ] [90m[1mreimport[22m | hex_water.gltf[39m[0m
[   0% ] [90m[1mimport[22m | Started Import Scene (104 steps)[39m[0m
[   0% ] [90m[1mimport[22m | Importing Scene...[39m[0m
[   1% ] [90m[1mimport[22m | Running Custom Script...[39m[0m
[  99% ] [90m[1mimport[22m | Saving...[39m[0m
[92m[ DONE ][39m [1mimport[22m
[0m
[  12% ] [90m[1mreimport[22m | hills_A.gltf[39m[0m
[   0% ] [90m[1mimport[22m | Started Import Scene (104 steps)[39m[0m
[   0% ] [90m[1mimport[22m | Importing Scene...[39m[0m
[   1% ] [90m[1mimport[22m | Running Custom Script...[39m[0m
[  99% ] [90m[1mimport[22m | Saving...[39m[0m
[92m[ DONE ][39m [1mimport[22m
[0m
[  12% ] [90m[1mreimport[22m | hills_A_trees.gltf[39m[0m
[   0% ] [90m[1mimport[22m | Started Import Scene (104 steps)[39m[0m
[   0% ] [90m[1mimport[22m | Importing Scene...[39m[0m
[   1% ] [90m[1mimport[22m | Running Custom Script...[39m[0m
[  99% ] [90m[1mimport[22m | Saving...[39m[0m
[92m[ DONE ][39m [1mimport[22m
[0m
[  13% ] [90m[1mreimport[22m | hills_B.gltf[39m[0m
[   0% ] [90m[1mimport[22m | Started Import Scene (104 steps)[39m[0m
[   0% ] [90m[1mimport[22m | Importing Scene...[39m[0m
[   1% ] [90m[1mimport[22m | Running Custom Script...[39m[0m
[  99% ] [90m[1mimport[22m | Saving...[39m[0m
[92m[ DONE ][39m [1mimport[22m
[0m
[  13% ] [90m[1mreimport[22m | hills_B_trees.gltf[39m[0m
[   0% ] [90m[1mimport[22m | Started Import Scene (104 steps)[39m[0m
[   0% ] [90m[1mimport[22m | Importing Scene...[39m[0m
[   1% ] [90m[1mimport[22m | Running Custom Script...[39m[0m
[  99% ] [90m[1mimport[22m | Saving...[39m[0m
[92m[ DONE ][39m [1mimport[22m
[0m
[  13% ] [90m[1mreimport[22m | hills_C.gltf[39m[0m
[   0% ] [90m[1mimport[22m | Started Import Scene (104 steps)[39m[0m
[   0% ] [90m[1mimport[22m | Importing Scene...[39m[0m
[   1% ] [90m[1mimport[22m | Running Custom Script...[39m[0m
[  99% ] [90m[1mimport[22m | Saving...[39m[0m
[92m[ DONE ][39m [1mimport[22m
[0m
[  13% ] [90m[1mreimport[22m | hills_C_trees.gltf[39m[0m
[   0% ] [90m[1mimport[22m | Started Import Scene (104 steps)[39m[0m
[   0% ] [90m[1mimport[22m | Importing Scene...[39m[0m
[   1% ] [90m[1mimport[22m | Running Custom Script...[39m[0m
[  99% ] [90m[1mimport[22m | Saving...[39m[0m
[92m[ DONE ][39m [1mimport[22m
[0m
[  13% ] [90m[1mreimport[22m | building_well_blue.gltf[39m[0m
[   0% ] [90m[1mimport[22m | Started Import Scene (104 steps)[39m[0m
[   0% ] [90m[1mimport[22m | Importing Scene...[39m[0m
[   1% ] [90m[1mimport[22m | Running Custom Script...[39m[0m
[  99% ] [90m[1mimport[22m | Saving...[39m[0m
[92m[ DONE ][39m [1mimport[22m
[0m
[  13% ] [90m[1mreimport[22m | building_well_green.gltf[39m[0m
[   0% ] [90m[1mimport[22m | Started Import Scene (104 steps)[39m[0m
[   0% ] [90m[1mimport[22m | Importing Scene...[39m[0m
[   1% ] [90m[1mimport[22m | Running Custom Script...[39m[0m
[  99% ] [90m[1mimport[22m | Saving...[39m[0m
[92m[ DONE ][39m [1mimport[22m
[0m
[  13% ] [90m[1mreimport[22m | building_well_red.gltf[39m[0m
[   0% ] [90m[1mimport[22m | Started Import Scene (104 steps)[39m[0m
[   0% ] [90m[1mimport[22m | Importing Scene...[39m[0m
[   1% ] [90m[1mimport[22m | Running Custom Script...[39m[0m
[  99% ] [90m[1mimport[22m | Saving...[39m[0m
[92m[ DONE ][39m [1mimport[22m
[0m
[  13% ] [90m[1mreimport[22m | building_well_yellow.gltf[39m[0m
[   0% ] [90m[1mimport[22m | Started Import Scene (104 steps)[39m[0m
[   0% ] [90m[1mimport[22m | Importing Scene...[39m[0m
[   1% ] [90m[1mimport[22m | Running Custom Script...[39m[0m
[  99% ] [90m[1mimport[22m | Saving...[39m[0m
[92m[ DONE ][39m [1mimport[22m
[0m
[  13% ] [90m[1mreimport[22m | building_windmill_blue.gltf[39m[0m
[   0% ] [90m[1mimport[22m | Started Import Scene (104 steps)[39m[0m
[   0% ] [90m[1mimport[22m | Importing Scene...[39m[0m
[   1% ] [90m[1mimport[22m | Running Custom Script...[39m[0m
[  99% ] [90m[1mimport[22m | Saving...[39m[0m
[92m[ DONE ][39m [1mimport[22m
[0m
[  13% ] [90m[1mreimport[22m | building_windmill_green.gltf[39m[0m
[   0% ] [90m[1mimport[22m | Started Import Scene (104 steps)[39m[0m
[   0% ] [90m[1mimport[22m | Importing Scene...[39m[0m
[   1% ] [90m[1mimport[22m | Running Custom Script...[39m[0m
[  99% ] [90m[1mimport[22m | Saving...[39m[0m
[92m[ DONE ][39m [1mimport[22m
[0m
[  13% ] [90m[1mreimport[22m | building_windmill_red.gltf[39m[0m
[   0% ] [90m[1mimport[22m | Started Import Scene (104 steps)[39m[0m
[   0% ] [90m[1mimport[22m | Importing Scene...[39m[0m
[   1% ] [90m[1mimport[22m | Running Custom Script...[39m[0m
[  99% ] [90m[1mimport[22m | Saving...[39m[0m
[92m[ DONE ][39m [1mimport[22m
[0m
[  13% ] [90m[1mreimport[22m | building_windmill_yellow.gltf[39m[0m
[   0% ] [90m[1mimport[22m | Started Import Scene (104 steps)[39m[0m
[   0% ] [90m[1mimport[22m | Importing Scene...[39m[0m
[   1% ] [90m[1mimport[22m | Running Custom Script...[39m[0m
[  99% ] [90m[1mimport[22m | Saving...[39m[0m
[92m[ DONE ][39m [1mimport[22m
[0m
[  13% ] [90m[1mreimport[22m | bush.gltf[39m[0m
[   0% ] [90m[1mimport[22m | Started Import Scene (104 steps)[39m[0m
[   0% ] [90m[1mimport[22m | Importing Scene...[39m[0m
[   1% ] [90m[1mimport[22m | Running Custom Script...[39m[0m
[  99% ] [90m[1mimport[22m | Saving...[39m[0m
[92m[ DONE ][39m [1mimport[22m
[0m
[  14% ] [90m[1mreimport[22m | car_hatchback.gltf[39m[0m
[   0% ] [90m[1mimport[22m | Started Import Scene (104 steps)[39m[0m
[   0% ] [90m[1mimport[22m | Importing Scene...[39m[0m
[   1% ] [90m[1mimport[22m | Running Custom Script...[39m[0m
[  99% ] [90m[1mimport[22m | Saving...[39m[0m
[92m[ DONE ][39m [1mimport[22m
[0m
[  14% ] [90m[1mreimport[22m | car_police.gltf[39m[0m
[   0% ] [90m[1mimport[22m | Started Import Scene (104 steps)[39m[0m
[   0% ] [90m[1mimport[22m | Importing Scene...[39m[0m
[   1% ] [90m[1mimport[22m | Running Custom Script...[39m[0m
[  99% ] [90m[1mimport[22m | Saving...[39m[0m
[92m[ DONE ][39m [1mimport[22m
[0m
[  14% ] [90m[1mreimport[22m | car_sedan.gltf[39m[0m
[   0% ] [90m[1mimport[22m | Started Import Scene (104 steps)[39m[0m
[   0% ] [90m[1mimport[22m | Importing Scene...[39m[0m
[   1% ] [90m[1mimport[22m | Running Custom Script...[39m[0m
[  99% ] [90m[1mimport[22m | Saving...[39m[0m
[92m[ DONE ][39m [1mimport[22m
[0m
[  14% ] [90m[1mreimport[22m | car_stationwagon.gltf[39m[0m
[   0% ] [90m[1mimport[22m | Started Import Scene (104 steps)[39m[0m
[   0% ] [90m[1mimport[22m | Importing Scene...[39m[0m
[   1% ] [90m[1mimport[22m | Running Custom Script...[39m[0m
[  99% ] [90m[1mimport[22m | Saving...[39m[0m
[92m[ DONE ][39m [1mimport[22m
[0m
[  14% ] [90m[1mreimport[22m | car_taxi.gltf[39m[0m
[   0% ] [90m[1mimport[22m | Started Import Scene (104 steps)[39m[0m
[   0% ] [90m[1mimport[22m | Importing Scene...[39m[0m
[   1% ] [90m[1mimport[22m | Running Custom Script...[39m[0m
[  99% ] [90m[1mimport[22m | Saving...[39m[0m
[92m[ DONE ][39m [1mimport[22m
[0m
[  14% ] [90m[1mreimport[22m | cloud_big.gltf[39m[0m
[   0% ] [90m[1mimport[22m | Started Import Scene (104 steps)[39m[0m
[   0% ] [90m[1mimport[22m | Importing Scene...[39m[0m
[   1% ] [90m[1mimport[22m | Running Custom Script...[39m[0m
[  99% ] [90m[1mimport[22m | Saving...[39m[0m
[92m[ DONE ][39m [1mimport[22m
[0m
[  14% ] [90m[1mreimport[22m | cloud_small.gltf[39m[0m
[   0% ] [90m[1mimport[22m | Started Import Scene (104 steps)[39m[0m
[   0% ] [90m[1mimport[22m | Importing Scene...[39m[0m
[   1% ] [90m[1mimport[22m | Running Custom Script...[39m[0m
[  99% ] [90m[1mimport[22m | Saving...[39m[0m
[92m[ DONE ][39m [1mimport[22m
[0m
[  14% ] [90m[1mreimport[22m | Corner_ExteriorWide_Brick.fbx[39m[0m
[   0% ] [90m[1mimport[22m | Started Import Scene (104 steps)[39m[0m
[   0% ] [90m[1mimport[22m | Importing Scene...[39m[0m
[   1% ] [90m[1mimport[22m | Running Custom Script...[39m[0m
[  99% ] [90m[1mimport[22m | Saving...[39m[0m
[92m[ DONE ][39m [1mimport[22m
[0m
[  14% ] [90m[1mreimport[22m | Overhang_UnevenBrick_Corner.fbx[39m[0m
[   0% ] [90m[1mimport[22m | Started Import Scene (104 steps)[39m[0m
[   0% ] [90m[1mimport[22m | Importing Scene...[39m[0m
[   1% ] [90m[1mimport[22m | Running Custom Script...[39m[0m
[  99% ] [90m[1mimport[22m | Saving...[39m[0m
[92m[ DONE ][39m [1mimport[22m
[0m
[  14% ] [90m[1mreimport[22m | Overhang_UnevenBrick_Corner.gltf[39m[0m
[   0% ] [90m[1mimport[22m | Started Import Scene (104 steps)[39m[0m
[   0% ] [90m[1mimport[22m | Importing Scene...[39m[0m
[   1% ] [90m[1mimport[22m | Running Custom Script...[39m[0m
[  99% ] [90m[1mimport[22m | Saving...[39m[0m
[92m[ DONE ][39m [1mimport[22m
[0m
[  14% ] [90m[1mreimport[22m | Overhang_UnevenBrick_Corner_Front.fbx[39m[0m
[   0% ] [90m[1mimport[22m | Started Import Scene (104 steps)[39m[0m
[   0% ] [90m[1mimport[22m | Importing Scene...[39m[0m
[   1% ] [90m[1mimport[22m | Running Custom Script...[39m[0m
[  99% ] [90m[1mimport[22m | Saving...[39m[0m
[92m[ DONE ][39m [1mimport[22m
[0m
[  14% ] [90m[1mreimport[22m | Overhang_UnevenBrick_Corner_Front.gltf[39m[0m
[   0% ] [90m[1mimport[22m | Started Import Scene (104 steps)[39m[0m
[   0% ] [90m[1mimport[22m | Importing Scene...[39m[0m
[   1% ] [90m[1mimport[22m | Running Custom Script...[39m[0m
[  99% ] [90m[1mimport[22m | Saving...[39m[0m
[92m[ DONE ][39m [1mimport[22m
[0m
[  15% ] [90m[1mreimport[22m | Overhang_UnevenBrick_Long.fbx[39m[0m
[   0% ] [90m[1mimport[22m | Started Import Scene (104 steps)[39m[0m
[   0% ] [90m[1mimport[22m | Importing Scene...[39m[0m
[   1% ] [90m[1mimport[22m | Running Custom Script...[39m[0m
[  99% ] [90m[1mimport[22m | Saving...[39m[0m
[92m[ DONE ][39m [1mimport[22m
[0m
[  15% ] [90m[1mreimport[22m | Overhang_UnevenBrick_Long.gltf[39m[0m
[   0% ] [90m[1mimport[22m | Started Import Scene (104 steps)[39m[0m
[   0% ] [90m[1mimport[22m | Importing Scene...[39m[0m
[   1% ] [90m[1mimport[22m | Running Custom Script...[39m[0m
[  99% ] [90m[1mimport[22m | Saving...[39m[0m
[92m[ DONE ][39m [1mimport[22m
[0m
[  15% ] [90m[1mreimport[22m | Overhang_UnevenBrick_Short.fbx[39m[0m
[   0% ] [90m[1mimport[22m | Started Import Scene (104 steps)[39m[0m
[   0% ] [90m[1mimport[22m | Importing Scene...[39m[0m
[   1% ] [90m[1mimport[22m | Running Custom Script...[39m[0m
[  99% ] [90m[1mimport[22m | Saving...[39m[0m
[92m[ DONE ][39m [1mimport[22m
[0m
[  15% ] [90m[1mreimport[22m | Overhang_UnevenBrick_Short.gltf[39m[0m
[   0% ] [90m[1mimport[22m | Started Import Scene (104 steps)[39m[0m
[   0% ] [90m[1mimport[22m | Importing Scene...[39m[0m
[   1% ] [90m[1mimport[22m | Running Custom Script...[39m[0m
[  99% ] [90m[1mimport[22m | Saving...[39m[0m
[92m[ DONE ][39m [1mimport[22m
[0m
[  15% ] [90m[1mreimport[22m | pallet.gltf[39m[0m
[   0% ] [90m[1mimport[22m | Started Import Scene (104 steps)[39m[0m
[   0% ] [90m[1mimport[22m | Importing Scene...[39m[0m
[   1% ] [90m[1mimport[22m | Running Custom Script...[39m[0m
[  99% ] [90m[1mimport[22m | Saving...[39m[0m
[92m[ DONE ][39m [1mimport[22m
[0m
[  15% ] [90m[1mreimport[22m | projectile_catapult.gltf[39m[0m
[   0% ] [90m[1mimport[22m | Started Import Scene (104 steps)[39m[0m
[   0% ] [90m[1mimport[22m | Importing Scene...[39m[0m
[   1% ] [90m[1mimport[22m | Running Custom Script...[39m[0m
[  99% ] [90m[1mimport[22m | Saving...[39m[0m
[92m[ DONE ][39m [1mimport[22m
[0m
[  15% ] [90m[1mreimport[22m | Prop_Brick1.fbx[39m[0m
[   0% ] [90m[1mimport[22m | Started Import Scene (104 steps)[39m[0m
[   0% ] [90m[1mimport[22m | Importing Scene...[39m[0m
[   1% ] [90m[1mimport[22m | Running Custom Script...[39m[0m
[  99% ] [90m[1mimport[22m | Saving...[39m[0m
[92m[ DONE ][39m [1mimport[22m
[0m
[  15% ] [90m[1mreimport[22m | Prop_Brick1.gltf[39m[0m
[   0% ] [90m[1mimport[22m | Started Import Scene (104 steps)[39m[0m
[   0% ] [90m[1mimport[22m | Importing Scene...[39m[0m
[   1% ] [90m[1mimport[22m | Running Custom Script...[39m[0m
[  99% ] [90m[1mimport[22m | Saving...[39m[0m
[92m[ DONE ][39m [1mimport[22m
[0m
[  15% ] [90m[1mreimport[22m | Prop_Brick2.fbx[39m[0m
[   0% ] [90m[1mimport[22m | Started Import Scene (104 steps)[39m[0m
[   0% ] [90m[1mimport[22m | Importing Scene...[39m[0m
[   1% ] [90m[1mimport[22m | Running Custom Script...[39m[0m
[  99% ] [90m[1mimport[22m | Saving...[39m[0m
[92m[ DONE ][39m [1mimport[22m
[0m
[  15% ] [90m[1mreimport[22m | Prop_Brick2.gltf[39m[0m
[   0% ] [90m[1mimport[22m | Started Import Scene (104 steps)[39m[0m
[   0% ] [90m[1mimport[22m | Importing Scene...[39m[0m
[   1% ] [90m[1mimport[22m | Running Custom Script...[39m[0m
[  99% ] [90m[1mimport[22m | Saving...[39m[0m
[92m[ DONE ][39m [1mimport[22m
[0m
[  15% ] [90m[1mreimport[22m | Prop_Brick3.fbx[39m[0m
[   0% ] [90m[1mimport[22m | Started Import Scene (104 steps)[39m[0m
[   0% ] [90m[1mimport[22m | Importing Scene...[39m[0m
[   1% ] [90m[1mimport[22m | Running Custom Script...[39m[0m
[  99% ] [90m[1mimport[22m | Saving...[39m[0m
[92m[ DONE ][39m [1mimport[22m
[0m
[  15% ] [90m[1mreimport[22m | Prop_Brick3.gltf[39m[0m
[   0% ] [90m[1mimport[22m | Started Import Scene (104 steps)[39m[0m
[   0% ] [90m[1mimport[22m | Importing Scene...[39m[0m
[   1% ] [90m[1mimport[22m | Running Custom Script...[39m[0m
[  99% ] [90m[1mimport[22m | Saving...[39m[0m
[92m[ DONE ][39m [1mimport[22m
[0m
[  16% ] [90m[1mreimport[22m | Prop_Brick4.fbx[39m[0m
[   0% ] [90m[1mimport[22m | Started Import Scene (104 steps)[39m[0m
[   0% ] [90m[1mimport[22m | Importing Scene...[39m[0m
[   1% ] [90m[1mimport[22m | Running Custom Script...[39m[0m
[  99% ] [90m[1mimport[22m | Saving...[39m[0m
[92m[ DONE ][39m [1mimport[22m
[0m
[  16% ] [90m[1mreimport[22m | Prop_Brick4.gltf[39m[0m
[   0% ] [90m[1mimport[22m | Started Import Scene (104 steps)[39m[0m
[   0% ] [90m[1mimport[22m | Importing Scene...[39m[0m
[   1% ] [90m[1mimport[22m | Running Custom Script...[39m[0m
[  99% ] [90m[1mimport[22m | Saving...[39m[0m
[92m[ DONE ][39m [1mimport[22m
[0m
[  16% ] [90m[1mreimport[22m | Prop_Chimney2.fbx[39m[0m
[   0% ] [90m[1mimport[22m | Started Import Scene (104 steps)[39m[0m
[   0% ] [90m[1mimport[22m | Importing Scene...[39m[0m
[   1% ] [90m[1mimport[22m | Running Custom Script...[39m[0m
[  99% ] [90m[1mimport[22m | Saving...[39m[0m
[92m[ DONE ][39m [1mimport[22m
[0m
[  16% ] [90m[1mreimport[22m | building_tower_catapult_green.gltf[39m[0m
[   0% ] [90m[1mimport[22m | Started Import Scene (104 steps)[39m[0m
[   0% ] [90m[1mimport[22m | Importing Scene...[39m[0m
[   1% ] [90m[1mimport[22m | Running Custom Script...[39m[0m
[  99% ] [90m[1mimport[22m | Saving...[39m[0m
[92m[ DONE ][39m [1mimport[22m
[0m
[  16% ] [90m[1mreimport[22m | Prop_Chimney2.gltf[39m[0m
[   0% ] [90m[1mimport[22m | Started Import Scene (104 steps)[39m[0m
[   0% ] [90m[1mimport[22m | Importing Scene...[39m[0m
[   1% ] [90m[1mimport[22m | Running Custom Script...[39m[0m
[  99% ] [90m[1mimport[22m | Saving...[39m[0m
[92m[ DONE ][39m [1mimport[22m
[0m
[  16% ] [90m[1mreimport[22m | Prop_Chimney.fbx[39m[0m
[   0% ] [90m[1mimport[22m | Started Import Scene (104 steps)[39m[0m
[   0% ] [90m[1mimport[22m | Importing Scene...[39m[0m
[   1% ] [90m[1mimport[22m | Running Custom Script...[39m[0m
[  99% ] [90m[1mimport[22m | Saving...[39m[0m
[92m[ DONE ][39m [1mimport[22m
[0m
[  16% ] [90m[1mreimport[22m | Prop_Chimney.gltf[39m[0m
[   0% ] [90m[1mimport[22m | Started Import Scene (104 steps)[39m[0m
[   0% ] [90m[1mimport[22m | Importing Scene...[39m[0m
[   1% ] [90m[1mimport[22m | Running Custom Script...[39m[0m
[  99% ] [90m[1mimport[22m | Saving...[39m[0m
[92m[ DONE ][39m [1mimport[22m
[0m
[  16% ] [90m[1mreimport[22m | Prop_Crate.fbx[39m[0m
[   0% ] [90m[1mimport[22m | Started Import Scene (104 steps)[39m[0m
[   0% ] [90m[1mimport[22m | Importing Scene...[39m[0m
[   1% ] [90m[1mimport[22m | Running Custom Script...[39m[0m
[  99% ] [90m[1mimport[22m | Saving...[39m[0m
[92m[ DONE ][39m [1mimport[22m
[0m
[  16% ] [90m[1mreimport[22m | Prop_Crate.gltf[39m[0m
[   0% ] [90m[1mimport[22m | Started Import Scene (104 steps)[39m[0m
[   0% ] [90m[1mimport[22m | Importing Scene...[39m[0m
[   1% ] [90m[1mimport[22m | Running Custom Script...[39m[0m
[  99% ] [90m[1mimport[22m | Saving...[39m[0m
[92m[ DONE ][39m [1mimport[22m
[0m
[  16% ] [90m[1mreimport[22m | Prop_ExteriorBorder_Corner.fbx[39m[0m
[   0% ] [90m[1mimport[22m | Started Import Scene (104 steps)[39m[0m
[   0% ] [90m[1mimport[22m | Importing Scene...[39m[0m
[   1% ] [90m[1mimport[22m | Running Custom Script...[39m[0m
[  99% ] [90m[1mimport[22m | Saving...[39m[0m
[92m[ DONE ][39m [1mimport[22m
[0m
[  16% ] [90m[1mreimport[22m | Prop_ExteriorBorder_Corner.gltf[39m[0m
[   0% ] [90m[1mimport[22m | Started Import Scene (104 steps)[39m[0m
[   0% ] [90m[1mimport[22m | Importing Scene...[39m[0m
[   1% ] [90m[1mimport[22m | Running Custom Script...[39m[0m
[  99% ] [90m[1mimport[22m | Saving...[39m[0m
[92m[ DONE ][39m [1mimport[22m
[0m
[  16% ] [90m[1mreimport[22m | Prop_ExteriorBorder_Straight1.fbx[39m[0m
[   0% ] [90m[1mimport[22m | Started Import Scene (104 steps)[39m[0m
[   0% ] [90m[1mimport[22m | Importing Scene...[39m[0m
[   1% ] [90m[1mimport[22m | Running Custom Script...[39m[0m
[  99% ] [90m[1mimport[22m | Saving...[39m[0m
[92m[ DONE ][39m [1mimport[22m
[0m
[  16% ] [90m[1mreimport[22m | Prop_ExteriorBorder_Straight1.gltf[39m[0m
[   0% ] [90m[1mimport[22m | Started Import Scene (104 steps)[39m[0m
[   0% ] [90m[1mimport[22m | Importing Scene...[39m[0m
[   1% ] [90m[1mimport[22m | Running Custom Script...[39m[0m
[  99% ] [90m[1mimport[22m | Saving...[39m[0m
[92m[ DONE ][39m [1mimport[22m
[0m
[  17% ] [90m[1mreimport[22m | Prop_ExteriorBorder_Straight2.fbx[39m[0m
[   0% ] [90m[1mimport[22m | Started Import Scene (104 steps)[39m[0m
[   0% ] [90m[1mimport[22m | Importing Scene...[39m[0m
[   1% ] [90m[1mimport[22m | Running Custom Script...[39m[0m
[  99% ] [90m[1mimport[22m | Saving...[39m[0m
[92m[ DONE ][39m [1mimport[22m
[0m
[  17% ] [90m[1mreimport[22m | Prop_ExteriorBorder_Straight2.gltf[39m[0m
[   0% ] [90m[1mimport[22m | Started Import Scene (104 steps)[39m[0m
[   0% ] [90m[1mimport[22m | Importing Scene...[39m[0m
[   1% ] [90m[1mimport[22m | Running Custom Script...[39m[0m
[  99% ] [90m[1mimport[22m | Saving...[39m[0m
[92m[ DONE ][39m [1mimport[22m
[0m
[  17% ] [90m[1mreimport[22m | Prop_MetalFence_Ornament.fbx[39m[0m
[   0% ] [90m[1mimport[22m | Started Import Scene (104 steps)[39m[0m
[   0% ] [90m[1mimport[22m | Importing Scene...[39m[0m
[   1% ] [90m[1mimport[22m | Running Custom Script...[39m[0m
[  99% ] [90m[1mimport[22m | Saving...[39m[0m
[92m[ DONE ][39m [1mimport[22m
[0m
[  17% ] [90m[1mreimport[22m | Overhang_Plaster_Corner.gltf[39m[0m
[   0% ] [90m[1mimport[22m | Started Import Scene (104 steps)[39m[0m
[   0% ] [90m[1mimport[22m | Importing Scene...[39m[0m
[   1% ] [90m[1mimport[22m | Running Custom Script...[39m[0m
[  99% ] [90m[1mimport[22m | Saving...[39m[0m
[92m[ DONE ][39m [1mimport[22m
[0m
[  17% ] [90m[1mreimport[22m | Overhang_Plaster_Corner_Front.fbx[39m[0m
[   0% ] [90m[1mimport[22m | Started Import Scene (104 steps)[39m[0m
[   0% ] [90m[1mimport[22m | Importing Scene...[39m[0m
[   1% ] [90m[1mimport[22m | Running Custom Script...[39m[0m
[  99% ] [90m[1mimport[22m | Saving...[39m[0m
[92m[ DONE ][39m [1mimport[22m
[0m
[  17% ] [90m[1mreimport[22m | Overhang_Plaster_Corner_Front.gltf[39m[0m
[   0% ] [90m[1mimport[22m | Started Import Scene (104 steps)[39m[0m
[   0% ] [90m[1mimport[22m | Importing Scene...[39m[0m
[   1% ] [90m[1mimport[22m | Running Custom Script...[39m[0m
[  99% ] [90m[1mimport[22m | Saving...[39m[0m
[92m[ DONE ][39m [1mimport[22m
[0m
[  17% ] [90m[1mreimport[22m | Overhang_Plaster_Long.fbx[39m[0m
[   0% ] [90m[1mimport[22m | Started Import Scene (104 steps)[39m[0m
[   0% ] [90m[1mimport[22m | Importing Scene...[39m[0m
[   1% ] [90m[1mimport[22m | Running Custom Script...[39m[0m
[  99% ] [90m[1mimport[22m | Saving...[39m[0m
[92m[ DONE ][39m [1mimport[22m
[0m
[  17% ] [90m[1mreimport[22m | Overhang_Plaster_Long.gltf[39m[0m
[   0% ] [90m[1mimport[22m | Started Import Scene (104 steps)[39m[0m
[   0% ] [90m[1mimport[22m | Importing Scene...[39m[0m
[   1% ] [90m[1mimport[22m | Running Custom Script...[39m[0m
[  99% ] [90m[1mimport[22m | Saving...[39m[0m
[92m[ DONE ][39m [1mimport[22m
[0m
[  17% ] [90m[1mreimport[22m | Overhang_Plaster_Short.fbx[39m[0m
[   0% ] [90m[1mimport[22m | Started Import Scene (104 steps)[39m[0m
[   0% ] [90m[1mimport[22m | Importing Scene...[39m[0m
[   1% ] [90m[1mimport[22m | Running Custom Script...[39m[0m
[  99% ] [90m[1mimport[22m | Saving...[39m[0m
[92m[ DONE ][39m [1mimport[22m
[0m
[  17% ] [90m[1mreimport[22m | Overhang_Plaster_Short.gltf[39m[0m
[   0% ] [90m[1mimport[22m | Started Import Scene (104 steps)[39m[0m
[   0% ] [90m[1mimport[22m | Importing Scene...[39m[0m
[   1% ] [90m[1mimport[22m | Running Custom Script...[39m[0m
[  99% ] [90m[1mimport[22m | Saving...[39m[0m
[92m[ DONE ][39m [1mimport[22m
[0m
[  17% ] [90m[1mreimport[22m | Overhang_RoofIncline_Plaster.fbx[39m[0m
[   0% ] [90m[1mimport[22m | Started Import Scene (104 steps)[39m[0m
[   0% ] [90m[1mimport[22m | Importing Scene...[39m[0m
[   1% ] [90m[1mimport[22m | Running Custom Script...[39m[0m
[  99% ] [90m[1mimport[22m | Saving...[39m[0m
[92m[ DONE ][39m [1mimport[22m
[0m
[  17% ] [90m[1mreimport[22m | Overhang_RoofIncline_Plaster.gltf[39m[0m
[   0% ] [90m[1mimport[22m | Started Import Scene (104 steps)[39m[0m
[   0% ] [90m[1mimport[22m | Importing Scene...[39m[0m
[   1% ] [90m[1mimport[22m | Running Custom Script...[39m[0m
[  99% ] [90m[1mimport[22m | Saving...[39m[0m
[92m[ DONE ][39m [1mimport[22m
[0m
[  18% ] [90m[1mreimport[22m | Overhang_RoofIncline_UnevenBricks.fbx[39m[0m
[   0% ] [90m[1mimport[22m | Started Import Scene (104 steps)[39m[0m
[   0% ] [90m[1mimport[22m | Importing Scene...[39m[0m
[   1% ] [90m[1mimport[22m | Running Custom Script...[39m[0m
[  99% ] [90m[1mimport[22m | Saving...[39m[0m
[92m[ DONE ][39m [1mimport[22m
[0m
[  18% ] [90m[1mreimport[22m | Overhang_RoofIncline_UnevenBricks.gltf[39m[0m
[   0% ] [90m[1mimport[22m | Started Import Scene (104 steps)[39m[0m
[   0% ] [90m[1mimport[22m | Importing Scene...[39m[0m
[   1% ] [90m[1mimport[22m | Running Custom Script...[39m[0m
[  99% ] [90m[1mimport[22m | Saving...[39m[0m
[92m[ DONE ][39m [1mimport[22m
[0m
[  18% ] [90m[1mreimport[22m | Overhang_Roof_Plaster.fbx[39m[0m
[   0% ] [90m[1mimport[22m | Started Import Scene (104 steps)[39m[0m
[   0% ] [90m[1mimport[22m | Importing Scene...[39m[0m
[   1% ] [90m[1mimport[22m | Running Custom Script...[39m[0m
[  99% ] [90m[1mimport[22m | Saving...[39m[0m
[92m[ DONE ][39m [1mimport[22m
[0m
[  18% ] [90m[1mreimport[22m | Overhang_Roof_Plaster.gltf[39m[0m
[   0% ] [90m[1mimport[22m | Started Import Scene (104 steps)[39m[0m
[   0% ] [90m[1mimport[22m | Importing Scene...[39m[0m
[   1% ] [90m[1mimport[22m | Running Custom Script...[39m[0m
[  99% ] [90m[1mimport[22m | Saving...[39m[0m
[92m[ DONE ][39m [1mimport[22m
[0m
[  18% ] [90m[1mreimport[22m | Overhang_Roof_UnevenBricks.fbx[39m[0m
[   0% ] [90m[1mimport[22m | Started Import Scene (104 steps)[39m[0m
[   0% ] [90m[1mimport[22m | Importing Scene...[39m[0m
[   1% ] [90m[1mimport[22m | Running Custom Script...[39m[0m
[  99% ] [90m[1mimport[22m | Saving...[39m[0m
[92m[ DONE ][39m [1mimport[22m
[0m
[  18% ] [90m[1mreimport[22m | building_tower_catapult_red.gltf[39m[0m
[   0% ] [90m[1mimport[22m | Started Import Scene (104 steps)[39m[0m
[   0% ] [90m[1mimport[22m | Importing Scene...[39m[0m
[   1% ] [90m[1mimport[22m | Running Custom Script...[39m[0m
[  99% ] [90m[1mimport[22m | Saving...[39m[0m
[92m[ DONE ][39m [1mimport[22m
[0m
[  18% ] [90m[1mreimport[22m | Overhang_Roof_UnevenBricks.gltf[39m[0m
[   0% ] [90m[1mimport[22m | Started Import Scene (104 steps)[39m[0m
[   0% ] [90m[1mimport[22m | Importing Scene...[39m[0m
[   1% ] [90m[1mimport[22m | Running Custom Script...[39m[0m
[  99% ] [90m[1mimport[22m | Saving...[39m[0m
[92m[ DONE ][39m [1mimport[22m
[0m
[  18% ] [90m[1mreimport[22m | Overhang_Side_Plaster_Long_L.fbx[39m[0m
[   0% ] [90m[1mimport[22m | Started Import Scene (104 steps)[39m[0m
[   0% ] [90m[1mimport[22m | Importing Scene...[39m[0m
[   1% ] [90m[1mimport[22m | Running Custom Script...[39m[0m
[  99% ] [90m[1mimport[22m | Saving...[39m[0m
[92m[ DONE ][39m [1mimport[22m
[0m
[  18% ] [90m[1mreimport[22m | Overhang_Side_Plaster_Long_L.gltf[39m[0m
[   0% ] [90m[1mimport[22m | Started Import Scene (104 steps)[39m[0m
[   0% ] [90m[1mimport[22m | Importing Scene...[39m[0m
[   1% ] [90m[1mimport[22m | Running Custom Script...[39m[0m
[  99% ] [90m[1mimport[22m | Saving...[39m[0m
[92m[ DONE ][39m [1mimport[22m
[0m
[  18% ] [90m[1mreimport[22m | Overhang_Side_Plaster_Long_R.fbx[39m[0m
[   0% ] [90m[1mimport[22m | Started Import Scene (104 steps)[39m[0m
[   0% ] [90m[1mimport[22m | Importing Scene...[39m[0m
[   1% ] [90m[1mimport[22m | Running Custom Script...[39m[0m
[  99% ] [90m[1mimport[22m | Saving...[39m[0m
[92m[ DONE ][39m [1mimport[22m
[0m
[  18% ] [90m[1mreimport[22m | Overhang_Side_Plaster_Long_R.gltf[39m[0m
[   0% ] [90m[1mimport[22m | Started Import Scene (104 steps)[39m[0m
[   0% ] [90m[1mimport[22m | Importing Scene...[39m[0m
[   1% ] [90m[1mimport[22m | Running Custom Script...[39m[0m
[  99% ] [90m[1mimport[22m | Saving...[39m[0m
[92m[ DONE ][39m [1mimport[22m
[0m
[  18% ] [90m[1mreimport[22m | Overhang_Side_Plaster_Short_L.fbx[39m[0m
[   0% ] [90m[1mimport[22m | Started Import Scene (104 steps)[39m[0m
[   0% ] [90m[1mimport[22m | Importing Scene...[39m[0m
[   1% ] [90m[1mimport[22m | Running Custom Script...[39m[0m
[  99% ] [90m[1mimport[22m | Saving...[39m[0m
[92m[ DONE ][39m [1mimport[22m
[0m
[  19% ] [90m[1mreimport[22m | Overhang_Side_Plaster_Short_L.gltf[39m[0m
[   0% ] [90m[1mimport[22m | Started Import Scene (104 steps)[39m[0m
[   0% ] [90m[1mimport[22m | Importing Scene...[39m[0m
[   1% ] [90m[1mimport[22m | Running Custom Script...[39m[0m
[  99% ] [90m[1mimport[22m | Saving...[39m[0m
[92m[ DONE ][39m [1mimport[22m
[0m
[  19% ] [90m[1mreimport[22m | Overhang_Side_Plaster_Short_R.fbx[39m[0m
[   0% ] [90m[1mimport[22m | Started Import Scene (104 steps)[39m[0m
[   0% ] [90m[1mimport[22m | Importing Scene...[39m[0m
[   1% ] [90m[1mimport[22m | Running Custom Script...[39m[0m
[  99% ] [90m[1mimport[22m | Saving...[39m[0m
[92m[ DONE ][39m [1mimport[22m
[0m
[  19% ] [90m[1mreimport[22m | Overhang_Side_Plaster_Short_R.gltf[39m[0m
[   0% ] [90m[1mimport[22m | Started Import Scene (104 steps)[39m[0m
[   0% ] [90m[1mimport[22m | Importing Scene...[39m[0m
[   1% ] [90m[1mimport[22m | Running Custom Script...[39m[0m
[  99% ] [90m[1mimport[22m | Saving...[39m[0m
[92m[ DONE ][39m [1mimport[22m
[0m
[  19% ] [90m[1mreimport[22m | Overhang_Side_UnevenBrick_Long_L.fbx[39m[0m
[   0% ] [90m[1mimport[22m | Started Import Scene (104 steps)[39m[0m
[   0% ] [90m[1mimport[22m | Importing Scene...[39m[0m
[   1% ] [90m[1mimport[22m | Running Custom Script...[39m[0m
[  99% ] [90m[1mimport[22m | Saving...[39m[0m
[92m[ DONE ][39m [1mimport[22m
[0m
[  19% ] [90m[1mreimport[22m | Overhang_Side_UnevenBrick_Long_L.gltf[39m[0m
[   0% ] [90m[1mimport[22m | Started Import Scene (104 steps)[39m[0m
[   0% ] [90m[1mimport[22m | Importing Scene...[39m[0m
[   1% ] [90m[1mimport[22m | Running Custom Script...[39m[0m
[  99% ] [90m[1mimport[22m | Saving...[39m[0m
[92m[ DONE ][39m [1mimport[22m
[0m
[  19% ] [90m[1mreimport[22m | Overhang_Side_UnevenBrick_Long_R.fbx[39m[0m
[   0% ] [90m[1mimport[22m | Started Import Scene (104 steps)[39m[0m
[   0% ] [90m[1mimport[22m | Importing Scene...[39m[0m
[   1% ] [90m[1mimport[22m | Running Custom Script...[39m[0m
[  99% ] [90m[1mimport[22m | Saving...[39m[0m
[92m[ DONE ][39m [1mimport[22m
[0m
[  19% ] [90m[1mreimport[22m | Overhang_Side_UnevenBrick_Long_R.gltf[39m[0m
[   0% ] [90m[1mimport[22m | Started Import Scene (104 steps)[39m[0m
[   0% ] [90m[1mimport[22m | Importing Scene...[39m[0m
[   1% ] [90m[1mimport[22m | Running Custom Script...[39m[0m
[  99% ] [90m[1mimport[22m | Saving...[39m[0m
[92m[ DONE ][39m [1mimport[22m
[0m
[  19% ] [90m[1mreimport[22m | Overhang_Side_UnevenBrick_Short_L.fbx[39m[0m
[   0% ] [90m[1mimport[22m | Started Import Scene (104 steps)[39m[0m
[   0% ] [90m[1mimport[22m | Importing Scene...[39m[0m
[   1% ] [90m[1mimport[22m | Running Custom Script...[39m[0m
[  99% ] [90m[1mimport[22m | Saving...[39m[0m
[92m[ DONE ][39m [1mimport[22m
[0m
[  19% ] [90m[1mreimport[22m | Overhang_Side_UnevenBrick_Short_L.gltf[39m[0m
[   0% ] [90m[1mimport[22m | Started Import Scene (104 steps)[39m[0m
[   0% ] [90m[1mimport[22m | Importing Scene...[39m[0m
[   1% ] [90m[1mimport[22m | Running Custom Script...[39m[0m
[  99% ] [90m[1mimport[22m | Saving...[39m[0m
[92m[ DONE ][39m [1mimport[22m
[0m
[  19% ] [90m[1mreimport[22m | Overhang_Side_UnevenBrick_Short_R.fbx[39m[0m
[   0% ] [90m[1mimport[22m | Started Import Scene (104 steps)[39m[0m
[   0% ] [90m[1mimport[22m | Importing Scene...[39m[0m
[   1% ] [90m[1mimport[22m | Running Custom Script...[39m[0m
[  99% ] [90m[1mimport[22m | Saving...[39m[0m
[92m[ DONE ][39m [1mimport[22m
[0m
[  19% ] [90m[1mreimport[22m | Overhang_Side_UnevenBrick_Short_R.gltf[39m[0m
[   0% ] [90m[1mimport[22m | Started Import Scene (104 steps)[39m[0m
[   0% ] [90m[1mimport[22m | Importing Scene...[39m[0m
[   1% ] [90m[1mimport[22m | Running Custom Script...[39m[0m
[  99% ] [90m[1mimport[22m | Saving...[39m[0m
[92m[ DONE ][39m [1mimport[22m
[0m
[  19% ] [90m[1mreimport[22m | dumpster.gltf[39m[0m
[   0% ] [90m[1mimport[22m | Started Import Scene (104 steps)[39m[0m
[   0% ] [90m[1mimport[22m | Importing Scene...[39m[0m
[   1% ] [90m[1mimport[22m | Running Custom Script...[39m[0m
[  99% ] [90m[1mimport[22m | Saving...[39m[0m
[92m[ DONE ][39m [1mimport[22m
[0m
[  19% ] [90m[1mreimport[22m | Door_8_Round.gltf[39m[0m
[   0% ] [90m[1mimport[22m | Started Import Scene (104 steps)[39m[0m
[   0% ] [90m[1mimport[22m | Importing Scene...[39m[0m
[   1% ] [90m[1mimport[22m | Running Custom Script...[39m[0m
[  99% ] [90m[1mimport[22m | Saving...[39m[0m
[92m[ DONE ][39m [1mimport[22m
[0m
[  20% ] [90m[1mreimport[22m | Door_8_Round.fbx[39m[0m
[   0% ] [90m[1mimport[22m | Started Import Scene (104 steps)[39m[0m
[   0% ] [90m[1mimport[22m | Importing Scene...[39m[0m
[   1% ] [90m[1mimport[22m | Running Custom Script...[39m[0m
[  99% ] [90m[1mimport[22m | Saving...[39m[0m
[92m[ DONE ][39m [1mimport[22m
[0m
[  20% ] [90m[1mreimport[22m | Door_8_Flat.gltf[39m[0m
[   0% ] [90m[1mimport[22m | Started Import Scene (104 steps)[39m[0m
[   0% ] [90m[1mimport[22m | Importing Scene...[39m[0m
[   1% ] [90m[1mimport[22m | Running Custom Script...[39m[0m
[  99% ] [90m[1mimport[22m | Saving...[39m[0m
[92m[ DONE ][39m [1mimport[22m
[0m
[  20% ] [90m[1mreimport[22m | Door_8_Flat.fbx[39m[0m
[   0% ] [90m[1mimport[22m | Started Import Scene (104 steps)[39m[0m
[   0% ] [90m[1mimport[22m | Importing Scene...[39m[0m
[   1% ] [90m[1mimport[22m | Running Custom Script...[39m[0m
[  99% ] [90m[1mimport[22m | Saving...[39m[0m
[92m[ DONE ][39m [1mimport[22m
[0m
[  20% ] [90m[1mreimport[22m | Door_4_Round.gltf[39m[0m
[   0% ] [90m[1mimport[22m | Started Import Scene (104 steps)[39m[0m
[   0% ] [90m[1mimport[22m | Importing Scene...[39m[0m
[   1% ] [90m[1mimport[22m | Running Custom Script...[39m[0m
[  99% ] [90m[1mimport[22m | Saving...[39m[0m
[92m[ DONE ][39m [1mimport[22m
[0m
[  20% ] [90m[1mreimport[22m | Door_4_Round.fbx[39m[0m
[   0% ] [90m[1mimport[22m | Started Import Scene (104 steps)[39m[0m
[   0% ] [90m[1mimport[22m | Importing Scene...[39m[0m
[   1% ] [90m[1mimport[22m | Running Custom Script...[39m[0m
[  99% ] [90m[1mimport[22m | Saving...[39m[0m
[92m[ DONE ][39m [1mimport[22m
[0m
[  20% ] [90m[1mreimport[22m | Door_4_Flat.gltf[39m[0m
[   0% ] [90m[1mimport[22m | Started Import Scene (104 steps)[39m[0m
[   0% ] [90m[1mimport[22m | Importing Scene...[39m[0m
[   1% ] [90m[1mimport[22m | Running Custom Script...[39m[0m
[  99% ] [90m[1mimport[22m | Saving...[39m[0m
[92m[ DONE ][39m [1mimport[22m
[0m
[  20% ] [90m[1mreimport[22m | Door_4_Flat.fbx[39m[0m
[   0% ] [90m[1mimport[22m | Started Import Scene (104 steps)[39m[0m
[   0% ] [90m[1mimport[22m | Importing Scene...[39m[0m
[   1% ] [90m[1mimport[22m | Running Custom Script...[39m[0m
[  99% ] [90m[1mimport[22m | Saving...[39m[0m
[92m[ DONE ][39m [1mimport[22m
[0m
[  20% ] [90m[1mreimport[22m | Door_2_Round.gltf[39m[0m
[   0% ] [90m[1mimport[22m | Started Import Scene (104 steps)[39m[0m
[   0% ] [90m[1mimport[22m | Importing Scene...[39m[0m
[   1% ] [90m[1mimport[22m | Running Custom Script...[39m[0m
[  99% ] [90m[1mimport[22m | Saving...[39m[0m
[92m[ DONE ][39m [1mimport[22m
[0m
[  20% ] [90m[1mreimport[22m | Door_2_Round.fbx[39m[0m
[   0% ] [90m[1mimport[22m | Started Import Scene (104 steps)[39m[0m
[   0% ] [90m[1mimport[22m | Importing Scene...[39m[0m
[   1% ] [90m[1mimport[22m | Running Custom Script...[39m[0m
[  99% ] [90m[1mimport[22m | Saving...[39m[0m
[92m[ DONE ][39m [1mimport[22m
[0m
[  20% ] [90m[1mreimport[22m | Door_2_Flat.gltf[39m[0m
[   0% ] [90m[1mimport[22m | Started Import Scene (104 steps)[39m[0m
[   0% ] [90m[1mimport[22m | Importing Scene...[39m[0m
[   1% ] [90m[1mimport[22m | Running Custom Script...[39m[0m
[  99% ] [90m[1mimport[22m | Saving...[39m[0m
[92m[ DONE ][39m [1mimport[22m
[0m
[  20% ] [90m[1mreimport[22m | Door_2_Flat.fbx[39m[0m
[   0% ] [90m[1mimport[22m | Started Import Scene (104 steps)[39m[0m
[   0% ] [90m[1mimport[22m | Importing Scene...[39m[0m
[   1% ] [90m[1mimport[22m | Running Custom Script...[39m[0m
[  99% ] [90m[1mimport[22m | Saving...[39m[0m
[92m[ DONE ][39m [1mimport[22m
[0m
[  20% ] [90m[1mreimport[22m | Door_1_Round.gltf[39m[0m
[   0% ] [90m[1mimport[22m | Started Import Scene (104 steps)[39m[0m
[   0% ] [90m[1mimport[22m | Importing Scene...[39m[0m
[   1% ] [90m[1mimport[22m | Running Custom Script...[39m[0m
[  99% ] [90m[1mimport[22m | Saving...[39m[0m
[92m[ DONE ][39m [1mimport[22m
[0m
[  21% ] [90m[1mreimport[22m | Door_1_Round.fbx[39m[0m
[   0% ] [90m[1mimport[22m | Started Import Scene (104 steps)[39m[0m
[   0% ] [90m[1mimport[22m | Importing Scene...[39m[0m
[   1% ] [90m[1mimport[22m | Running Custom Script...[39m[0m
[  99% ] [90m[1mimport[22m | Saving...[39m[0m
[92m[ DONE ][39m [1mimport[22m
[0m
[  21% ] [90m[1mreimport[22m | Door_1_Flat.gltf[39m[0m
[   0% ] [90m[1mimport[22m | Started Import Scene (104 steps)[39m[0m
[   0% ] [90m[1mimport[22m | Importing Scene...[39m[0m
[   1% ] [90m[1mimport[22m | Running Custom Script...[39m[0m
[  99% ] [90m[1mimport[22m | Saving...[39m[0m
[92m[ DONE ][39m [1mimport[22m
[0m
[  21% ] [90m[1mreimport[22m | crate_A_small.gltf[39m[0m
[   0% ] [90m[1mimport[22m | Started Import Scene (104 steps)[39m[0m
[   0% ] [90m[1mimport[22m | Importing Scene...[39m[0m
[   1% ] [90m[1mimport[22m | Running Custom Script...[39m[0m
[  99% ] [90m[1mimport[22m | Saving...[39m[0m
[92m[ DONE ][39m [1mimport[22m
[0m
[  21% ] [90m[1mreimport[22m | crate_B_big.gltf[39m[0m
[   0% ] [90m[1mimport[22m | Started Import Scene (104 steps)[39m[0m
[   0% ] [90m[1mimport[22m | Importing Scene...[39m[0m
[   1% ] [90m[1mimport[22m | Running Custom Script...[39m[0m
[  99% ] [90m[1mimport[22m | Saving...[39m[0m
[92m[ DONE ][39m [1mimport[22m
[0m
[  21% ] [90m[1mreimport[22m | crate_B_small.gltf[39m[0m
[   0% ] [90m[1mimport[22m | Started Import Scene (104 steps)[39m[0m
[   0% ] [90m[1mimport[22m | Importing Scene...[39m[0m
[   1% ] [90m[1mimport[22m | Running Custom Script...[39m[0m
[  99% ] [90m[1mimport[22m | Saving...[39m[0m
[92m[ DONE ][39m [1mimport[22m
[0m
[  21% ] [90m[1mreimport[22m | crate_long_A.gltf[39m[0m
[   0% ] [90m[1mimport[22m | Started Import Scene (104 steps)[39m[0m
[   0% ] [90m[1mimport[22m | Importing Scene...[39m[0m
[   1% ] [90m[1mimport[22m | Running Custom Script...[39m[0m
[  99% ] [90m[1mimport[22m | Saving...[39m[0m
[92m[ DONE ][39m [1mimport[22m
[0m
[  21% ] [90m[1mreimport[22m | crate_long_B.gltf[39m[0m
[   0% ] [90m[1mimport[22m | Started Import Scene (104 steps)[39m[0m
[   0% ] [90m[1mimport[22m | Importing Scene...[39m[0m
[   1% ] [90m[1mimport[22m | Running Custom Script...[39m[0m
[  99% ] [90m[1mimport[22m | Saving...[39m[0m
[92m[ DONE ][39m [1mimport[22m
[0m
[  21% ] [90m[1mreimport[22m | crate_long_C.gltf[39m[0m
[   0% ] [90m[1mimport[22m | Started Import Scene (104 steps)[39m[0m
[   0% ] [90m[1mimport[22m | Importing Scene...[39m[0m
[   1% ] [90m[1mimport[22m | Running Custom Script...[39m[0m
[  99% ] [90m[1mimport[22m | Saving...[39m[0m
[92m[ DONE ][39m [1mimport[22m
[0m
[  21% ] [90m[1mreimport[22m | crate_long_empty.gltf[39m[0m
[   0% ] [90m[1mimport[22m | Started Import Scene (104 steps)[39m[0m
[   0% ] [90m[1mimport[22m | Importing Scene...[39m[0m
[   1% ] [90m[1mimport[22m | Running Custom Script...[39m[0m
[  99% ] [90m[1mimport[22m | Saving...[39m[0m
[92m[ DONE ][39m [1mimport[22m
[0m
[  21% ] [90m[1mreimport[22m | crate_open.gltf[39m[0m
[   0% ] [90m[1mimport[22m | Started Import Scene (104 steps)[39m[0m
[   0% ] [90m[1mimport[22m | Importing Scene...[39m[0m
[   1% ] [90m[1mimport[22m | Running Custom Script...[39m[0m
[  99% ] [90m[1mimport[22m | Saving...[39m[0m
[92m[ DONE ][39m [1mimport[22m
[0m
[  21% ] [90m[1mreimport[22m | DoorFrame_Flat_Brick.fbx[39m[0m
[   0% ] [90m[1mimport[22m | Started Import Scene (104 steps)[39m[0m
[   0% ] [90m[1mimport[22m | Importing Scene...[39m[0m
[   1% ] [90m[1mimport[22m | Running Custom Script...[39m[0m
[  99% ] [90m[1mimport[22m | Saving...[39m[0m
[92m[ DONE ][39m [1mimport[22m
[0m
[  21% ] [90m[1mreimport[22m | DoorFrame_Flat_Brick.gltf[39m[0m
[   0% ] [90m[1mimport[22m | Started Import Scene (104 steps)[39m[0m
[   0% ] [90m[1mimport[22m | Importing Scene...[39m[0m
[   1% ] [90m[1mimport[22m | Running Custom Script...[39m[0m
[  99% ] [90m[1mimport[22m | Saving...[39m[0m
[92m[ DONE ][39m [1mimport[22m
[0m
[  22% ] [90m[1mreimport[22m | DoorFrame_Flat_WoodDark.fbx[39m[0m
[   0% ] [90m[1mimport[22m | Started Import Scene (104 steps)[39m[0m
[   0% ] [90m[1mimport[22m | Importing Scene...[39m[0m
[   1% ] [90m[1mimport[22m | Running Custom Script...[39m[0m
[  99% ] [90m[1mimport[22m | Saving...[39m[0m
[92m[ DONE ][39m [1mimport[22m
[0m
[  22% ] [90m[1mreimport[22m | DoorFrame_Flat_WoodDark.gltf[39m[0m
[   0% ] [90m[1mimport[22m | Started Import Scene (104 steps)[39m[0m
[   0% ] [90m[1mimport[22m | Importing Scene...[39m[0m
[   1% ] [90m[1mimport[22m | Running Custom Script...[39m[0m
[  99% ] [90m[1mimport[22m | Saving...[39m[0m
[92m[ DONE ][39m [1mimport[22m
[0m
[  22% ] [90m[1mreimport[22m | DoorFrame_Round_Brick.fbx[39m[0m
[   0% ] [90m[1mimport[22m | Started Import Scene (104 steps)[39m[0m
[   0% ] [90m[1mimport[22m | Importing Scene...[39m[0m
[   1% ] [90m[1mimport[22m | Running Custom Script...[39m[0m
[  99% ] [90m[1mimport[22m | Saving...[39m[0m
[92m[ DONE ][39m [1mimport[22m
[0m
[  22% ] [90m[1mreimport[22m | DoorFrame_Round_Brick.gltf[39m[0m
[   0% ] [90m[1mimport[22m | Started Import Scene (104 steps)[39m[0m
[   0% ] [90m[1mimport[22m | Importing Scene...[39m[0m
[   1% ] [90m[1mimport[22m | Running Custom Script...[39m[0m
[  99% ] [90m[1mimport[22m | Saving...[39m[0m
[92m[ DONE ][39m [1mimport[22m
[0m
[  22% ] [90m[1mreimport[22m | DoorFrame_Round_WoodDark.fbx[39m[0m
[   0% ] [90m[1mimport[22m | Started Import Scene (104 steps)[39m[0m
[   0% ] [90m[1mimport[22m | Importing Scene...[39m[0m
[   1% ] [90m[1mimport[22m | Running Custom Script...[39m[0m
[  99% ] [90m[1mimport[22m | Saving...[39m[0m
[92m[ DONE ][39m [1mimport[22m
[0m
[  22% ] [90m[1mreimport[22m | DoorFrame_Round_WoodDark.gltf[39m[0m
[   0% ] [90m[1mimport[22m | Started Import Scene (104 steps)[39m[0m
[   0% ] [90m[1mimport[22m | Importing Scene...[39m[0m
[   1% ] [90m[1mimport[22m | Running Custom Script...[39m[0m
[  99% ] [90m[1mimport[22m | Saving...[39m[0m
[92m[ DONE ][39m [1mimport[22m
[0m
[  22% ] [90m[1mreimport[22m | Door_1_Flat.fbx[39m[0m
[   0% ] [90m[1mimport[22m | Started Import Scene (104 steps)[39m[0m
[   0% ] [90m[1mimport[22m | Importing Scene...[39m[0m
[   1% ] [90m[1mimport[22m | Running Custom Script...[39m[0m
[  99% ] [90m[1mimport[22m | Saving...[39m[0m
[92m[ DONE ][39m [1mimport[22m
[0m
[  22% ] [90m[1mreimport[22m | Floor_WoodDark_Half1.fbx[39m[0m
[   0% ] [90m[1mimport[22m | Started Import Scene (104 steps)[39m[0m
[   0% ] [90m[1mimport[22m | Importing Scene...[39m[0m
[   1% ] [90m[1mimport[22m | Running Custom Script...[39m[0m
[  99% ] [90m[1mimport[22m | Saving...[39m[0m
[92m[ DONE ][39m [1mimport[22m
[0m
[  22% ] [90m[1mreimport[22m | Floor_WoodDark_Half1.gltf[39m[0m
[   0% ] [90m[1mimport[22m | Started Import Scene (104 steps)[39m[0m
[   0% ] [90m[1mimport[22m | Importing Scene...[39m[0m
[   1% ] [90m[1mimport[22m | Running Custom Script...[39m[0m
[  99% ] [90m[1mimport[22m | Saving...[39m[0m
[92m[ DONE ][39m [1mimport[22m
[0m
[  22% ] [90m[1mreimport[22m | Floor_WoodDark_Half2.fbx[39m[0m
[   0% ] [90m[1mimport[22m | Started Import Scene (104 steps)[39m[0m
[   0% ] [90m[1mimport[22m | Importing Scene...[39m[0m
[   1% ] [90m[1mimport[22m | Running Custom Script...[39m[0m
[  99% ] [90m[1mimport[22m | Saving...[39m[0m
[92m[ DONE ][39m [1mimport[22m
[0m
[  22% ] [90m[1mreimport[22m | Floor_WoodDark_Half2.gltf[39m[0m
[   0% ] [90m[1mimport[22m | Started Import Scene (104 steps)[39m[0m
[   0% ] [90m[1mimport[22m | Importing Scene...[39m[0m
[   1% ] [90m[1mimport[22m | Running Custom Script...[39m[0m
[  99% ] [90m[1mimport[22m | Saving...[39m[0m
[92m[ DONE ][39m [1mimport[22m
[0m
[  22% ] [90m[1mreimport[22m | Floor_WoodDark_Half3.fbx[39m[0m
[   0% ] [90m[1mimport[22m | Started Import Scene (104 steps)[39m[0m
[   0% ] [90m[1mimport[22m | Importing Scene...[39m[0m
[   1% ] [90m[1mimport[22m | Running Custom Script...[39m[0m
[  99% ] [90m[1mimport[22m | Saving...[39m[0m
[92m[ DONE ][39m [1mimport[22m
[0m
[  22% ] [90m[1mreimport[22m | Floor_WoodDark_Half3.gltf[39m[0m
[   0% ] [90m[1mimport[22m | Started Import Scene (104 steps)[39m[0m
[   0% ] [90m[1mimport[22m | Importing Scene...[39m[0m
[   1% ] [90m[1mimport[22m | Running Custom Script...[39m[0m
[  99% ] [90m[1mimport[22m | Saving...[39m[0m
[92m[ DONE ][39m [1mimport[22m
[0m
[  23% ] [90m[1mreimport[22m | Floor_WoodDark.gltf[39m[0m
[   0% ] [90m[1mimport[22m | Started Import Scene (104 steps)[39m[0m
[   0% ] [90m[1mimport[22m | Importing Scene...[39m[0m
[   1% ] [90m[1mimport[22m | Running Custom Script...[39m[0m
[  99% ] [90m[1mimport[22m | Saving...[39m[0m
[92m[ DONE ][39m [1mimport[22m
[0m
[  23% ] [90m[1mreimport[22m | Floor_WoodDark_OverhangCorner2.fbx[39m[0m
[   0% ] [90m[1mimport[22m | Started Import Scene (104 steps)[39m[0m
[   0% ] [90m[1mimport[22m | Importing Scene...[39m[0m
[   1% ] [90m[1mimport[22m | Running Custom Script...[39m[0m
[  99% ] [90m[1mimport[22m | Saving...[39m[0m
[92m[ DONE ][39m [1mimport[22m
[0m
[  23% ] [90m[1mreimport[22m | Floor_WoodDark_OverhangCorner2.gltf[39m[0m
[   0% ] [90m[1mimport[22m | Started Import Scene (104 steps)[39m[0m
[   0% ] [90m[1mimport[22m | Importing Scene...[39m[0m
[   1% ] [90m[1mimport[22m | Running Custom Script...[39m[0m
[  99% ] [90m[1mimport[22m | Saving...[39m[0m
[92m[ DONE ][39m [1mimport[22m
[0m
[  23% ] [90m[1mreimport[22m | Floor_WoodDark_OverhangCorner.fbx[39m[0m
[   0% ] [90m[1mimport[22m | Started Import Scene (104 steps)[39m[0m
[   0% ] [90m[1mimport[22m | Importing Scene...[39m[0m
[   1% ] [90m[1mimport[22m | Running Custom Script...[39m[0m
[  99% ] [90m[1mimport[22m | Saving...[39m[0m
[92m[ DONE ][39m [1mimport[22m
[0m
[  23% ] [90m[1mreimport[22m | Floor_WoodDark_OverhangCorner.gltf[39m[0m
[   0% ] [90m[1mimport[22m | Started Import Scene (104 steps)[39m[0m
[   0% ] [90m[1mimport[22m | Importing Scene...[39m[0m
[   1% ] [90m[1mimport[22m | Running Custom Script...[39m[0m
[  99% ] [90m[1mimport[22m | Saving...[39m[0m
[92m[ DONE ][39m [1mimport[22m
[0m
[  23% ] [90m[1mreimport[22m | Floor_WoodLight.fbx[39m[0m
[   0% ] [90m[1mimport[22m | Started Import Scene (104 steps)[39m[0m
[   0% ] [90m[1mimport[22m | Importing Scene...[39m[0m
[   1% ] [90m[1mimport[22m | Running Custom Script...[39m[0m
[  99% ] [90m[1mimport[22m | Saving...[39m[0m
[92m[ DONE ][39m [1mimport[22m
[0m
[  23% ] [90m[1mreimport[22m | Floor_WoodLight.gltf[39m[0m
[   0% ] [90m[1mimport[22m | Started Import Scene (104 steps)[39m[0m
[   0% ] [90m[1mimport[22m | Importing Scene...[39m[0m
[   1% ] [90m[1mimport[22m | Running Custom Script...[39m[0m
[  99% ] [90m[1mimport[22m | Saving...[39m[0m
[92m[ DONE ][39m [1mimport[22m
[0m
[  23% ] [90m[1mreimport[22m | Floor_WoodLight_OverhangCorner2.fbx[39m[0m
[   0% ] [90m[1mimport[22m | Started Import Scene (104 steps)[39m[0m
[   0% ] [90m[1mimport[22m | Importing Scene...[39m[0m
[   1% ] [90m[1mimport[22m | Running Custom Script...[39m[0m
[  99% ] [90m[1mimport[22m | Saving...[39m[0m
[92m[ DONE ][39m [1mimport[22m
[0m
[  23% ] [90m[1mreimport[22m | Floor_WoodLight_OverhangCorner2.gltf[39m[0m
[   0% ] [90m[1mimport[22m | Started Import Scene (104 steps)[39m[0m
[   0% ] [90m[1mimport[22m | Importing Scene...[39m[0m
[   1% ] [90m[1mimport[22m | Running Custom Script...[39m[0m
[  99% ] [90m[1mimport[22m | Saving...[39m[0m
[92m[ DONE ][39m [1mimport[22m
[0m
[  23% ] [90m[1mreimport[22m | Floor_WoodLight_OverhangCorner.fbx[39m[0m
[   0% ] [90m[1mimport[22m | Started Import Scene (104 steps)[39m[0m
[   0% ] [90m[1mimport[22m | Importing Scene...[39m[0m
[   1% ] [90m[1mimport[22m | Running Custom Script...[39m[0m
[  99% ] [90m[1mimport[22m | Saving...[39m[0m
[92m[ DONE ][39m [1mimport[22m
[0m
[  23% ] [90m[1mreimport[22m | fence_stone_straight.gltf[39m[0m
[   0% ] [90m[1mimport[22m | Started Import Scene (104 steps)[39m[0m
[   0% ] [90m[1mimport[22m | Importing Scene...[39m[0m
[   1% ] [90m[1mimport[22m | Running Custom Script...[39m[0m
[  99% ] [90m[1mimport[22m | Saving...[39m[0m
[92m[ DONE ][39m [1mimport[22m
[0m
[  23% ] [90m[1mreimport[22m | fence_stone_straight_gate.gltf[39m[0m
[   0% ] [90m[1mimport[22m | Started Import Scene (104 steps)[39m[0m
[   0% ] [90m[1mimport[22m | Importing Scene...[39m[0m
[   1% ] [90m[1mimport[22m | Running Custom Script...[39m[0m
[  99% ] [90m[1mimport[22m | Saving...[39m[0m
[92m[ DONE ][39m [1mimport[22m
[0m
[  24% ] [90m[1mreimport[22m | fence_wood_straight.gltf[39m[0m
[   0% ] [90m[1mimport[22m | Started Import Scene (104 steps)[39m[0m
[   0% ] [90m[1mimport[22m | Importing Scene...[39m[0m
[   1% ] [90m[1mimport[22m | Running Custom Script...[39m[0m
[  99% ] [90m[1mimport[22m | Saving...[39m[0m
[92m[ DONE ][39m [1mimport[22m
[0m
[  24% ] [90m[1mreimport[22m | fence_wood_straight_gate.gltf[39m[0m
[   0% ] [90m[1mimport[22m | Started Import Scene (104 steps)[39m[0m
[   0% ] [90m[1mimport[22m | Importing Scene...[39m[0m
[   1% ] [90m[1mimport[22m | Running Custom Script...[39m[0m
[  99% ] [90m[1mimport[22m | Saving...[39m[0m
[92m[ DONE ][39m [1mimport[22m
[0m
[  24% ] [90m[1mreimport[22m | firehydrant.gltf[39m[0m
[   0% ] [90m[1mimport[22m | Started Import Scene (104 steps)[39m[0m
[   0% ] [90m[1mimport[22m | Importing Scene...[39m[0m
[   1% ] [90m[1mimport[22m | Running Custom Script...[39m[0m
[  99% ] [90m[1mimport[22m | Saving...[39m[0m
[92m[ DONE ][39m [1mimport[22m
[0m
[  24% ] [90m[1mreimport[22m | flag_blue.gltf[39m[0m
[   0% ] [90m[1mimport[22m | Started Import Scene (104 steps)[39m[0m
[   0% ] [90m[1mimport[22m | Importing Scene...[39m[0m
[   1% ] [90m[1mimport[22m | Running Custom Script...[39m[0m
[  99% ] [90m[1mimport[22m | Saving...[39m[0m
[92m[ DONE ][39m [1mimport[22m
[0m
[  24% ] [90m[1mreimport[22m | flag_green.gltf[39m[0m
[   0% ] [90m[1mimport[22m | Started Import Scene (104 steps)[39m[0m
[   0% ] [90m[1mimport[22m | Importing Scene...[39m[0m
[   1% ] [90m[1mimport[22m | Running Custom Script...[39m[0m
[  99% ] [90m[1mimport[22m | Saving...[39m[0m
[92m[ DONE ][39m [1mimport[22m
[0m
[  24% ] [90m[1mreimport[22m | flag_red.gltf[39m[0m
[   0% ] [90m[1mimport[22m | Started Import Scene (104 steps)[39m[0m
[   0% ] [90m[1mimport[22m | Importing Scene...[39m[0m
[   1% ] [90m[1mimport[22m | Running Custom Script...[39m[0m
[  99% ] [90m[1mimport[22m | Saving...[39m[0m
[92m[ DONE ][39m [1mimport[22m
[0m
[  24% ] [90m[1mreimport[22m | flag_yellow.gltf[39m[0m
[   0% ] [90m[1mimport[22m | Started Import Scene (104 steps)[39m[0m
[   0% ] [90m[1mimport[22m | Importing Scene...[39m[0m
[   1% ] [90m[1mimport[22m | Running Custom Script...[39m[0m
[  99% ] [90m[1mimport[22m | Saving...[39m[0m
[92m[ DONE ][39m [1mimport[22m
[0m
[  24% ] [90m[1mreimport[22m | Floor_Brick.fbx[39m[0m
[   0% ] [90m[1mimport[22m | Started Import Scene (104 steps)[39m[0m
[   0% ] [90m[1mimport[22m | Importing Scene...[39m[0m
[   1% ] [90m[1mimport[22m | Running Custom Script...[39m[0m
[  99% ] [90m[1mimport[22m | Saving...[39m[0m
[92m[ DONE ][39m [1mimport[22m
[0m
[  24% ] [90m[1mreimport[22m | Floor_Brick.gltf[39m[0m
[   0% ] [90m[1mimport[22m | Started Import Scene (104 steps)[39m[0m
[   0% ] [90m[1mimport[22m | Importing Scene...[39m[0m
[   1% ] [90m[1mimport[22m | Running Custom Script...[39m[0m
[  99% ] [90m[1mimport[22m | Saving...[39m[0m
[92m[ DONE ][39m [1mimport[22m
[0m
[  24% ] [90m[1mreimport[22m | Floor_RedBrick.fbx[39m[0m
[   0% ] [90m[1mimport[22m | Started Import Scene (104 steps)[39m[0m
[   0% ] [90m[1mimport[22m | Importing Scene...[39m[0m
[   1% ] [90m[1mimport[22m | Running Custom Script...[39m[0m
[  99% ] [90m[1mimport[22m | Saving...[39m[0m
[92m[ DONE ][39m [1mimport[22m
[0m
[  24% ] [90m[1mreimport[22m | Floor_RedBrick.gltf[39m[0m
[   0% ] [90m[1mimport[22m | Started Import Scene (104 steps)[39m[0m
[   0% ] [90m[1mimport[22m | Importing Scene...[39m[0m
[   1% ] [90m[1mimport[22m | Running Custom Script...[39m[0m
[  99% ] [90m[1mimport[22m | Saving...[39m[0m
[92m[ DONE ][39m [1mimport[22m
[0m
[  24% ] [90m[1mreimport[22m | Floor_UnevenBrick.fbx[39m[0m
[   0% ] [90m[1mimport[22m | Started Import Scene (104 steps)[39m[0m
[   0% ] [90m[1mimport[22m | Importing Scene...[39m[0m
[   1% ] [90m[1mimport[22m | Running Custom Script...[39m[0m
[  99% ] [90m[1mimport[22m | Saving...[39m[0m
[92m[ DONE ][39m [1mimport[22m
[0m
[  25% ] [90m[1mreimport[22m | Floor_UnevenBrick.gltf[39m[0m
[   0% ] [90m[1mimport[22m | Started Import Scene (104 steps)[39m[0m
[   0% ] [90m[1mimport[22m | Importing Scene...[39m[0m
[   1% ] [90m[1mimport[22m | Running Custom Script...[39m[0m
[  99% ] [90m[1mimport[22m | Saving...[39m[0m
[92m[ DONE ][39m [1mimport[22m
[0m
[  25% ] [90m[1mreimport[22m | Floor_WoodDark.fbx[39m[0m
[   0% ] [90m[1mimport[22m | Started Import Scene (104 steps)[39m[0m
[   0% ] [90m[1mimport[22m | Importing Scene...[39m[0m
[   1% ] [90m[1mimport[22m | Running Custom Script...[39m[0m
[  99% ] [90m[1mimport[22m | Saving...[39m[0m
[92m[ DONE ][39m [1mimport[22m
[0m
[  25% ] [90m[1mreimport[22m | Floor_WoodLight_OverhangCorner.gltf[39m[0m
[   0% ] [90m[1mimport[22m | Started Import Scene (104 steps)[39m[0m
[   0% ] [90m[1mimport[22m | Importing Scene...[39m[0m
[   1% ] [90m[1mimport[22m | Running Custom Script...[39m[0m
[  99% ] [90m[1mimport[22m | Saving...[39m[0m
[92m[ DONE ][39m [1mimport[22m
[0m
[  25% ] [90m[1mreimport[22m | hex_river_A_waterless.gltf[39m[0m
[   0% ] [90m[1mimport[22m | Started Import Scene (104 steps)[39m[0m
[   0% ] [90m[1mimport[22m | Importing Scene...[39m[0m
[   1% ] [90m[1mimport[22m | Running Custom Script...[39m[0m
[  99% ] [90m[1mimport[22m | Saving...[39m[0m
[92m[ DONE ][39m [1mimport[22m
[0m
[  25% ] [90m[1mreimport[22m | hex_river_B.gltf[39m[0m
[   0% ] [90m[1mimport[22m | Started Import Scene (104 steps)[39m[0m
[   0% ] [90m[1mimport[22m | Importing Scene...[39m[0m
[   1% ] [90m[1mimport[22m | Running Custom Script...[39m[0m
[  99% ] [90m[1mimport[22m | Saving...[39m[0m
[92m[ DONE ][39m [1mimport[22m
[0m
[  25% ] [90m[1mreimport[22m | hex_river_B_waterless.gltf[39m[0m
[   0% ] [90m[1mimport[22m | Started Import Scene (104 steps)[39m[0m
[   0% ] [90m[1mimport[22m | Importing Scene...[39m[0m
[   1% ] [90m[1mimport[22m | Running Custom Script...[39m[0m
[  99% ] [90m[1mimport[22m | Saving...[39m[0m
[92m[ DONE ][39m [1mimport[22m
[0m
[  25% ] [90m[1mreimport[22m | hex_river_C.gltf[39m[0m
[   0% ] [90m[1mimport[22m | Started Import Scene (104 steps)[39m[0m
[   0% ] [90m[1mimport[22m | Importing Scene...[39m[0m
[   1% ] [90m[1mimport[22m | Running Custom Script...[39m[0m
[  99% ] [90m[1mimport[22m | Saving...[39m[0m
[92m[ DONE ][39m [1mimport[22m
[0m
[  25% ] [90m[1mreimport[22m | hex_river_crossing_A.gltf[39m[0m
[   0% ] [90m[1mimport[22m | Started Import Scene (104 steps)[39m[0m
[   0% ] [90m[1mimport[22m | Importing Scene...[39m[0m
[   1% ] [90m[1mimport[22m | Running Custom Script...[39m[0m
[  99% ] [90m[1mimport[22m | Saving...[39m[0m
[92m[ DONE ][39m [1mimport[22m
[0m
[  25% ] [90m[1mreimport[22m | hex_river_crossing_A_waterless.gltf[39m[0m
[   0% ] [90m[1mimport[22m | Started Import Scene (104 steps)[39m[0m
[   0% ] [90m[1mimport[22m | Importing Scene...[39m[0m
[   1% ] [90m[1mimport[22m | Running Custom Script...[39m[0m
[  99% ] [90m[1mimport[22m | Saving...[39m[0m
[92m[ DONE ][39m [1mimport[22m
[0m
[  25% ] [90m[1mreimport[22m | hex_river_crossing_B.gltf[39m[0m
[   0% ] [90m[1mimport[22m | Started Import Scene (104 steps)[39m[0m
[   0% ] [90m[1mimport[22m | Importing Scene...[39m[0m
[   1% ] [90m[1mimport[22m | Running Custom Script...[39m[0m
[  99% ] [90m[1mimport[22m | Saving...[39m[0m
[92m[ DONE ][39m [1mimport[22m
[0m
[  25% ] [90m[1mreimport[22m | hex_river_crossing_B_waterless.gltf[39m[0m
[   0% ] [90m[1mimport[22m | Started Import Scene (104 steps)[39m[0m
[   0% ] [90m[1mimport[22m | Importing Scene...[39m[0m
[   1% ] [90m[1mimport[22m | Running Custom Script...[39m[0m
[  99% ] [90m[1mimport[22m | Saving...[39m[0m
[92m[ DONE ][39m [1mimport[22m
[0m
[  25% ] [90m[1mreimport[22m | hex_river_C_waterless.gltf[39m[0m
[   0% ] [90m[1mimport[22m | Started Import Scene (104 steps)[39m[0m
[   0% ] [90m[1mimport[22m | Importing Scene...[39m[0m
[   1% ] [90m[1mimport[22m | Running Custom Script...[39m[0m
[  99% ] [90m[1mimport[22m | Saving...[39m[0m
[92m[ DONE ][39m [1mimport[22m
[0m
[  25% ] [90m[1mreimport[22m | hex_river_D.gltf[39m[0m
[   0% ] [90m[1mimport[22m | Started Import Scene (104 steps)[39m[0m
[   0% ] [90m[1mimport[22m | Importing Scene...[39m[0m
[   1% ] [90m[1mimport[22m | Running Custom Script...[39m[0m
[  99% ] [90m[1mimport[22m | Saving...[39m[0m
[92m[ DONE ][39m [1mimport[22m
[0m
[  26% ] [90m[1mreimport[22m | hex_river_D_waterless.gltf[39m[0m
[   0% ] [90m[1mimport[22m | Started Import Scene (104 steps)[39m[0m
[   0% ] [90m[1mimport[22m | Importing Scene...[39m[0m
[   1% ] [90m[1mimport[22m | Running Custom Script...[39m[0m
[  99% ] [90m[1mimport[22m | Saving...[39m[0m
[92m[ DONE ][39m [1mimport[22m
[0m
[  26% ] [90m[1mreimport[22m | hex_river_E.gltf[39m[0m
[   0% ] [90m[1mimport[22m | Started Import Scene (104 steps)[39m[0m
[   0% ] [90m[1mimport[22m | Importing Scene...[39m[0m
[   1% ] [90m[1mimport[22m | Running Custom Script...[39m[0m
[  99% ] [90m[1mimport[22m | Saving...[39m[0m
[92m[ DONE ][39m [1mimport[22m
[0m
[  26% ] [90m[1mreimport[22m | hex_river_E_waterless.gltf[39m[0m
[   0% ] [90m[1mimport[22m | Started Import Scene (104 steps)[39m[0m
[   0% ] [90m[1mimport[22m | Importing Scene...[39m[0m
[   1% ] [90m[1mimport[22m | Running Custom Script...[39m[0m
[  99% ] [90m[1mimport[22m | Saving...[39m[0m
[92m[ DONE ][39m [1mimport[22m
[0m
[  26% ] [90m[1mreimport[22m | hex_river_F.gltf[39m[0m
[   0% ] [90m[1mimport[22m | Started Import Scene (104 steps)[39m[0m
[   0% ] [90m[1mimport[22m | Importing Scene...[39m[0m
[   1% ] [90m[1mimport[22m | Running Custom Script...[39m[0m
[  99% ] [90m[1mimport[22m | Saving...[39m[0m
[92m[ DONE ][39m [1mimport[22m
[0m
[  26% ] [90m[1mreimport[22m | hex_river_F_waterless.gltf[39m[0m
[   0% ] [90m[1mimport[22m | Started Import Scene (104 steps)[39m[0m
[   0% ] [90m[1mimport[22m | Importing Scene...[39m[0m
[   1% ] [90m[1mimport[22m | Running Custom Script...[39m[0m
[  99% ] [90m[1mimport[22m | Saving...[39m[0m
[92m[ DONE ][39m [1mimport[22m
[0m
[  26% ] [90m[1mreimport[22m | hex_river_G.gltf[39m[0m
[   0% ] [90m[1mimport[22m | Started Import Scene (104 steps)[39m[0m
[   0% ] [90m[1mimport[22m | Importing Scene...[39m[0m
[   1% ] [90m[1mimport[22m | Running Custom Script...[39m[0m
[  99% ] [90m[1mimport[22m | Saving...[39m[0m
[92m[ DONE ][39m [1mimport[22m
[0m
[  26% ] [90m[1mreimport[22m | hex_road_D.gltf[39m[0m
[   0% ] [90m[1mimport[22m | Started Import Scene (104 steps)[39m[0m
[   0% ] [90m[1mimport[22m | Importing Scene...[39m[0m
[   1% ] [90m[1mimport[22m | Running Custom Script...[39m[0m
[  99% ] [90m[1mimport[22m | Saving...[39m[0m
[92m[ DONE ][39m [1mimport[22m
[0m
[  26% ] [90m[1mreimport[22m | hex_road_C.gltf[39m[0m
[   0% ] [90m[1mimport[22m | Started Import Scene (104 steps)[39m[0m
[   0% ] [90m[1mimport[22m | Importing Scene...[39m[0m
[   1% ] [90m[1mimport[22m | Running Custom Script...[39m[0m
[  99% ] [90m[1mimport[22m | Saving...[39m[0m
[92m[ DONE ][39m [1mimport[22m
[0m
[  26% ] [90m[1mreimport[22m | hex_road_B.gltf[39m[0m
[   0% ] [90m[1mimport[22m | Started Import Scene (104 steps)[39m[0m
[   0% ] [90m[1mimport[22m | Importing Scene...[39m[0m
[   1% ] [90m[1mimport[22m | Running Custom Script...[39m[0m
[  99% ] [90m[1mimport[22m | Saving...[39m[0m
[92m[ DONE ][39m [1mimport[22m
[0m
[  26% ] [90m[1mreimport[22m | hex_road_A_sloped_low.gltf[39m[0m
[   0% ] [90m[1mimport[22m | Started Import Scene (104 steps)[39m[0m
[   0% ] [90m[1mimport[22m | Importing Scene...[39m[0m
[   1% ] [90m[1mimport[22m | Running Custom Script...[39m[0m
[  99% ] [90m[1mimport[22m | Saving...[39m[0m
[92m[ DONE ][39m [1mimport[22m
[0m
[  26% ] [90m[1mreimport[22m | hex_road_A_sloped_high.gltf[39m[0m
[   0% ] [90m[1mimport[22m | Started Import Scene (104 steps)[39m[0m
[   0% ] [90m[1mimport[22m | Importing Scene...[39m[0m
[   1% ] [90m[1mimport[22m | Running Custom Script...[39m[0m
[  99% ] [90m[1mimport[22m | Saving...[39m[0m
[92m[ DONE ][39m [1mimport[22m
[0m
[  26% ] [90m[1mreimport[22m | hex_road_A.gltf[39m[0m
[   0% ] [90m[1mimport[22m | Started Import Scene (104 steps)[39m[0m
[   0% ] [90m[1mimport[22m | Importing Scene...[39m[0m
[   1% ] [90m[1mimport[22m | Running Custom Script...[39m[0m
[  99% ] [90m[1mimport[22m | Saving...[39m[0m
[92m[ DONE ][39m [1mimport[22m
[0m
[  27% ] [90m[1mreimport[22m | hex_river_L_waterless.gltf[39m[0m
[   0% ] [90m[1mimport[22m | Started Import Scene (104 steps)[39m[0m
[   0% ] [90m[1mimport[22m | Importing Scene...[39m[0m
[   1% ] [90m[1mimport[22m | Running Custom Script...[39m[0m
[  99% ] [90m[1mimport[22m | Saving...[39m[0m
[92m[ DONE ][39m [1mimport[22m
[0m
[  27% ] [90m[1mreimport[22m | hex_river_L.gltf[39m[0m
[   0% ] [90m[1mimport[22m | Started Import Scene (104 steps)[39m[0m
[   0% ] [90m[1mimport[22m | Importing Scene...[39m[0m
[   1% ] [90m[1mimport[22m | Running Custom Script...[39m[0m
[  99% ] [90m[1mimport[22m | Saving...[39m[0m
[92m[ DONE ][39m [1mimport[22m
[0m
[  27% ] [90m[1mreimport[22m | hex_river_K_waterless.gltf[39m[0m
[   0% ] [90m[1mimport[22m | Started Import Scene (104 steps)[39m[0m
[   0% ] [90m[1mimport[22m | Importing Scene...[39m[0m
[   1% ] [90m[1mimport[22m | Running Custom Script...[39m[0m
[  99% ] [90m[1mimport[22m | Saving...[39m[0m
[92m[ DONE ][39m [1mimport[22m
[0m
[  27% ] [90m[1mreimport[22m | hex_river_K.gltf[39m[0m
[   0% ] [90m[1mimport[22m | Started Import Scene (104 steps)[39m[0m
[   0% ] [90m[1mimport[22m | Importing Scene...[39m[0m
[   1% ] [90m[1mimport[22m | Running Custom Script...[39m[0m
[  99% ] [90m[1mimport[22m | Saving...[39m[0m
[92m[ DONE ][39m [1mimport[22m
[0m
[  27% ] [90m[1mreimport[22m | hex_river_J_waterless.gltf[39m[0m
[   0% ] [90m[1mimport[22m | Started Import Scene (104 steps)[39m[0m
[   0% ] [90m[1mimport[22m | Importing Scene...[39m[0m
[   1% ] [90m[1mimport[22m | Running Custom Script...[39m[0m
[  99% ] [90m[1mimport[22m | Saving...[39m[0m
[92m[ DONE ][39m [1mimport[22m
[0m
[  27% ] [90m[1mreimport[22m | hex_river_J.gltf[39m[0m
[   0% ] [90m[1mimport[22m | Started Import Scene (104 steps)[39m[0m
[   0% ] [90m[1mimport[22m | Importing Scene...[39m[0m
[   1% ] [90m[1mimport[22m | Running Custom Script...[39m[0m
[  99% ] [90m[1mimport[22m | Saving...[39m[0m
[92m[ DONE ][39m [1mimport[22m
[0m
[  27% ] [90m[1mreimport[22m | hex_river_I_waterless.gltf[39m[0m
[   0% ] [90m[1mimport[22m | Started Import Scene (104 steps)[39m[0m
[   0% ] [90m[1mimport[22m | Importing Scene...[39m[0m
[   1% ] [90m[1mimport[22m | Running Custom Script...[39m[0m
[  99% ] [90m[1mimport[22m | Saving...[39m[0m
[92m[ DONE ][39m [1mimport[22m
[0m
[  27% ] [90m[1mreimport[22m | hex_river_I.gltf[39m[0m
[   0% ] [90m[1mimport[22m | Started Import Scene (104 steps)[39m[0m
[   0% ] [90m[1mimport[22m | Importing Scene...[39m[0m
[   1% ] [90m[1mimport[22m | Running Custom Script...[39m[0m
[  99% ] [90m[1mimport[22m | Saving...[39m[0m
[92m[ DONE ][39m [1mimport[22m
[0m
[  27% ] [90m[1mreimport[22m | hex_river_H_waterless.gltf[39m[0m
[   0% ] [90m[1mimport[22m | Started Import Scene (104 steps)[39m[0m
[   0% ] [90m[1mimport[22m | Importing Scene...[39m[0m
[   1% ] [90m[1mimport[22m | Running Custom Script...[39m[0m
[  99% ] [90m[1mimport[22m | Saving...[39m[0m
[92m[ DONE ][39m [1mimport[22m
[0m
[  27% ] [90m[1mreimport[22m | hex_river_H.gltf[39m[0m
[   0% ] [90m[1mimport[22m | Started Import Scene (104 steps)[39m[0m
[   0% ] [90m[1mimport[22m | Importing Scene...[39m[0m
[   1% ] [90m[1mimport[22m | Running Custom Script...[39m[0m
[  99% ] [90m[1mimport[22m | Saving...[39m[0m
[92m[ DONE ][39m [1mimport[22m
[0m
[  27% ] [90m[1mreimport[22m | hex_river_G_waterless.gltf[39m[0m
[   0% ] [90m[1mimport[22m | Started Import Scene (104 steps)[39m[0m
[   0% ] [90m[1mimport[22m | Importing Scene...[39m[0m
[   1% ] [90m[1mimport[22m | Running Custom Script...[39m[0m
[  99% ] [90m[1mimport[22m | Saving...[39m[0m
[92m[ DONE ][39m [1mimport[22m
[0m
[  27% ] [90m[1mreimport[22m | crate_A_big.gltf[39m[0m
[   0% ] [90m[1mimport[22m | Started Import Scene (104 steps)[39m[0m
[   0% ] [90m[1mimport[22m | Importing Scene...[39m[0m
[   1% ] [90m[1mimport[22m | Running Custom Script...[39m[0m
[  99% ] [90m[1mimport[22m | Saving...[39m[0m
[92m[ DONE ][39m [1mimport[22m
[0m
[  27% ] [90m[1mreimport[22m | Corner_Interior_Small.gltf[39m[0m
[   0% ] [90m[1mimport[22m | Started Import Scene (104 steps)[39m[0m
[   0% ] [90m[1mimport[22m | Importing Scene...[39m[0m
[   1% ] [90m[1mimport[22m | Running Custom Script...[39m[0m
[  99% ] [90m[1mimport[22m | Saving...[39m[0m
[92m[ DONE ][39m [1mimport[22m
[0m
[  28% ] [90m[1mreimport[22m | Corner_Interior_Small.fbx[39m[0m
[   0% ] [90m[1mimport[22m | Started Import Scene (104 steps)[39m[0m
[   0% ] [90m[1mimport[22m | Importing Scene...[39m[0m
[   1% ] [90m[1mimport[22m | Running Custom Script...[39m[0m
[  99% ] [90m[1mimport[22m | Saving...[39m[0m
[92m[ DONE ][39m [1mimport[22m
[0m
[  28% ] [90m[1mreimport[22m | hex_coast_A.gltf[39m[0m
[   0% ] [90m[1mimport[22m | Started Import Scene (104 steps)[39m[0m
[   0% ] [90m[1mimport[22m | Importing Scene...[39m[0m
[   1% ] [90m[1mimport[22m | Running Custom Script...[39m[0m
[  99% ] [90m[1mimport[22m | Saving...[39m[0m
[92m[ DONE ][39m [1mimport[22m
[0m
[  28% ] [90m[1mreimport[22m | hex_coast_A_waterless.gltf[39m[0m
[   0% ] [90m[1mimport[22m | Started Import Scene (104 steps)[39m[0m
[   0% ] [90m[1mimport[22m | Importing Scene...[39m[0m
[   1% ] [90m[1mimport[22m | Running Custom Script...[39m[0m
[  99% ] [90m[1mimport[22m | Saving...[39m[0m
[92m[ DONE ][39m [1mimport[22m
[0m
[  28% ] [90m[1mreimport[22m | hex_coast_B.gltf[39m[0m
[   0% ] [90m[1mimport[22m | Started Import Scene (104 steps)[39m[0m
[   0% ] [90m[1mimport[22m | Importing Scene...[39m[0m
[   1% ] [90m[1mimport[22m | Running Custom Script...[39m[0m
[  99% ] [90m[1mimport[22m | Saving...[39m[0m
[92m[ DONE ][39m [1mimport[22m
[0m
[  28% ] [90m[1mreimport[22m | Corner_Interior_Big.gltf[39m[0m
[   0% ] [90m[1mimport[22m | Started Import Scene (104 steps)[39m[0m
[   0% ] [90m[1mimport[22m | Importing Scene...[39m[0m
[   1% ] [90m[1mimport[22m | Running Custom Script...[39m[0m
[  99% ] [90m[1mimport[22m | Saving...[39m[0m
[92m[ DONE ][39m [1mimport[22m
[0m
[  28% ] [90m[1mreimport[22m | Corner_Interior_Big.fbx[39m[0m
[   0% ] [90m[1mimport[22m | Started Import Scene (104 steps)[39m[0m
[   0% ] [90m[1mimport[22m | Importing Scene...[39m[0m
[   1% ] [90m[1mimport[22m | Running Custom Script...[39m[0m
[  99% ] [90m[1mimport[22m | Saving...[39m[0m
[92m[ DONE ][39m [1mimport[22m
[0m
[  28% ] [90m[1mreimport[22m | Corner_Exterior_Wood.gltf[39m[0m
[   0% ] [90m[1mimport[22m | Started Import Scene (104 steps)[39m[0m
[   0% ] [90m[1mimport[22m | Importing Scene...[39m[0m
[   1% ] [90m[1mimport[22m | Running Custom Script...[39m[0m
[  99% ] [90m[1mimport[22m | Saving...[39m[0m
[92m[ DONE ][39m [1mimport[22m
[0m
[  28% ] [90m[1mreimport[22m | Corner_Exterior_Wood.fbx[39m[0m
[   0% ] [90m[1mimport[22m | Started Import Scene (104 steps)[39m[0m
[   0% ] [90m[1mimport[22m | Importing Scene...[39m[0m
[   1% ] [90m[1mimport[22m | Running Custom Script...[39m[0m
[  99% ] [90m[1mimport[22m | Saving...[39m[0m
[92m[ DONE ][39m [1mimport[22m
[0m
[  28% ] [90m[1mreimport[22m | Corner_Exterior_TopOnly.gltf[39m[0m
[   0% ] [90m[1mimport[22m | Started Import Scene (104 steps)[39m[0m
[   0% ] [90m[1mimport[22m | Importing Scene...[39m[0m
[   1% ] [90m[1mimport[22m | Running Custom Script...[39m[0m
[  99% ] [90m[1mimport[22m | Saving...[39m[0m
[92m[ DONE ][39m [1mimport[22m
[0m
[  28% ] [90m[1mreimport[22m | Corner_Exterior_TopOnly.fbx[39m[0m
[   0% ] [90m[1mimport[22m | Started Import Scene (104 steps)[39m[0m
[   0% ] [90m[1mimport[22m | Importing Scene...[39m[0m
[   1% ] [90m[1mimport[22m | Running Custom Script...[39m[0m
[  99% ] [90m[1mimport[22m | Saving...[39m[0m
[92m[ DONE ][39m [1mimport[22m
[0m
[  28% ] [90m[1mreimport[22m | Corner_Exterior_TopDown.gltf[39m[0m
[   0% ] [90m[1mimport[22m | Started Import Scene (104 steps)[39m[0m
[   0% ] [90m[1mimport[22m | Importing Scene...[39m[0m
[   1% ] [90m[1mimport[22m | Running Custom Script...[39m[0m
[  99% ] [90m[1mimport[22m | Saving...[39m[0m
[92m[ DONE ][39m [1mimport[22m
[0m
[  28% ] [90m[1mreimport[22m | Corner_Exterior_TopDown.fbx[39m[0m
[   0% ] [90m[1mimport[22m | Started Import Scene (104 steps)[39m[0m
[   0% ] [90m[1mimport[22m | Importing Scene...[39m[0m
[   1% ] [90m[1mimport[22m | Running Custom Script...[39m[0m
[  99% ] [90m[1mimport[22m | Saving...[39m[0m
[92m[ DONE ][39m [1mimport[22m
[0m
[  29% ] [90m[1mreimport[22m | Corner_Exterior_Brick.gltf[39m[0m
[   0% ] [90m[1mimport[22m | Started Import Scene (104 steps)[39m[0m
[   0% ] [90m[1mimport[22m | Importing Scene...[39m[0m
[   1% ] [90m[1mimport[22m | Running Custom Script...[39m[0m
[  99% ] [90m[1mimport[22m | Saving...[39m[0m
[92m[ DONE ][39m [1mimport[22m
[0m
[  29% ] [90m[1mreimport[22m | Corner_Exterior_Brick.fbx[39m[0m
[   0% ] [90m[1mimport[22m | Started Import Scene (104 steps)[39m[0m
[   0% ] [90m[1mimport[22m | Importing Scene...[39m[0m
[   1% ] [90m[1mimport[22m | Running Custom Script...[39m[0m
[  99% ] [90m[1mimport[22m | Saving...[39m[0m
[92m[ DONE ][39m [1mimport[22m
[0m
[  29% ] [90m[1mreimport[22m | hex_river_A_curvy_waterless.gltf[39m[0m
[   0% ] [90m[1mimport[22m | Started Import Scene (104 steps)[39m[0m
[   0% ] [90m[1mimport[22m | Importing Scene...[39m[0m
[   1% ] [90m[1mimport[22m | Running Custom Script...[39m[0m
[  99% ] [90m[1mimport[22m | Saving...[39m[0m
[92m[ DONE ][39m [1mimport[22m
[0m
[  29% ] [90m[1mreimport[22m | hex_river_A_curvy.gltf[39m[0m
[   0% ] [90m[1mimport[22m | Started Import Scene (104 steps)[39m[0m
[   0% ] [90m[1mimport[22m | Importing Scene...[39m[0m
[   1% ] [90m[1mimport[22m | Running Custom Script...[39m[0m
[  99% ] [90m[1mimport[22m | Saving...[39m[0m
[92m[ DONE ][39m [1mimport[22m
[0m
[  29% ] [90m[1mreimport[22m | hex_river_A.gltf[39m[0m
[   0% ] [90m[1mimport[22m | Started Import Scene (104 steps)[39m[0m
[   0% ] [90m[1mimport[22m | Importing Scene...[39m[0m
[   1% ] [90m[1mimport[22m | Running Custom Script...[39m[0m
[  99% ] [90m[1mimport[22m | Saving...[39m[0m
[92m[ DONE ][39m [1mimport[22m
[0m
[  29% ] [90m[1mreimport[22m | hex_grass_sloped_low.gltf[39m[0m
[   0% ] [90m[1mimport[22m | Started Import Scene (104 steps)[39m[0m
[   0% ] [90m[1mimport[22m | Importing Scene...[39m[0m
[   1% ] [90m[1mimport[22m | Running Custom Script...[39m[0m
[  99% ] [90m[1mimport[22m | Saving...[39m[0m
[92m[ DONE ][39m [1mimport[22m
[0m
[  29% ] [90m[1mreimport[22m | hex_grass_sloped_high.gltf[39m[0m
[   0% ] [90m[1mimport[22m | Started Import Scene (104 steps)[39m[0m
[   0% ] [90m[1mimport[22m | Importing Scene...[39m[0m
[   1% ] [90m[1mimport[22m | Running Custom Script...[39m[0m
[  99% ] [90m[1mimport[22m | Saving...[39m[0m
[92m[ DONE ][39m [1mimport[22m
[0m
[  29% ] [90m[1mreimport[22m | hex_grass_bottom.gltf[39m[0m
[   0% ] [90m[1mimport[22m | Started Import Scene (104 steps)[39m[0m
[   0% ] [90m[1mimport[22m | Importing Scene...[39m[0m
[   1% ] [90m[1mimport[22m | Running Custom Script...[39m[0m
[  99% ] [90m[1mimport[22m | Saving...[39m[0m
[92m[ DONE ][39m [1mimport[22m
[0m
[  29% ] [90m[1mreimport[22m | hex_grass.gltf[39m[0m
[   0% ] [90m[1mimport[22m | Started Import Scene (104 steps)[39m[0m
[   0% ] [90m[1mimport[22m | Importing Scene...[39m[0m
[   1% ] [90m[1mimport[22m | Running Custom Script...[39m[0m
[  99% ] [90m[1mimport[22m | Saving...[39m[0m
[92m[ DONE ][39m [1mimport[22m
[0m
[  29% ] [90m[1mreimport[22m | hex_coast_E_waterless.gltf[39m[0m
[   0% ] [90m[1mimport[22m | Started Import Scene (104 steps)[39m[0m
[   0% ] [90m[1mimport[22m | Importing Scene...[39m[0m
[   1% ] [90m[1mimport[22m | Running Custom Script...[39m[0m
[  99% ] [90m[1mimport[22m | Saving...[39m[0m
[92m[ DONE ][39m [1mimport[22m
[0m
[  29% ] [90m[1mreimport[22m | hex_coast_E.gltf[39m[0m
[   0% ] [90m[1mimport[22m | Started Import Scene (104 steps)[39m[0m
[   0% ] [90m[1mimport[22m | Importing Scene...[39m[0m
[   1% ] [90m[1mimport[22m | Running Custom Script...[39m[0m
[  99% ] [90m[1mimport[22m | Saving...[39m[0m
[92m[ DONE ][39m [1mimport[22m
[0m
[  29% ] [90m[1mreimport[22m | hex_coast_D_waterless.gltf[39m[0m
[   0% ] [90m[1mimport[22m | Started Import Scene (104 steps)[39m[0m
[   0% ] [90m[1mimport[22m | Importing Scene...[39m[0m
[   1% ] [90m[1mimport[22m | Running Custom Script...[39m[0m
[  99% ] [90m[1mimport[22m | Saving...[39m[0m
[92m[ DONE ][39m [1mimport[22m
[0m
[  30% ] [90m[1mreimport[22m | hex_coast_D.gltf[39m[0m
[   0% ] [90m[1mimport[22m | Started Import Scene (104 steps)[39m[0m
[   0% ] [90m[1mimport[22m | Importing Scene...[39m[0m
[   1% ] [90m[1mimport[22m | Running Custom Script...[39m[0m
[  99% ] [90m[1mimport[22m | Saving...[39m[0m
[92m[ DONE ][39m [1mimport[22m
[0m
[  30% ] [90m[1mreimport[22m | hex_coast_C_waterless.gltf[39m[0m
[   0% ] [90m[1mimport[22m | Started Import Scene (104 steps)[39m[0m
[   0% ] [90m[1mimport[22m | Importing Scene...[39m[0m
[   1% ] [90m[1mimport[22m | Running Custom Script...[39m[0m
[  99% ] [90m[1mimport[22m | Saving...[39m[0m
[92m[ DONE ][39m [1mimport[22m
[0m
[  30% ] [90m[1mreimport[22m | hex_coast_C.gltf[39m[0m
[   0% ] [90m[1mimport[22m | Started Import Scene (104 steps)[39m[0m
[   0% ] [90m[1mimport[22m | Importing Scene...[39m[0m
[   1% ] [90m[1mimport[22m | Running Custom Script...[39m[0m
[  99% ] [90m[1mimport[22m | Saving...[39m[0m
[92m[ DONE ][39m [1mimport[22m
[0m
[  30% ] [90m[1mreimport[22m | hex_coast_B_waterless.gltf[39m[0m
[   0% ] [90m[1mimport[22m | Started Import Scene (104 steps)[39m[0m
[   0% ] [90m[1mimport[22m | Importing Scene...[39m[0m
[   1% ] [90m[1mimport[22m | Running Custom Script...[39m[0m
[  99% ] [90m[1mimport[22m | Saving...[39m[0m
[92m[ DONE ][39m [1mimport[22m
[0m
[  30% ] [90m[1mreimport[22m | Corner_ExteriorWide_Brick.gltf[39m[0m
[   0% ] [90m[1mimport[22m | Started Import Scene (104 steps)[39m[0m
[   0% ] [90m[1mimport[22m | Importing Scene...[39m[0m
[   1% ] [90m[1mimport[22m | Running Custom Script...[39m[0m
[  99% ] [90m[1mimport[22m | Saving...[39m[0m
[92m[ DONE ][39m [1mimport[22m
[0m
[  30% ] [90m[1mreimport[22m | Corner_ExteriorWide_Wood.fbx[39m[0m
[   0% ] [90m[1mimport[22m | Started Import Scene (104 steps)[39m[0m
[   0% ] [90m[1mimport[22m | Importing Scene...[39m[0m
[   1% ] [90m[1mimport[22m | Running Custom Script...[39m[0m
[  99% ] [90m[1mimport[22m | Saving...[39m[0m
[92m[ DONE ][39m [1mimport[22m
[0m
[  30% ] [90m[1mreimport[22m | Corner_ExteriorWide_Wood.gltf[39m[0m
[   0% ] [90m[1mimport[22m | Started Import Scene (104 steps)[39m[0m
[   0% ] [90m[1mimport[22m | Importing Scene...[39m[0m
[   1% ] [90m[1mimport[22m | Running Custom Script...[39m[0m
[  99% ] [90m[1mimport[22m | Saving...[39m[0m
[92m[ DONE ][39m [1mimport[22m
[0m
[  30% ] [90m[1mreimport[22m | Wall_Plaster_Straight_Base.fbx[39m[0m
[   0% ] [90m[1mimport[22m | Started Import Scene (104 steps)[39m[0m
[   0% ] [90m[1mimport[22m | Importing Scene...[39m[0m
[   1% ] [90m[1mimport[22m | Running Custom Script...[39m[0m
[  99% ] [90m[1mimport[22m | Saving...[39m[0m
[92m[ DONE ][39m [1mimport[22m
[0m
[  30% ] [90m[1mreimport[22m | Wall_Plaster_Straight.gltf[39m[0m
[   0% ] [90m[1mimport[22m | Started Import Scene (104 steps)[39m[0m
[   0% ] [90m[1mimport[22m | Importing Scene...[39m[0m
[   1% ] [90m[1mimport[22m | Running Custom Script...[39m[0m
[  99% ] [90m[1mimport[22m | Saving...[39m[0m
[92m[ DONE ][39m [1mimport[22m
[0m
[  30% ] [90m[1mreimport[22m | Wall_Plaster_Straight.fbx[39m[0m
[   0% ] [90m[1mimport[22m | Started Import Scene (104 steps)[39m[0m
[   0% ] [90m[1mimport[22m | Importing Scene...[39m[0m
[   1% ] [90m[1mimport[22m | Running Custom Script...[39m[0m
[  99% ] [90m[1mimport[22m | Saving...[39m[0m
[92m[ DONE ][39m [1mimport[22m
[0m
[  30% ] [90m[1mreimport[22m | Wall_Plaster_Door_RoundInset.gltf[39m[0m
[   0% ] [90m[1mimport[22m | Started Import Scene (104 steps)[39m[0m
[   0% ] [90m[1mimport[22m | Importing Scene...[39m[0m
[   1% ] [90m[1mimport[22m | Running Custom Script...[39m[0m
[  99% ] [90m[1mimport[22m | Saving...[39m[0m
[92m[ DONE ][39m [1mimport[22m
[0m
[  30% ] [90m[1mreimport[22m | Wall_Plaster_Door_RoundInset.fbx[39m[0m
[   0% ] [90m[1mimport[22m | Started Import Scene (104 steps)[39m[0m
[   0% ] [90m[1mimport[22m | Importing Scene...[39m[0m
[   1% ] [90m[1mimport[22m | Running Custom Script...[39m[0m
[  99% ] [90m[1mimport[22m | Saving...[39m[0m
[92m[ DONE ][39m [1mimport[22m
[0m
[  30% ] [90m[1mreimport[22m | Wall_Plaster_Door_Round.gltf[39m[0m
[   0% ] [90m[1mimport[22m | Started Import Scene (104 steps)[39m[0m
[   0% ] [90m[1mimport[22m | Importing Scene...[39m[0m
[   1% ] [90m[1mimport[22m | Running Custom Script...[39m[0m
[  99% ] [90m[1mimport[22m | Saving...[39m[0m
[92m[ DONE ][39m [1mimport[22m
[0m
[  31% ] [90m[1mreimport[22m | Wall_Plaster_Door_Round.fbx[39m[0m
[   0% ] [90m[1mimport[22m | Started Import Scene (104 steps)[39m[0m
[   0% ] [90m[1mimport[22m | Importing Scene...[39m[0m
[   1% ] [90m[1mimport[22m | Running Custom Script...[39m[0m
[  99% ] [90m[1mimport[22m | Saving...[39m[0m
[92m[ DONE ][39m [1mimport[22m
[0m
[  31% ] [90m[1mreimport[22m | Wall_Plaster_Door_Flat.gltf[39m[0m
[   0% ] [90m[1mimport[22m | Started Import Scene (104 steps)[39m[0m
[   0% ] [90m[1mimport[22m | Importing Scene...[39m[0m
[   1% ] [90m[1mimport[22m | Running Custom Script...[39m[0m
[  99% ] [90m[1mimport[22m | Saving...[39m[0m
[92m[ DONE ][39m [1mimport[22m
[0m
[  31% ] [90m[1mreimport[22m | Wall_Plaster_Door_Flat.fbx[39m[0m
[   0% ] [90m[1mimport[22m | Started Import Scene (104 steps)[39m[0m
[   0% ] [90m[1mimport[22m | Importing Scene...[39m[0m
[   1% ] [90m[1mimport[22m | Running Custom Script...[39m[0m
[  99% ] [90m[1mimport[22m | Saving...[39m[0m
[92m[ DONE ][39m [1mimport[22m
[0m
[  31% ] [90m[1mreimport[22m | wall_corner_B_outside.gltf[39m[0m
[   0% ] [90m[1mimport[22m | Started Import Scene (104 steps)[39m[0m
[   0% ] [90m[1mimport[22m | Importing Scene...[39m[0m
[   1% ] [90m[1mimport[22m | Running Custom Script...[39m[0m
[  99% ] [90m[1mimport[22m | Saving...[39m[0m
[92m[ DONE ][39m [1mimport[22m
[0m
[  31% ] [90m[1mreimport[22m | wall_corner_B_inside.gltf[39m[0m
[   0% ] [90m[1mimport[22m | Started Import Scene (104 steps)[39m[0m
[   0% ] [90m[1mimport[22m | Importing Scene...[39m[0m
[   1% ] [90m[1mimport[22m | Running Custom Script...[39m[0m
[  99% ] [90m[1mimport[22m | Saving...[39m[0m
[92m[ DONE ][39m [1mimport[22m
[0m
[  31% ] [90m[1mreimport[22m | wall_corner_A_outside.gltf[39m[0m
[   0% ] [90m[1mimport[22m | Started Import Scene (104 steps)[39m[0m
[   0% ] [90m[1mimport[22m | Importing Scene...[39m[0m
[   1% ] [90m[1mimport[22m | Running Custom Script...[39m[0m
[  99% ] [90m[1mimport[22m | Saving...[39m[0m
[92m[ DONE ][39m [1mimport[22m
[0m
[  31% ] [90m[1mreimport[22m | wall_corner_A_inside.gltf[39m[0m
[   0% ] [90m[1mimport[22m | Started Import Scene (104 steps)[39m[0m
[   0% ] [90m[1mimport[22m | Importing Scene...[39m[0m
[   1% ] [90m[1mimport[22m | Running Custom Script...[39m[0m
[  99% ] [90m[1mimport[22m | Saving...[39m[0m
[92m[ DONE ][39m [1mimport[22m
[0m
[  31% ] [90m[1mreimport[22m | wall_corner_A_gate.gltf[39m[0m
[   0% ] [90m[1mimport[22m | Started Import Scene (104 steps)[39m[0m
[   0% ] [90m[1mimport[22m | Importing Scene...[39m[0m
[   1% ] [90m[1mimport[22m | Running Custom Script...[39m[0m
[  99% ] [90m[1mimport[22m | Saving...[39m[0m
[92m[ DONE ][39m [1mimport[22m
[0m
[  31% ] [90m[1mreimport[22m | Wall_BottomCover.gltf[39m[0m
[   0% ] [90m[1mimport[22m | Started Import Scene (104 steps)[39m[0m
[   0% ] [90m[1mimport[22m | Importing Scene...[39m[0m
[   1% ] [90m[1mimport[22m | Running Custom Script...[39m[0m
[  99% ] [90m[1mimport[22m | Saving...[39m[0m
[92m[ DONE ][39m [1mimport[22m
[0m
[  31% ] [90m[1mreimport[22m | Wall_BottomCover.fbx[39m[0m
[   0% ] [90m[1mimport[22m | Started Import Scene (104 steps)[39m[0m
[   0% ] [90m[1mimport[22m | Importing Scene...[39m[0m
[   1% ] [90m[1mimport[22m | Running Custom Script...[39m[0m
[  99% ] [90m[1mimport[22m | Saving...[39m[0m
[92m[ DONE ][39m [1mimport[22m
[0m
[  31% ] [90m[1mreimport[22m | Wall_Arch.gltf[39m[0m
[   0% ] [90m[1mimport[22m | Started Import Scene (104 steps)[39m[0m
[   0% ] [90m[1mimport[22m | Importing Scene...[39m[0m
[   1% ] [90m[1mimport[22m | Running Custom Script...[39m[0m
[  99% ] [90m[1mimport[22m | Saving...[39m[0m
[92m[ DONE ][39m [1mimport[22m
[0m
[  31% ] [90m[1mreimport[22m | Wall_UnevenBrick_Door_Flat.fbx[39m[0m
[   0% ] [90m[1mimport[22m | Started Import Scene (104 steps)[39m[0m
[   0% ] [90m[1mimport[22m | Importing Scene...[39m[0m
[   1% ] [90m[1mimport[22m | Running Custom Script...[39m[0m
[  99% ] [90m[1mimport[22m | Saving...[39m[0m
[92m[ DONE ][39m [1mimport[22m
[0m
[  32% ] [90m[1mreimport[22m | wall_straight_gate.gltf[39m[0m
[   0% ] [90m[1mimport[22m | Started Import Scene (104 steps)[39m[0m
[   0% ] [90m[1mimport[22m | Importing Scene...[39m[0m
[   1% ] [90m[1mimport[22m | Running Custom Script...[39m[0m
[  99% ] [90m[1mimport[22m | Saving...[39m[0m
[92m[ DONE ][39m [1mimport[22m
[0m
[  32% ] [90m[1mreimport[22m | wall_straight.gltf[39m[0m
[   0% ] [90m[1mimport[22m | Started Import Scene (104 steps)[39m[0m
[   0% ] [90m[1mimport[22m | Importing Scene...[39m[0m
[   1% ] [90m[1mimport[22m | Running Custom Script...[39m[0m
[  99% ] [90m[1mimport[22m | Saving...[39m[0m
[92m[ DONE ][39m [1mimport[22m
[0m
[  32% ] [90m[1mreimport[22m | Wall_Plaster_WoodGrid.gltf[39m[0m
[   0% ] [90m[1mimport[22m | Started Import Scene (104 steps)[39m[0m
[   0% ] [90m[1mimport[22m | Importing Scene...[39m[0m
[   1% ] [90m[1mimport[22m | Running Custom Script...[39m[0m
[  99% ] [90m[1mimport[22m | Saving...[39m[0m
[92m[ DONE ][39m [1mimport[22m
[0m
[  32% ] [90m[1mreimport[22m | Wall_Plaster_WoodGrid.fbx[39m[0m
[   0% ] [90m[1mimport[22m | Started Import Scene (104 steps)[39m[0m
[   0% ] [90m[1mimport[22m | Importing Scene...[39m[0m
[   1% ] [90m[1mimport[22m | Running Custom Script...[39m[0m
[  99% ] [90m[1mimport[22m | Saving...[39m[0m
[92m[ DONE ][39m [1mimport[22m
[0m
[  32% ] [90m[1mreimport[22m | Wall_Plaster_Window_Wide_Round.gltf[39m[0m
[   0% ] [90m[1mimport[22m | Started Import Scene (104 steps)[39m[0m
[   0% ] [90m[1mimport[22m | Importing Scene...[39m[0m
[   1% ] [90m[1mimport[22m | Running Custom Script...[39m[0m
[  99% ] [90m[1mimport[22m | Saving...[39m[0m
[92m[ DONE ][39m [1mimport[22m
[0m
[  32% ] [90m[1mreimport[22m | Wall_Plaster_Window_Wide_Round.fbx[39m[0m
[   0% ] [90m[1mimport[22m | Started Import Scene (104 steps)[39m[0m
[   0% ] [90m[1mimport[22m | Importing Scene...[39m[0m
[   1% ] [90m[1mimport[22m | Running Custom Script...[39m[0m
[  99% ] [90m[1mimport[22m | Saving...[39m[0m
[92m[ DONE ][39m [1mimport[22m
[0m
[  32% ] [90m[1mreimport[22m | Wall_Plaster_Window_Wide_Flat.gltf[39m[0m
[   0% ] [90m[1mimport[22m | Started Import Scene (104 steps)[39m[0m
[   0% ] [90m[1mimport[22m | Importing Scene...[39m[0m
[   1% ] [90m[1mimport[22m | Running Custom Script...[39m[0m
[  99% ] [90m[1mimport[22m | Saving...[39m[0m
[92m[ DONE ][39m [1mimport[22m
[0m
[  32% ] [90m[1mreimport[22m | Wall_Plaster_Window_Wide_Flat.fbx[39m[0m
[   0% ] [90m[1mimport[22m | Started Import Scene (104 steps)[39m[0m
[   0% ] [90m[1mimport[22m | Importing Scene...[39m[0m
[   1% ] [90m[1mimport[22m | Running Custom Script...[39m[0m
[  99% ] [90m[1mimport[22m | Saving...[39m[0m
[92m[ DONE ][39m [1mimport[22m
[0m
[  32% ] [90m[1mreimport[22m | Wall_Plaster_Window_Wide_Flat2.gltf[39m[0m
[   0% ] [90m[1mimport[22m | Started Import Scene (104 steps)[39m[0m
[   0% ] [90m[1mimport[22m | Importing Scene...[39m[0m
[   1% ] [90m[1mimport[22m | Running Custom Script...[39m[0m
[  99% ] [90m[1mimport[22m | Saving...[39m[0m
[92m[ DONE ][39m [1mimport[22m
[0m
[  32% ] [90m[1mreimport[22m | Wall_Plaster_Window_Wide_Flat2.fbx[39m[0m
[   0% ] [90m[1mimport[22m | Started Import Scene (104 steps)[39m[0m
[   0% ] [90m[1mimport[22m | Importing Scene...[39m[0m
[   1% ] [90m[1mimport[22m | Running Custom Script...[39m[0m
[  99% ] [90m[1mimport[22m | Saving...[39m[0m
[92m[ DONE ][39m [1mimport[22m
[0m
[  32% ] [90m[1mreimport[22m | Wall_Plaster_Window_Thin_Round.gltf[39m[0m
[   0% ] [90m[1mimport[22m | Started Import Scene (104 steps)[39m[0m
[   0% ] [90m[1mimport[22m | Importing Scene...[39m[0m
[   1% ] [90m[1mimport[22m | Running Custom Script...[39m[0m
[  99% ] [90m[1mimport[22m | Saving...[39m[0m
[92m[ DONE ][39m [1mimport[22m
[0m
[  32% ] [90m[1mreimport[22m | Wall_Plaster_Window_Thin_Round.fbx[39m[0m
[   0% ] [90m[1mimport[22m | Started Import Scene (104 steps)[39m[0m
[   0% ] [90m[1mimport[22m | Importing Scene...[39m[0m
[   1% ] [90m[1mimport[22m | Running Custom Script...[39m[0m
[  99% ] [90m[1mimport[22m | Saving...[39m[0m
[92m[ DONE ][39m [1mimport[22m
[0m
[  33% ] [90m[1mreimport[22m | Wall_Plaster_Straight_R.gltf[39m[0m
[   0% ] [90m[1mimport[22m | Started Import Scene (104 steps)[39m[0m
[   0% ] [90m[1mimport[22m | Importing Scene...[39m[0m
[   1% ] [90m[1mimport[22m | Running Custom Script...[39m[0m
[  99% ] [90m[1mimport[22m | Saving...[39m[0m
[92m[ DONE ][39m [1mimport[22m
[0m
[  33% ] [90m[1mreimport[22m | Wall_Plaster_Straight_R.fbx[39m[0m
[   0% ] [90m[1mimport[22m | Started Import Scene (104 steps)[39m[0m
[   0% ] [90m[1mimport[22m | Importing Scene...[39m[0m
[   1% ] [90m[1mimport[22m | Running Custom Script...[39m[0m
[  99% ] [90m[1mimport[22m | Saving...[39m[0m
[92m[ DONE ][39m [1mimport[22m
[0m
[  33% ] [90m[1mreimport[22m | Wall_Plaster_Straight_L.gltf[39m[0m
[   0% ] [90m[1mimport[22m | Started Import Scene (104 steps)[39m[0m
[   0% ] [90m[1mimport[22m | Importing Scene...[39m[0m
[   1% ] [90m[1mimport[22m | Running Custom Script...[39m[0m
[  99% ] [90m[1mimport[22m | Saving...[39m[0m
[92m[ DONE ][39m [1mimport[22m
[0m
[  33% ] [90m[1mreimport[22m | Wall_Plaster_Straight_L.fbx[39m[0m
[   0% ] [90m[1mimport[22m | Started Import Scene (104 steps)[39m[0m
[   0% ] [90m[1mimport[22m | Importing Scene...[39m[0m
[   1% ] [90m[1mimport[22m | Running Custom Script...[39m[0m
[  99% ] [90m[1mimport[22m | Saving...[39m[0m
[92m[ DONE ][39m [1mimport[22m
[0m
[  33% ] [90m[1mreimport[22m | Wall_Plaster_Straight_Base.gltf[39m[0m
[   0% ] [90m[1mimport[22m | Started Import Scene (104 steps)[39m[0m
[   0% ] [90m[1mimport[22m | Importing Scene...[39m[0m
[   1% ] [90m[1mimport[22m | Running Custom Script...[39m[0m
[  99% ] [90m[1mimport[22m | Saving...[39m[0m
[92m[ DONE ][39m [1mimport[22m
[0m
[  33% ] [90m[1mreimport[22m | tent.gltf[39m[0m
[   0% ] [90m[1mimport[22m | Started Import Scene (104 steps)[39m[0m
[   0% ] [90m[1mimport[22m | Importing Scene...[39m[0m
[   1% ] [90m[1mimport[22m | Running Custom Script...[39m[0m
[  99% ] [90m[1mimport[22m | Saving...[39m[0m
[92m[ DONE ][39m [1mimport[22m
[0m
[  33% ] [90m[1mreimport[22m | target.gltf[39m[0m
[   0% ] [90m[1mimport[22m | Started Import Scene (104 steps)[39m[0m
[   0% ] [90m[1mimport[22m | Importing Scene...[39m[0m
[   1% ] [90m[1mimport[22m | Running Custom Script...[39m[0m
[  99% ] [90m[1mimport[22m | Saving...[39m[0m
[92m[ DONE ][39m [1mimport[22m
[0m
[  33% ] [90m[1mreimport[22m | streetlight.gltf[39m[0m
[   0% ] [90m[1mimport[22m | Started Import Scene (104 steps)[39m[0m
[   0% ] [90m[1mimport[22m | Importing Scene...[39m[0m
[   1% ] [90m[1mimport[22m | Running Custom Script...[39m[0m
[  99% ] [90m[1mimport[22m | Saving...[39m[0m
[92m[ DONE ][39m [1mimport[22m
[0m
[  33% ] [90m[1mreimport[22m | Stair_Interior_SolidExtended.gltf[39m[0m
[   0% ] [90m[1mimport[22m | Started Import Scene (104 steps)[39m[0m
[   0% ] [90m[1mimport[22m | Importing Scene...[39m[0m
[   1% ] [90m[1mimport[22m | Running Custom Script...[39m[0m
[  99% ] [90m[1mimport[22m | Saving...[39m[0m
[92m[ DONE ][39m [1mimport[22m
[0m
[  33% ] [90m[1mreimport[22m | Stair_Interior_SolidExtended.fbx[39m[0m
[   0% ] [90m[1mimport[22m | Started Import Scene (104 steps)[39m[0m
[   0% ] [90m[1mimport[22m | Importing Scene...[39m[0m
[   1% ] [90m[1mimport[22m | Running Custom Script...[39m[0m
[  99% ] [90m[1mimport[22m | Saving...[39m[0m
[92m[ DONE ][39m [1mimport[22m
[0m
[  33% ] [90m[1mreimport[22m | Stair_Interior_Solid.gltf[39m[0m
[   0% ] [90m[1mimport[22m | Started Import Scene (104 steps)[39m[0m
[   0% ] [90m[1mimport[22m | Importing Scene...[39m[0m
[   1% ] [90m[1mimport[22m | Running Custom Script...[39m[0m
[  99% ] [90m[1mimport[22m | Saving...[39m[0m
[92m[ DONE ][39m [1mimport[22m
[0m
[  33% ] [90m[1mreimport[22m | Stair_Interior_Solid.fbx[39m[0m
[   0% ] [90m[1mimport[22m | Started Import Scene (104 steps)[39m[0m
[   0% ] [90m[1mimport[22m | Importing Scene...[39m[0m
[   1% ] [90m[1mimport[22m | Running Custom Script...[39m[0m
[  99% ] [90m[1mimport[22m | Saving...[39m[0m
[92m[ DONE ][39m [1mimport[22m
[0m
[  33% ] [90m[1mreimport[22m | Stair_Interior_Simple.gltf[39m[0m
[   0% ] [90m[1mimport[22m | Started Import Scene (104 steps)[39m[0m
[   0% ] [90m[1mimport[22m | Importing Scene...[39m[0m
[   1% ] [90m[1mimport[22m | Running Custom Script...[39m[0m
[  99% ] [90m[1mimport[22m | Saving...[39m[0m
[92m[ DONE ][39m [1mimport[22m
[0m
[  34% ] [90m[1mreimport[22m | Stair_Interior_Simple.fbx[39m[0m
[   0% ] [90m[1mimport[22m | Started Import Scene (104 steps)[39m[0m
[   0% ] [90m[1mimport[22m | Importing Scene...[39m[0m
[   1% ] [90m[1mimport[22m | Running Custom Script...[39m[0m
[  99% ] [90m[1mimport[22m | Saving...[39m[0m
[92m[ DONE ][39m [1mimport[22m
[0m
[  34% ] [90m[1mreimport[22m | Stair_Interior_Rails.gltf[39m[0m
[   0% ] [90m[1mimport[22m | Started Import Scene (104 steps)[39m[0m
[   0% ] [90m[1mimport[22m | Importing Scene...[39m[0m
[   1% ] [90m[1mimport[22m | Running Custom Script...[39m[0m
[  99% ] [90m[1mimport[22m | Saving...[39m[0m
[92m[ DONE ][39m [1mimport[22m
[0m
[  34% ] [90m[1mreimport[22m | Stair_Interior_Rails.fbx[39m[0m
[   0% ] [90m[1mimport[22m | Started Import Scene (104 steps)[39m[0m
[   0% ] [90m[1mimport[22m | Importing Scene...[39m[0m
[   1% ] [90m[1mimport[22m | Running Custom Script...[39m[0m
[  99% ] [90m[1mimport[22m | Saving...[39m[0m
[92m[ DONE ][39m [1mimport[22m
[0m
[  34% ] [90m[1mreimport[22m | Stairs_Exterior_Straight_R.gltf[39m[0m
[   0% ] [90m[1mimport[22m | Started Import Scene (104 steps)[39m[0m
[   0% ] [90m[1mimport[22m | Importing Scene...[39m[0m
[   1% ] [90m[1mimport[22m | Running Custom Script...[39m[0m
[  99% ] [90m[1mimport[22m | Saving...[39m[0m
[92m[ DONE ][39m [1mimport[22m
[0m
[  34% ] [90m[1mreimport[22m | Stairs_Exterior_Straight_R.fbx[39m[0m
[   0% ] [90m[1mimport[22m | Started Import Scene (104 steps)[39m[0m
[   0% ] [90m[1mimport[22m | Importing Scene...[39m[0m
[   1% ] [90m[1mimport[22m | Running Custom Script...[39m[0m
[  99% ] [90m[1mimport[22m | Saving...[39m[0m
[92m[ DONE ][39m [1mimport[22m
[0m
[  34% ] [90m[1mreimport[22m | Stairs_Exterior_Straight_L.gltf[39m[0m
[   0% ] [90m[1mimport[22m | Started Import Scene (104 steps)[39m[0m
[   0% ] [90m[1mimport[22m | Importing Scene...[39m[0m
[   1% ] [90m[1mimport[22m | Running Custom Script...[39m[0m
[  99% ] [90m[1mimport[22m | Saving...[39m[0m
[92m[ DONE ][39m [1mimport[22m
[0m
[  34% ] [90m[1mreimport[22m | Stairs_Exterior_Straight_L.fbx[39m[0m
[   0% ] [90m[1mimport[22m | Started Import Scene (104 steps)[39m[0m
[   0% ] [90m[1mimport[22m | Importing Scene...[39m[0m
[   1% ] [90m[1mimport[22m | Running Custom Script...[39m[0m
[  99% ] [90m[1mimport[22m | Saving...[39m[0m
[92m[ DONE ][39m [1mimport[22m
[0m
[  34% ] [90m[1mreimport[22m | Stairs_Exterior_Straight_Center.gltf[39m[0m
[   0% ] [90m[1mimport[22m | Started Import Scene (104 steps)[39m[0m
[   0% ] [90m[1mimport[22m | Importing Scene...[39m[0m
[   1% ] [90m[1mimport[22m | Running Custom Script...[39m[0m
[  99% ] [90m[1mimport[22m | Saving...[39m[0m
[92m[ DONE ][39m [1mimport[22m
[0m
[  34% ] [90m[1mreimport[22m | Stairs_Exterior_Straight_Center.fbx[39m[0m
[   0% ] [90m[1mimport[22m | Started Import Scene (104 steps)[39m[0m
[   0% ] [90m[1mimport[22m | Importing Scene...[39m[0m
[   1% ] [90m[1mimport[22m | Running Custom Script...[39m[0m
[  99% ] [90m[1mimport[22m | Saving...[39m[0m
[92m[ DONE ][39m [1mimport[22m
[0m
[  34% ] [90m[1mreimport[22m | Wall_Arch.fbx[39m[0m
[   0% ] [90m[1mimport[22m | Started Import Scene (104 steps)[39m[0m
[   0% ] [90m[1mimport[22m | Importing Scene...[39m[0m
[   1% ] [90m[1mimport[22m | Running Custom Script...[39m[0m
[  99% ] [90m[1mimport[22m | Saving...[39m[0m
[92m[ DONE ][39m [1mimport[22m
[0m
[  34% ] [90m[1mreimport[22m | tree_single_B_cut.gltf[39m[0m
[   0% ] [90m[1mimport[22m | Started Import Scene (104 steps)[39m[0m
[   0% ] [90m[1mimport[22m | Importing Scene...[39m[0m
[   1% ] [90m[1mimport[22m | Running Custom Script...[39m[0m
[  99% ] [90m[1mimport[22m | Saving...[39m[0m
[92m[ DONE ][39m [1mimport[22m
[0m
[  34% ] [90m[1mreimport[22m | tree_single_B.gltf[39m[0m
[   0% ] [90m[1mimport[22m | Started Import Scene (104 steps)[39m[0m
[   0% ] [90m[1mimport[22m | Importing Scene...[39m[0m
[   1% ] [90m[1mimport[22m | Running Custom Script...[39m[0m
[  99% ] [90m[1mimport[22m | Saving...[39m[0m
[92m[ DONE ][39m [1mimport[22m
[0m
[  35% ] [90m[1mreimport[22m | tree_single_A_cut.gltf[39m[0m
[   0% ] [90m[1mimport[22m | Started Import Scene (104 steps)[39m[0m
[   0% ] [90m[1mimport[22m | Importing Scene...[39m[0m
[   1% ] [90m[1mimport[22m | Running Custom Script...[39m[0m
[  99% ] [90m[1mimport[22m | Saving...[39m[0m
[92m[ DONE ][39m [1mimport[22m
[0m
[  35% ] [90m[1mreimport[22m | tree_single_A.gltf[39m[0m
[   0% ] [90m[1mimport[22m | Started Import Scene (104 steps)[39m[0m
[   0% ] [90m[1mimport[22m | Importing Scene...[39m[0m
[   1% ] [90m[1mimport[22m | Running Custom Script...[39m[0m
[  99% ] [90m[1mimport[22m | Saving...[39m[0m
[92m[ DONE ][39m [1mimport[22m
[0m
[  35% ] [90m[1mreimport[22m | trees_B_small.gltf[39m[0m
[   0% ] [90m[1mimport[22m | Started Import Scene (104 steps)[39m[0m
[   0% ] [90m[1mimport[22m | Importing Scene...[39m[0m
[   1% ] [90m[1mimport[22m | Running Custom Script...[39m[0m
[  99% ] [90m[1mimport[22m | Saving...[39m[0m
[92m[ DONE ][39m [1mimport[22m
[0m
[  35% ] [90m[1mreimport[22m | trees_B_medium.gltf[39m[0m
[   0% ] [90m[1mimport[22m | Started Import Scene (104 steps)[39m[0m
[   0% ] [90m[1mimport[22m | Importing Scene...[39m[0m
[   1% ] [90m[1mimport[22m | Running Custom Script...[39m[0m
[  99% ] [90m[1mimport[22m | Saving...[39m[0m
[92m[ DONE ][39m [1mimport[22m
[0m
[  35% ] [90m[1mreimport[22m | trees_B_large.gltf[39m[0m
[   0% ] [90m[1mimport[22m | Started Import Scene (104 steps)[39m[0m
[   0% ] [90m[1mimport[22m | Importing Scene...[39m[0m
[   1% ] [90m[1mimport[22m | Running Custom Script...[39m[0m
[  99% ] [90m[1mimport[22m | Saving...[39m[0m
[92m[ DONE ][39m [1mimport[22m
[0m
[  35% ] [90m[1mreimport[22m | trees_B_cut.gltf[39m[0m
[   0% ] [90m[1mimport[22m | Started Import Scene (104 steps)[39m[0m
[   0% ] [90m[1mimport[22m | Importing Scene...[39m[0m
[   1% ] [90m[1mimport[22m | Running Custom Script...[39m[0m
[  99% ] [90m[1mimport[22m | Saving...[39m[0m
[92m[ DONE ][39m [1mimport[22m
[0m
[  35% ] [90m[1mreimport[22m | trees_A_small.gltf[39m[0m
[   0% ] [90m[1mimport[22m | Started Import Scene (104 steps)[39m[0m
[   0% ] [90m[1mimport[22m | Importing Scene...[39m[0m
[   1% ] [90m[1mimport[22m | Running Custom Script...[39m[0m
[  99% ] [90m[1mimport[22m | Saving...[39m[0m
[92m[ DONE ][39m [1mimport[22m
[0m
[  35% ] [90m[1mreimport[22m | trees_A_medium.gltf[39m[0m
[   0% ] [90m[1mimport[22m | Started Import Scene (104 steps)[39m[0m
[   0% ] [90m[1mimport[22m | Importing Scene...[39m[0m
[   1% ] [90m[1mimport[22m | Running Custom Script...[39m[0m
[  99% ] [90m[1mimport[22m | Saving...[39m[0m
[92m[ DONE ][39m [1mimport[22m
[0m
[  35% ] [90m[1mreimport[22m | trees_A_large.gltf[39m[0m
[   0% ] [90m[1mimport[22m | Started Import Scene (104 steps)[39m[0m
[   0% ] [90m[1mimport[22m | Importing Scene...[39m[0m
[   1% ] [90m[1mimport[22m | Running Custom Script...[39m[0m
[  99% ] [90m[1mimport[22m | Saving...[39m[0m
[92m[ DONE ][39m [1mimport[22m
[0m
[  35% ] [90m[1mreimport[22m | trees_A_cut.gltf[39m[0m
[   0% ] [90m[1mimport[22m | Started Import Scene (104 steps)[39m[0m
[   0% ] [90m[1mimport[22m | Importing Scene...[39m[0m
[   1% ] [90m[1mimport[22m | Running Custom Script...[39m[0m
[  99% ] [90m[1mimport[22m | Saving...[39m[0m
[92m[ DONE ][39m [1mimport[22m
[0m
[  35% ] [90m[1mreimport[22m | trash_B.gltf[39m[0m
[   0% ] [90m[1mimport[22m | Started Import Scene (104 steps)[39m[0m
[   0% ] [90m[1mimport[22m | Importing Scene...[39m[0m
[   1% ] [90m[1mimport[22m | Running Custom Script...[39m[0m
[  99% ] [90m[1mimport[22m | Saving...[39m[0m
[92m[ DONE ][39m [1mimport[22m
[0m
[  35% ] [90m[1mreimport[22m | trash_A.gltf[39m[0m
[   0% ] [90m[1mimport[22m | Started Import Scene (104 steps)[39m[0m
[   0% ] [90m[1mimport[22m | Importing Scene...[39m[0m
[   1% ] [90m[1mimport[22m | Running Custom Script...[39m[0m
[  99% ] [90m[1mimport[22m | Saving...[39m[0m
[92m[ DONE ][39m [1mimport[22m
[0m
[  36% ] [90m[1mreimport[22m | trafficlight_C.gltf[39m[0m
[   0% ] [90m[1mimport[22m | Started Import Scene (104 steps)[39m[0m
[   0% ] [90m[1mimport[22m | Importing Scene...[39m[0m
[   1% ] [90m[1mimport[22m | Running Custom Script...[39m[0m
[  99% ] [90m[1mimport[22m | Saving...[39m[0m
[92m[ DONE ][39m [1mimport[22m
[0m
[  36% ] [90m[1mreimport[22m | trafficlight_B.gltf[39m[0m
[   0% ] [90m[1mimport[22m | Started Import Scene (104 steps)[39m[0m
[   0% ] [90m[1mimport[22m | Importing Scene...[39m[0m
[   1% ] [90m[1mimport[22m | Running Custom Script...[39m[0m
[  99% ] [90m[1mimport[22m | Saving...[39m[0m
[92m[ DONE ][39m [1mimport[22m
[0m
[  36% ] [90m[1mreimport[22m | trafficlight_A.gltf[39m[0m
[   0% ] [90m[1mimport[22m | Started Import Scene (104 steps)[39m[0m
[   0% ] [90m[1mimport[22m | Importing Scene...[39m[0m
[   1% ] [90m[1mimport[22m | Running Custom Script...[39m[0m
[  99% ] [90m[1mimport[22m | Saving...[39m[0m
[92m[ DONE ][39m [1mimport[22m
[0m
[  36% ] [90m[1mreimport[22m | Bow_Golden.fbx[39m[0m
[   0% ] [90m[1mimport[22m | Started Import Scene (104 steps)[39m[0m
[   0% ] [90m[1mimport[22m | Importing Scene...[39m[0m
[   1% ] [90m[1mimport[22m | Running Custom Script...[39m[0m
[  99% ] [90m[1mimport[22m | Saving...[39m[0m
[92m[ DONE ][39m [1mimport[22m
[0m
[  36% ] [90m[1mreimport[22m | Bow_Evil.fbx[39m[0m
[   0% ] [90m[1mimport[22m | Started Import Scene (104 steps)[39m[0m
[   0% ] [90m[1mimport[22m | Importing Scene...[39m[0m
[   1% ] [90m[1mimport[22m | Running Custom Script...[39m[0m
[  99% ] [90m[1mimport[22m | Saving...[39m[0m
[92m[ DONE ][39m [1mimport[22m
[0m
[  36% ] [90m[1mreimport[22m | Axe_Small.fbx[39m[0m
[   0% ] [90m[1mimport[22m | Started Import Scene (104 steps)[39m[0m
[   0% ] [90m[1mimport[22m | Importing Scene...[39m[0m
[   1% ] [90m[1mimport[22m | Running Custom Script...[39m[0m
[  99% ] [90m[1mimport[22m | Saving...[39m[0m
[92m[ DONE ][39m [1mimport[22m
[0m
[  36% ] [90m[1mreimport[22m | Axe_Double.fbx[39m[0m
[   0% ] [90m[1mimport[22m | Started Import Scene (104 steps)[39m[0m
[   0% ] [90m[1mimport[22m | Importing Scene...[39m[0m
[   1% ] [90m[1mimport[22m | Running Custom Script...[39m[0m
[  99% ] [90m[1mimport[22m | Saving...[39m[0m
[92m[ DONE ][39m [1mimport[22m
[0m
[  36% ] [90m[1mreimport[22m | Axe.fbx[39m[0m
[   0% ] [90m[1mimport[22m | Started Import Scene (104 steps)[39m[0m
[   0% ] [90m[1mimport[22m | Importing Scene...[39m[0m
[   1% ] [90m[1mimport[22m | Running Custom Script...[39m[0m
[  99% ] [90m[1mimport[22m | Saving...[39m[0m
[92m[ DONE ][39m [1mimport[22m
[0m
[  36% ] [90m[1mreimport[22m | Arrow.fbx[39m[0m
[   0% ] [90m[1mimport[22m | Started Import Scene (104 steps)[39m[0m
[   0% ] [90m[1mimport[22m | Importing Scene...[39m[0m
[   1% ] [90m[1mimport[22m | Running Custom Script...[39m[0m
[  99% ] [90m[1mimport[22m | Saving...[39m[0m
[92m[ DONE ][39m [1mimport[22m
[0m
[  36% ] [90m[1mreimport[22m | Window_Wide_Round1.gltf[39m[0m
[   0% ] [90m[1mimport[22m | Started Import Scene (104 steps)[39m[0m
[   0% ] [90m[1mimport[22m | Importing Scene...[39m[0m
[   1% ] [90m[1mimport[22m | Running Custom Script...[39m[0m
[  99% ] [90m[1mimport[22m | Saving...[39m[0m
[92m[ DONE ][39m [1mimport[22m
[0m
[  36% ] [90m[1mreimport[22m | Window_Wide_Round1.fbx[39m[0m
[   0% ] [90m[1mimport[22m | Started Import Scene (104 steps)[39m[0m
[   0% ] [90m[1mimport[22m | Importing Scene...[39m[0m
[   1% ] [90m[1mimport[22m | Running Custom Script...[39m[0m
[  99% ] [90m[1mimport[22m | Saving...[39m[0m
[92m[ DONE ][39m [1mimport[22m
[0m
[  36% ] [90m[1mreimport[22m | Window_Wide_Flat1.gltf[39m[0m
[   0% ] [90m[1mimport[22m | Started Import Scene (104 steps)[39m[0m
[   0% ] [90m[1mimport[22m | Importing Scene...[39m[0m
[   1% ] [90m[1mimport[22m | Running Custom Script...[39m[0m
[  99% ] [90m[1mimport[22m | Saving...[39m[0m
[92m[ DONE ][39m [1mimport[22m
[0m
[  36% ] [90m[1mreimport[22m | Window_Wide_Flat1.fbx[39m[0m
[   0% ] [90m[1mimport[22m | Started Import Scene (104 steps)[39m[0m
[   0% ] [90m[1mimport[22m | Importing Scene...[39m[0m
[   1% ] [90m[1mimport[22m | Running Custom Script...[39m[0m
[  99% ] [90m[1mimport[22m | Saving...[39m[0m
[92m[ DONE ][39m [1mimport[22m
[0m
[  37% ] [90m[1mreimport[22m | Window_Thin_Round1.gltf[39m[0m
[   0% ] [90m[1mimport[22m | Started Import Scene (104 steps)[39m[0m
[   0% ] [90m[1mimport[22m | Importing Scene...[39m[0m
[   1% ] [90m[1mimport[22m | Running Custom Script...[39m[0m
[  99% ] [90m[1mimport[22m | Saving...[39m[0m
[92m[ DONE ][39m [1mimport[22m
[0m
[  37% ] [90m[1mreimport[22m | Window_Thin_Round1.fbx[39m[0m
[   0% ] [90m[1mimport[22m | Started Import Scene (104 steps)[39m[0m
[   0% ] [90m[1mimport[22m | Importing Scene...[39m[0m
[   1% ] [90m[1mimport[22m | Running Custom Script...[39m[0m
[  99% ] [90m[1mimport[22m | Saving...[39m[0m
[92m[ DONE ][39m [1mimport[22m
[0m
[  37% ] [90m[1mreimport[22m | Window_Thin_Flat1.gltf[39m[0m
[   0% ] [90m[1mimport[22m | Started Import Scene (104 steps)[39m[0m
[   0% ] [90m[1mimport[22m | Importing Scene...[39m[0m
[   1% ] [90m[1mimport[22m | Running Custom Script...[39m[0m
[  99% ] [90m[1mimport[22m | Saving...[39m[0m
[92m[ DONE ][39m [1mimport[22m
[0m
[  37% ] [90m[1mreimport[22m | Window_Thin_Flat1.fbx[39m[0m
[   0% ] [90m[1mimport[22m | Started Import Scene (104 steps)[39m[0m
[   0% ] [90m[1mimport[22m | Importing Scene...[39m[0m
[   1% ] [90m[1mimport[22m | Running Custom Script...[39m[0m
[  99% ] [90m[1mimport[22m | Saving...[39m[0m
[92m[ DONE ][39m [1mimport[22m
[0m
[  37% ] [90m[1mreimport[22m | Window_Roof_Wide.gltf[39m[0m
[   0% ] [90m[1mimport[22m | Started Import Scene (104 steps)[39m[0m
[   0% ] [90m[1mimport[22m | Importing Scene...[39m[0m
[   1% ] [90m[1mimport[22m | Running Custom Script...[39m[0m
[  99% ] [90m[1mimport[22m | Saving...[39m[0m
[92m[ DONE ][39m [1mimport[22m
[0m
[  37% ] [90m[1mreimport[22m | Window_Roof_Wide.fbx[39m[0m
[   0% ] [90m[1mimport[22m | Started Import Scene (104 steps)[39m[0m
[   0% ] [90m[1mimport[22m | Importing Scene...[39m[0m
[   1% ] [90m[1mimport[22m | Running Custom Script...[39m[0m
[  99% ] [90m[1mimport[22m | Saving...[39m[0m
[92m[ DONE ][39m [1mimport[22m
[0m
[  37% ] [90m[1mreimport[22m | Window_Roof_Thin.gltf[39m[0m
[   0% ] [90m[1mimport[22m | Started Import Scene (104 steps)[39m[0m
[   0% ] [90m[1mimport[22m | Importing Scene...[39m[0m
[   1% ] [90m[1mimport[22m | Running Custom Script...[39m[0m
[  99% ] [90m[1mimport[22m | Saving...[39m[0m
[92m[ DONE ][39m [1mimport[22m
[0m
[  37% ] [90m[1mreimport[22m | Sword_Golden.fbx[39m[0m
[   0% ] [90m[1mimport[22m | Started Import Scene (104 steps)[39m[0m
[   0% ] [90m[1mimport[22m | Importing Scene...[39m[0m
[   1% ] [90m[1mimport[22m | Running Custom Script...[39m[0m
[  99% ] [90m[1mimport[22m | Saving...[39m[0m
[92m[ DONE ][39m [1mimport[22m
[0m
[  37% ] [90m[1mreimport[22m | Sword_Big.fbx[39m[0m
[   0% ] [90m[1mimport[22m | Started Import Scene (104 steps)[39m[0m
[   0% ] [90m[1mimport[22m | Importing Scene...[39m[0m
[   1% ] [90m[1mimport[22m | Running Custom Script...[39m[0m
[  99% ] [90m[1mimport[22m | Saving...[39m[0m
[92m[ DONE ][39m [1mimport[22m
[0m
[  37% ] [90m[1mreimport[22m | Sword_2.fbx[39m[0m
[   0% ] [90m[1mimport[22m | Started Import Scene (104 steps)[39m[0m
[   0% ] [90m[1mimport[22m | Importing Scene...[39m[0m
[   1% ] [90m[1mimport[22m | Running Custom Script...[39m[0m
[  99% ] [90m[1mimport[22m | Saving...[39m[0m
[92m[ DONE ][39m [1mimport[22m
[0m
[  37% ] [90m[1mreimport[22m | Sword.fbx[39m[0m
[   0% ] [90m[1mimport[22m | Started Import Scene (104 steps)[39m[0m
[   0% ] [90m[1mimport[22m | Importing Scene...[39m[0m
[   1% ] [90m[1mimport[22m | Running Custom Script...[39m[0m
[  99% ] [90m[1mimport[22m | Saving...[39m[0m
[92m[ DONE ][39m [1mimport[22m
[0m
[  37% ] [90m[1mreimport[22m | Spear.fbx[39m[0m
[   0% ] [90m[1mimport[22m | Started Import Scene (104 steps)[39m[0m
[   0% ] [90m[1mimport[22m | Importing Scene...[39m[0m
[   1% ] [90m[1mimport[22m | Running Custom Script...[39m[0m
[  99% ] [90m[1mimport[22m | Saving...[39m[0m
[92m[ DONE ][39m [1mimport[22m
[0m
[  38% ] [90m[1mreimport[22m | Shield_Round_2.fbx[39m[0m
[   0% ] [90m[1mimport[22m | Started Import Scene (104 steps)[39m[0m
[   0% ] [90m[1mimport[22m | Importing Scene...[39m[0m
[   1% ] [90m[1mimport[22m | Running Custom Script...[39m[0m
[  99% ] [90m[1mimport[22m | Saving...[39m[0m
[92m[ DONE ][39m [1mimport[22m
[0m
[  38% ] [90m[1mreimport[22m | Shield_Round.fbx[39m[0m
[   0% ] [90m[1mimport[22m | Started Import Scene (104 steps)[39m[0m
[   0% ] [90m[1mimport[22m | Importing Scene...[39m[0m
[   1% ] [90m[1mimport[22m | Running Custom Script...[39m[0m
[  99% ] [90m[1mimport[22m | Saving...[39m[0m
[92m[ DONE ][39m [1mimport[22m
[0m
[  38% ] [90m[1mreimport[22m | Shield_Heater_2.fbx[39m[0m
[   0% ] [90m[1mimport[22m | Started Import Scene (104 steps)[39m[0m
[   0% ] [90m[1mimport[22m | Importing Scene...[39m[0m
[   1% ] [90m[1mimport[22m | Running Custom Script...[39m[0m
[  99% ] [90m[1mimport[22m | Saving...[39m[0m
[92m[ DONE ][39m [1mimport[22m
[0m
[  38% ] [90m[1mreimport[22m | Shield_Heater.fbx[39m[0m
[   0% ] [90m[1mimport[22m | Started Import Scene (104 steps)[39m[0m
[   0% ] [90m[1mimport[22m | Importing Scene...[39m[0m
[   1% ] [90m[1mimport[22m | Running Custom Script...[39m[0m
[  99% ] [90m[1mimport[22m | Saving...[39m[0m
[92m[ DONE ][39m [1mimport[22m
[0m
[  38% ] [90m[1mreimport[22m | Shield_Celtic_Golden.fbx[39m[0m
[   0% ] [90m[1mimport[22m | Started Import Scene (104 steps)[39m[0m
[   0% ] [90m[1mimport[22m | Importing Scene...[39m[0m
[   1% ] [90m[1mimport[22m | Running Custom Script...[39m[0m
[  99% ] [90m[1mimport[22m | Saving...[39m[0m
[92m[ DONE ][39m [1mimport[22m
[0m
[  38% ] [90m[1mreimport[22m | Scythe.fbx[39m[0m
[   0% ] [90m[1mimport[22m | Started Import Scene (104 steps)[39m[0m
[   0% ] [90m[1mimport[22m | Importing Scene...[39m[0m
[   1% ] [90m[1mimport[22m | Running Custom Script...[39m[0m
[  99% ] [90m[1mimport[22m | Saving...[39m[0m
[92m[ DONE ][39m [1mimport[22m
[0m
[  38% ] [90m[1mreimport[22m | Hammer_Small.fbx[39m[0m
[   0% ] [90m[1mimport[22m | Started Import Scene (104 steps)[39m[0m
[   0% ] [90m[1mimport[22m | Importing Scene...[39m[0m
[   1% ] [90m[1mimport[22m | Running Custom Script...[39m[0m
[  99% ] [90m[1mimport[22m | Saving...[39m[0m
[92m[ DONE ][39m [1mimport[22m
[0m
[  38% ] [90m[1mreimport[22m | Hammer_Double.fbx[39m[0m
[   0% ] [90m[1mimport[22m | Started Import Scene (104 steps)[39m[0m
[   0% ] [90m[1mimport[22m | Importing Scene...[39m[0m
[   1% ] [90m[1mimport[22m | Running Custom Script...[39m[0m
[  99% ] [90m[1mimport[22m | Saving...[39m[0m
[92m[ DONE ][39m [1mimport[22m
[0m
[  38% ] [90m[1mreimport[22m | Dagger_2.fbx[39m[0m
[   0% ] [90m[1mimport[22m | Started Import Scene (104 steps)[39m[0m
[   0% ] [90m[1mimport[22m | Importing Scene...[39m[0m
[   1% ] [90m[1mimport[22m | Running Custom Script...[39m[0m
[  99% ] [90m[1mimport[22m | Saving...[39m[0m
[92m[ DONE ][39m [1mimport[22m
[0m
[  38% ] [90m[1mreimport[22m | Dagger.fbx[39m[0m
[   0% ] [90m[1mimport[22m | Started Import Scene (104 steps)[39m[0m
[   0% ] [90m[1mimport[22m | Importing Scene...[39m[0m
[   1% ] [90m[1mimport[22m | Running Custom Script...[39m[0m
[  99% ] [90m[1mimport[22m | Saving...[39m[0m
[92m[ DONE ][39m [1mimport[22m
[0m
[  38% ] [90m[1mreimport[22m | Claymore.fbx[39m[0m
[   0% ] [90m[1mimport[22m | Started Import Scene (104 steps)[39m[0m
[   0% ] [90m[1mimport[22m | Importing Scene...[39m[0m
[   1% ] [90m[1mimport[22m | Running Custom Script...[39m[0m
[  99% ] [90m[1mimport[22m | Saving...[39m[0m
[92m[ DONE ][39m [1mimport[22m
[0m
[  38% ] [90m[1mreimport[22m | Bow_Wooden.fbx[39m[0m
[   0% ] [90m[1mimport[22m | Started Import Scene (104 steps)[39m[0m
[   0% ] [90m[1mimport[22m | Importing Scene...[39m[0m
[   1% ] [90m[1mimport[22m | Running Custom Script...[39m[0m
[  99% ] [90m[1mimport[22m | Saving...[39m[0m
[92m[ DONE ][39m [1mimport[22m
[0m
[  38% ] [90m[1mreimport[22m | Bow_Wooden2.fbx[39m[0m
[   0% ] [90m[1mimport[22m | Started Import Scene (104 steps)[39m[0m
[   0% ] [90m[1mimport[22m | Importing Scene...[39m[0m
[   1% ] [90m[1mimport[22m | Running Custom Script...[39m[0m
[  99% ] [90m[1mimport[22m | Saving...[39m[0m
[92m[ DONE ][39m [1mimport[22m
[0m
[  39% ] [90m[1mreimport[22m | weaponrack.gltf[39m[0m
[   0% ] [90m[1mimport[22m | Started Import Scene (104 steps)[39m[0m
[   0% ] [90m[1mimport[22m | Importing Scene...[39m[0m
[   1% ] [90m[1mimport[22m | Running Custom Script...[39m[0m
[  99% ] [90m[1mimport[22m | Saving...[39m[0m
[92m[ DONE ][39m [1mimport[22m
[0m
[  39% ] [90m[1mreimport[22m | watertower.gltf[39m[0m
[   0% ] [90m[1mimport[22m | Started Import Scene (104 steps)[39m[0m
[   0% ] [90m[1mimport[22m | Importing Scene...[39m[0m
[   1% ] [90m[1mimport[22m | Running Custom Script...[39m[0m
[  99% ] [90m[1mimport[22m | Saving...[39m[0m
[92m[ DONE ][39m [1mimport[22m
[0m
[  39% ] [90m[1mreimport[22m | waterplant_C.gltf[39m[0m
[   0% ] [90m[1mimport[22m | Started Import Scene (104 steps)[39m[0m
[   0% ] [90m[1mimport[22m | Importing Scene...[39m[0m
[   1% ] [90m[1mimport[22m | Running Custom Script...[39m[0m
[  99% ] [90m[1mimport[22m | Saving...[39m[0m
[92m[ DONE ][39m [1mimport[22m
[0m
[  39% ] [90m[1mreimport[22m | waterplant_B.gltf[39m[0m
[   0% ] [90m[1mimport[22m | Started Import Scene (104 steps)[39m[0m
[   0% ] [90m[1mimport[22m | Importing Scene...[39m[0m
[   1% ] [90m[1mimport[22m | Running Custom Script...[39m[0m
[  99% ] [90m[1mimport[22m | Saving...[39m[0m
[92m[ DONE ][39m [1mimport[22m
[0m
[  39% ] [90m[1mreimport[22m | waterplant_A.gltf[39m[0m
[   0% ] [90m[1mimport[22m | Started Import Scene (104 steps)[39m[0m
[   0% ] [90m[1mimport[22m | Importing Scene...[39m[0m
[   1% ] [90m[1mimport[22m | Running Custom Script...[39m[0m
[  99% ] [90m[1mimport[22m | Saving...[39m[0m
[92m[ DONE ][39m [1mimport[22m
[0m
[  39% ] [90m[1mreimport[22m | waterlily_B.gltf[39m[0m
[   0% ] [90m[1mimport[22m | Started Import Scene (104 steps)[39m[0m
[   0% ] [90m[1mimport[22m | Importing Scene...[39m[0m
[   1% ] [90m[1mimport[22m | Running Custom Script...[39m[0m
[  99% ] [90m[1mimport[22m | Saving...[39m[0m
[92m[ DONE ][39m [1mimport[22m
[0m
[  39% ] [90m[1mreimport[22m | waterlily_A.gltf[39m[0m
[   0% ] [90m[1mimport[22m | Started Import Scene (104 steps)[39m[0m
[   0% ] [90m[1mimport[22m | Importing Scene...[39m[0m
[   1% ] [90m[1mimport[22m | Running Custom Script...[39m[0m
[  99% ] [90m[1mimport[22m | Saving...[39m[0m
[92m[ DONE ][39m [1mimport[22m
[0m
[  39% ] [90m[1mreimport[22m | Wall_UnevenBrick_Window_Wide_Round.gltf[39m[0m
[   0% ] [90m[1mimport[22m | Started Import Scene (104 steps)[39m[0m
[   0% ] [90m[1mimport[22m | Importing Scene...[39m[0m
[   1% ] [90m[1mimport[22m | Running Custom Script...[39m[0m
[  99% ] [90m[1mimport[22m | Saving...[39m[0m
[92m[ DONE ][39m [1mimport[22m
[0m
[  39% ] [90m[1mreimport[22m | Wall_UnevenBrick_Window_Wide_Round.fbx[39m[0m
[   0% ] [90m[1mimport[22m | Started Import Scene (104 steps)[39m[0m
[   0% ] [90m[1mimport[22m | Importing Scene...[39m[0m
[   1% ] [90m[1mimport[22m | Running Custom Script...[39m[0m
[  99% ] [90m[1mimport[22m | Saving...[39m[0m
[92m[ DONE ][39m [1mimport[22m
[0m
[  39% ] [90m[1mreimport[22m | Wall_UnevenBrick_Window_Wide_Flat.gltf[39m[0m
[   0% ] [90m[1mimport[22m | Started Import Scene (104 steps)[39m[0m
[   0% ] [90m[1mimport[22m | Importing Scene...[39m[0m
[   1% ] [90m[1mimport[22m | Running Custom Script...[39m[0m
[  99% ] [90m[1mimport[22m | Saving...[39m[0m
[92m[ DONE ][39m [1mimport[22m
[0m
[  39% ] [90m[1mreimport[22m | Wall_UnevenBrick_Window_Wide_Flat.fbx[39m[0m
[   0% ] [90m[1mimport[22m | Started Import Scene (104 steps)[39m[0m
[   0% ] [90m[1mimport[22m | Importing Scene...[39m[0m
[   1% ] [90m[1mimport[22m | Running Custom Script...[39m[0m
[  99% ] [90m[1mimport[22m | Saving...[39m[0m
[92m[ DONE ][39m [1mimport[22m
[0m
[  39% ] [90m[1mreimport[22m | Wall_UnevenBrick_Window_Thin_Round.gltf[39m[0m
[   0% ] [90m[1mimport[22m | Started Import Scene (104 steps)[39m[0m
[   0% ] [90m[1mimport[22m | Importing Scene...[39m[0m
[   1% ] [90m[1mimport[22m | Running Custom Script...[39m[0m
[  99% ] [90m[1mimport[22m | Saving...[39m[0m
[92m[ DONE ][39m [1mimport[22m
[0m
[  40% ] [90m[1mreimport[22m | Wall_UnevenBrick_Window_Thin_Round.fbx[39m[0m
[   0% ] [90m[1mimport[22m | Started Import Scene (104 steps)[39m[0m
[   0% ] [90m[1mimport[22m | Importing Scene...[39m[0m
[   1% ] [90m[1mimport[22m | Running Custom Script...[39m[0m
[  99% ] [90m[1mimport[22m | Saving...[39m[0m
[92m[ DONE ][39m [1mimport[22m
[0m
[  40% ] [90m[1mreimport[22m | Wall_UnevenBrick_Straight.gltf[39m[0m
[   0% ] [90m[1mimport[22m | Started Import Scene (104 steps)[39m[0m
[   0% ] [90m[1mimport[22m | Importing Scene...[39m[0m
[   1% ] [90m[1mimport[22m | Running Custom Script...[39m[0m
[  99% ] [90m[1mimport[22m | Saving...[39m[0m
[92m[ DONE ][39m [1mimport[22m
[0m
[  40% ] [90m[1mreimport[22m | Wall_UnevenBrick_Straight.fbx[39m[0m
[   0% ] [90m[1mimport[22m | Started Import Scene (104 steps)[39m[0m
[   0% ] [90m[1mimport[22m | Importing Scene...[39m[0m
[   1% ] [90m[1mimport[22m | Running Custom Script...[39m[0m
[  99% ] [90m[1mimport[22m | Saving...[39m[0m
[92m[ DONE ][39m [1mimport[22m
[0m
[  40% ] [90m[1mreimport[22m | Wall_UnevenBrick_Door_Round.gltf[39m[0m
[   0% ] [90m[1mimport[22m | Started Import Scene (104 steps)[39m[0m
[   0% ] [90m[1mimport[22m | Importing Scene...[39m[0m
[   1% ] [90m[1mimport[22m | Running Custom Script...[39m[0m
[  99% ] [90m[1mimport[22m | Saving...[39m[0m
[92m[ DONE ][39m [1mimport[22m
[0m
[  40% ] [90m[1mreimport[22m | Wall_UnevenBrick_Door_Round.fbx[39m[0m
[   0% ] [90m[1mimport[22m | Started Import Scene (104 steps)[39m[0m
[   0% ] [90m[1mimport[22m | Importing Scene...[39m[0m
[   1% ] [90m[1mimport[22m | Running Custom Script...[39m[0m
[  99% ] [90m[1mimport[22m | Saving...[39m[0m
[92m[ DONE ][39m [1mimport[22m
[0m
[  40% ] [90m[1mreimport[22m | Wall_UnevenBrick_Door_Flat.gltf[39m[0m
[   0% ] [90m[1mimport[22m | Started Import Scene (104 steps)[39m[0m
[   0% ] [90m[1mimport[22m | Importing Scene...[39m[0m
[   1% ] [90m[1mimport[22m | Running Custom Script...[39m[0m
[  99% ] [90m[1mimport[22m | Saving...[39m[0m
[92m[ DONE ][39m [1mimport[22m
[0m
[  40% ] [90m[1mreimport[22m | Window_Roof_Thin.fbx[39m[0m
[   0% ] [90m[1mimport[22m | Started Import Scene (104 steps)[39m[0m
[   0% ] [90m[1mimport[22m | Importing Scene...[39m[0m
[   1% ] [90m[1mimport[22m | Running Custom Script...[39m[0m
[  99% ] [90m[1mimport[22m | Saving...[39m[0m
[92m[ DONE ][39m [1mimport[22m
[0m
[  40% ] [90m[1mreimport[22m | WindowShutters_Wide_Round_Open.gltf[39m[0m
[   0% ] [90m[1mimport[22m | Started Import Scene (104 steps)[39m[0m
[   0% ] [90m[1mimport[22m | Importing Scene...[39m[0m
[   1% ] [90m[1mimport[22m | Running Custom Script...[39m[0m
[  99% ] [90m[1mimport[22m | Saving...[39m[0m
[92m[ DONE ][39m [1mimport[22m
[0m
[  40% ] [90m[1mreimport[22m | WindowShutters_Wide_Round_Open.fbx[39m[0m
[   0% ] [90m[1mimport[22m | Started Import Scene (104 steps)[39m[0m
[   0% ] [90m[1mimport[22m | Importing Scene...[39m[0m
[   1% ] [90m[1mimport[22m | Running Custom Script...[39m[0m
[  99% ] [90m[1mimport[22m | Saving...[39m[0m
[92m[ DONE ][39m [1mimport[22m
[0m
[  40% ] [90m[1mreimport[22m | WindowShutters_Wide_Round_Closed.gltf[39m[0m
[   0% ] [90m[1mimport[22m | Started Import Scene (104 steps)[39m[0m
[   0% ] [90m[1mimport[22m | Importing Scene...[39m[0m
[   1% ] [90m[1mimport[22m | Running Custom Script...[39m[0m
[  99% ] [90m[1mimport[22m | Saving...[39m[0m
[92m[ DONE ][39m [1mimport[22m
[0m
[  40% ] [90m[1mreimport[22m | WindowShutters_Wide_Round_Closed.fbx[39m[0m
[   0% ] [90m[1mimport[22m | Started Import Scene (104 steps)[39m[0m
[   0% ] [90m[1mimport[22m | Importing Scene...[39m[0m
[   1% ] [90m[1mimport[22m | Running Custom Script...[39m[0m
[  99% ] [90m[1mimport[22m | Saving...[39m[0m
[92m[ DONE ][39m [1mimport[22m
[0m
[  40% ] [90m[1mreimport[22m | WindowShutters_Wide_Flat_Open.gltf[39m[0m
[   0% ] [90m[1mimport[22m | Started Import Scene (104 steps)[39m[0m
[   0% ] [90m[1mimport[22m | Importing Scene...[39m[0m
[   1% ] [90m[1mimport[22m | Running Custom Script...[39m[0m
[  99% ] [90m[1mimport[22m | Saving...[39m[0m
[92m[ DONE ][39m [1mimport[22m
[0m
[  41% ] [90m[1mreimport[22m | WindowShutters_Wide_Flat_Open.fbx[39m[0m
[   0% ] [90m[1mimport[22m | Started Import Scene (104 steps)[39m[0m
[   0% ] [90m[1mimport[22m | Importing Scene...[39m[0m
[   1% ] [90m[1mimport[22m | Running Custom Script...[39m[0m
[  99% ] [90m[1mimport[22m | Saving...[39m[0m
[92m[ DONE ][39m [1mimport[22m
[0m
[  41% ] [90m[1mreimport[22m | WindowShutters_Wide_Flat_Closed.gltf[39m[0m
[   0% ] [90m[1mimport[22m | Started Import Scene (104 steps)[39m[0m
[   0% ] [90m[1mimport[22m | Importing Scene...[39m[0m
[   1% ] [90m[1mimport[22m | Running Custom Script...[39m[0m
[  99% ] [90m[1mimport[22m | Saving...[39m[0m
[92m[ DONE ][39m [1mimport[22m
[0m
[  41% ] [90m[1mreimport[22m | WindowShutters_Wide_Flat_Closed.fbx[39m[0m
[   0% ] [90m[1mimport[22m | Started Import Scene (104 steps)[39m[0m
[   0% ] [90m[1mimport[22m | Importing Scene...[39m[0m
[   1% ] [90m[1mimport[22m | Running Custom Script...[39m[0m
[  99% ] [90m[1mimport[22m | Saving...[39m[0m
[92m[ DONE ][39m [1mimport[22m
[0m
[  41% ] [90m[1mreimport[22m | WindowShutters_Thin_Round_Open.gltf[39m[0m
[   0% ] [90m[1mimport[22m | Started Import Scene (104 steps)[39m[0m
[   0% ] [90m[1mimport[22m | Importing Scene...[39m[0m
[   1% ] [90m[1mimport[22m | Running Custom Script...[39m[0m
[  99% ] [90m[1mimport[22m | Saving...[39m[0m
[92m[ DONE ][39m [1mimport[22m
[0m
[  41% ] [90m[1mreimport[22m | WindowShutters_Thin_Round_Open.fbx[39m[0m
[   0% ] [90m[1mimport[22m | Started Import Scene (104 steps)[39m[0m
[   0% ] [90m[1mimport[22m | Importing Scene...[39m[0m
[   1% ] [90m[1mimport[22m | Running Custom Script...[39m[0m
[  99% ] [90m[1mimport[22m | Saving...[39m[0m
[92m[ DONE ][39m [1mimport[22m
[0m
[  41% ] [90m[1mreimport[22m | WindowShutters_Thin_Round_Closed.gltf[39m[0m
[   0% ] [90m[1mimport[22m | Started Import Scene (104 steps)[39m[0m
[   0% ] [90m[1mimport[22m | Importing Scene...[39m[0m
[   1% ] [90m[1mimport[22m | Running Custom Script...[39m[0m
[  99% ] [90m[1mimport[22m | Saving...[39m[0m
[92m[ DONE ][39m [1mimport[22m
[0m
[  41% ] [90m[1mreimport[22m | WindowShutters_Thin_Round_Closed.fbx[39m[0m
[   0% ] [90m[1mimport[22m | Started Import Scene (104 steps)[39m[0m
[   0% ] [90m[1mimport[22m | Importing Scene...[39m[0m
[   1% ] [90m[1mimport[22m | Running Custom Script...[39m[0m
[  99% ] [90m[1mimport[22m | Saving...[39m[0m
[92m[ DONE ][39m [1mimport[22m
[0m
[  41% ] [90m[1mreimport[22m | WindowShutters_Thin_Flat_Open.gltf[39m[0m
[   0% ] [90m[1mimport[22m | Started Import Scene (104 steps)[39m[0m
[   0% ] [90m[1mimport[22m | Importing Scene...[39m[0m
[   1% ] [90m[1mimport[22m | Running Custom Script...[39m[0m
[  99% ] [90m[1mimport[22m | Saving...[39m[0m
[92m[ DONE ][39m [1mimport[22m
[0m
[  41% ] [90m[1mreimport[22m | WindowShutters_Thin_Flat_Open.fbx[39m[0m
[   0% ] [90m[1mimport[22m | Started Import Scene (104 steps)[39m[0m
[   0% ] [90m[1mimport[22m | Importing Scene...[39m[0m
[   1% ] [90m[1mimport[22m | Running Custom Script...[39m[0m
[  99% ] [90m[1mimport[22m | Saving...[39m[0m
[92m[ DONE ][39m [1mimport[22m
[0m
[  41% ] [90m[1mreimport[22m | WindowShutters_Thin_Flat_Closed.gltf[39m[0m
[   0% ] [90m[1mimport[22m | Started Import Scene (104 steps)[39m[0m
[   0% ] [90m[1mimport[22m | Importing Scene...[39m[0m
[   1% ] [90m[1mimport[22m | Running Custom Script...[39m[0m
[  99% ] [90m[1mimport[22m | Saving...[39m[0m
[92m[ DONE ][39m [1mimport[22m
[0m
[  41% ] [90m[1mreimport[22m | WindowShutters_Thin_Flat_Closed.fbx[39m[0m
[   0% ] [90m[1mimport[22m | Started Import Scene (104 steps)[39m[0m
[   0% ] [90m[1mimport[22m | Importing Scene...[39m[0m
[   1% ] [90m[1mimport[22m | Running Custom Script...[39m[0m
[  99% ] [90m[1mimport[22m | Saving...[39m[0m
[92m[ DONE ][39m [1mimport[22m
[0m
[  41% ] [90m[1mreimport[22m | wheelbarrow.gltf[39m[0m
[   0% ] [90m[1mimport[22m | Started Import Scene (104 steps)[39m[0m
[   0% ] [90m[1mimport[22m | Importing Scene...[39m[0m
[   1% ] [90m[1mimport[22m | Running Custom Script...[39m[0m
[  99% ] [90m[1mimport[22m | Saving...[39m[0m
[92m[ DONE ][39m [1mimport[22m
[0m
[  41% ] [90m[1mreimport[22m | Roof_Front_Brick4_Half_R.gltf[39m[0m
[   0% ] [90m[1mimport[22m | Started Import Scene (104 steps)[39m[0m
[   0% ] [90m[1mimport[22m | Importing Scene...[39m[0m
[   1% ] [90m[1mimport[22m | Running Custom Script...[39m[0m
[  99% ] [90m[1mimport[22m | Saving...[39m[0m
[92m[ DONE ][39m [1mimport[22m
[0m
[  42% ] [90m[1mreimport[22m | Roof_Front_Brick4_Half_R.fbx[39m[0m
[   0% ] [90m[1mimport[22m | Started Import Scene (104 steps)[39m[0m
[   0% ] [90m[1mimport[22m | Importing Scene...[39m[0m
[   1% ] [90m[1mimport[22m | Running Custom Script...[39m[0m
[  99% ] [90m[1mimport[22m | Saving...[39m[0m
[92m[ DONE ][39m [1mimport[22m
[0m
[  42% ] [90m[1mreimport[22m | Roof_Front_Brick4_Half_L.gltf[39m[0m
[   0% ] [90m[1mimport[22m | Started Import Scene (104 steps)[39m[0m
[   0% ] [90m[1mimport[22m | Importing Scene...[39m[0m
[   1% ] [90m[1mimport[22m | Running Custom Script...[39m[0m
[  99% ] [90m[1mimport[22m | Saving...[39m[0m
[92m[ DONE ][39m [1mimport[22m
[0m
[  42% ] [90m[1mreimport[22m | Roof_Front_Brick4_Half_L.fbx[39m[0m
[   0% ] [90m[1mimport[22m | Started Import Scene (104 steps)[39m[0m
[   0% ] [90m[1mimport[22m | Importing Scene...[39m[0m
[   1% ] [90m[1mimport[22m | Running Custom Script...[39m[0m
[  99% ] [90m[1mimport[22m | Saving...[39m[0m
[92m[ DONE ][39m [1mimport[22m
[0m
[  42% ] [90m[1mreimport[22m | Roof_Front_Brick4.gltf[39m[0m
[   0% ] [90m[1mimport[22m | Started Import Scene (104 steps)[39m[0m
[   0% ] [90m[1mimport[22m | Importing Scene...[39m[0m
[   1% ] [90m[1mimport[22m | Running Custom Script...[39m[0m
[  99% ] [90m[1mimport[22m | Saving...[39m[0m
[92m[ DONE ][39m [1mimport[22m
[0m
[  42% ] [90m[1mreimport[22m | Roof_Front_Brick4.fbx[39m[0m
[   0% ] [90m[1mimport[22m | Started Import Scene (104 steps)[39m[0m
[   0% ] [90m[1mimport[22m | Importing Scene...[39m[0m
[   1% ] [90m[1mimport[22m | Running Custom Script...[39m[0m
[  99% ] [90m[1mimport[22m | Saving...[39m[0m
[92m[ DONE ][39m [1mimport[22m
[0m
[  42% ] [90m[1mreimport[22m | Roof_Front_Brick2.gltf[39m[0m
[   0% ] [90m[1mimport[22m | Started Import Scene (104 steps)[39m[0m
[   0% ] [90m[1mimport[22m | Importing Scene...[39m[0m
[   1% ] [90m[1mimport[22m | Running Custom Script...[39m[0m
[  99% ] [90m[1mimport[22m | Saving...[39m[0m
[92m[ DONE ][39m [1mimport[22m
[0m
[  42% ] [90m[1mreimport[22m | Roof_Front_Brick2.fbx[39m[0m
[   0% ] [90m[1mimport[22m | Started Import Scene (104 steps)[39m[0m
[   0% ] [90m[1mimport[22m | Importing Scene...[39m[0m
[   1% ] [90m[1mimport[22m | Running Custom Script...[39m[0m
[  99% ] [90m[1mimport[22m | Saving...[39m[0m
[92m[ DONE ][39m [1mimport[22m
[0m
[  42% ] [90m[1mreimport[22m | Roof_FrontSupports.gltf[39m[0m
[   0% ] [90m[1mimport[22m | Started Import Scene (104 steps)[39m[0m
[   0% ] [90m[1mimport[22m | Importing Scene...[39m[0m
[   1% ] [90m[1mimport[22m | Running Custom Script...[39m[0m
[  99% ] [90m[1mimport[22m | Saving...[39m[0m
[92m[ DONE ][39m [1mimport[22m
[0m
[  42% ] [90m[1mreimport[22m | Roof_FrontSupports.fbx[39m[0m
[   0% ] [90m[1mimport[22m | Started Import Scene (104 steps)[39m[0m
[   0% ] [90m[1mimport[22m | Importing Scene...[39m[0m
[   1% ] [90m[1mimport[22m | Running Custom Script...[39m[0m
[  99% ] [90m[1mimport[22m | Saving...[39m[0m
[92m[ DONE ][39m [1mimport[22m
[0m
[  42% ] [90m[1mreimport[22m | Roof_Dormer_RoundTile.gltf[39m[0m
[   0% ] [90m[1mimport[22m | Started Import Scene (104 steps)[39m[0m
[   0% ] [90m[1mimport[22m | Importing Scene...[39m[0m
[   1% ] [90m[1mimport[22m | Running Custom Script...[39m[0m
[  99% ] [90m[1mimport[22m | Saving...[39m[0m
[92m[ DONE ][39m [1mimport[22m
[0m
[  42% ] [90m[1mreimport[22m | Roof_Dormer_RoundTile.fbx[39m[0m
[   0% ] [90m[1mimport[22m | Started Import Scene (104 steps)[39m[0m
[   0% ] [90m[1mimport[22m | Importing Scene...[39m[0m
[   1% ] [90m[1mimport[22m | Running Custom Script...[39m[0m
[  99% ] [90m[1mimport[22m | Saving...[39m[0m
[92m[ DONE ][39m [1mimport[22m
[0m
[  42% ] [90m[1mreimport[22m | Roof_2x4_RoundTile.gltf[39m[0m
[   0% ] [90m[1mimport[22m | Started Import Scene (104 steps)[39m[0m
[   0% ] [90m[1mimport[22m | Importing Scene...[39m[0m
[   1% ] [90m[1mimport[22m | Running Custom Script...[39m[0m
[  99% ] [90m[1mimport[22m | Saving...[39m[0m
[92m[ DONE ][39m [1mimport[22m
[0m
[  43% ] [90m[1mreimport[22m | Roof_2x4_RoundTile.fbx[39m[0m
[   0% ] [90m[1mimport[22m | Started Import Scene (104 steps)[39m[0m
[   0% ] [90m[1mimport[22m | Importing Scene...[39m[0m
[   1% ] [90m[1mimport[22m | Running Custom Script...[39m[0m
[  99% ] [90m[1mimport[22m | Saving...[39m[0m
[92m[ DONE ][39m [1mimport[22m
[0m
[  43% ] [90m[1mreimport[22m | rock_single_E.gltf[39m[0m
[   0% ] [90m[1mimport[22m | Started Import Scene (104 steps)[39m[0m
[   0% ] [90m[1mimport[22m | Importing Scene...[39m[0m
[   1% ] [90m[1mimport[22m | Running Custom Script...[39m[0m
[  99% ] [90m[1mimport[22m | Saving...[39m[0m
[92m[ DONE ][39m [1mimport[22m
[0m
[  43% ] [90m[1mreimport[22m | rock_single_D.gltf[39m[0m
[   0% ] [90m[1mimport[22m | Started Import Scene (104 steps)[39m[0m
[   0% ] [90m[1mimport[22m | Importing Scene...[39m[0m
[   1% ] [90m[1mimport[22m | Running Custom Script...[39m[0m
[  99% ] [90m[1mimport[22m | Saving...[39m[0m
[92m[ DONE ][39m [1mimport[22m
[0m
[  43% ] [90m[1mreimport[22m | rock_single_C.gltf[39m[0m
[   0% ] [90m[1mimport[22m | Started Import Scene (104 steps)[39m[0m
[   0% ] [90m[1mimport[22m | Importing Scene...[39m[0m
[   1% ] [90m[1mimport[22m | Running Custom Script...[39m[0m
[  99% ] [90m[1mimport[22m | Saving...[39m[0m
[92m[ DONE ][39m [1mimport[22m
[0m
[  43% ] [90m[1mreimport[22m | Roof_RoundTiles_4x4.gltf[39m[0m
[   0% ] [90m[1mimport[22m | Started Import Scene (104 steps)[39m[0m
[   0% ] [90m[1mimport[22m | Importing Scene...[39m[0m
[   1% ] [90m[1mimport[22m | Running Custom Script...[39m[0m
[  99% ] [90m[1mimport[22m | Saving...[39m[0m
[92m[ DONE ][39m [1mimport[22m
[0m
[  43% ] [90m[1mreimport[22m | Roof_RoundTiles_4x4.fbx[39m[0m
[   0% ] [90m[1mimport[22m | Started Import Scene (104 steps)[39m[0m
[   0% ] [90m[1mimport[22m | Importing Scene...[39m[0m
[   1% ] [90m[1mimport[22m | Running Custom Script...[39m[0m
[  99% ] [90m[1mimport[22m | Saving...[39m[0m
[92m[ DONE ][39m [1mimport[22m
[0m
[  43% ] [90m[1mreimport[22m | Roof_Modular_RoundTiles.gltf[39m[0m
[   0% ] [90m[1mimport[22m | Started Import Scene (104 steps)[39m[0m
[   0% ] [90m[1mimport[22m | Importing Scene...[39m[0m
[   1% ] [90m[1mimport[22m | Running Custom Script...[39m[0m
[  99% ] [90m[1mimport[22m | Saving...[39m[0m
[92m[ DONE ][39m [1mimport[22m
[0m
[  43% ] [90m[1mreimport[22m | Roof_Modular_RoundTiles.fbx[39m[0m
[   0% ] [90m[1mimport[22m | Started Import Scene (104 steps)[39m[0m
[   0% ] [90m[1mimport[22m | Importing Scene...[39m[0m
[   1% ] [90m[1mimport[22m | Running Custom Script...[39m[0m
[  99% ] [90m[1mimport[22m | Saving...[39m[0m
[92m[ DONE ][39m [1mimport[22m
[0m
[  43% ] [90m[1mreimport[22m | Roof_Log.gltf[39m[0m
[   0% ] [90m[1mimport[22m | Started Import Scene (104 steps)[39m[0m
[   0% ] [90m[1mimport[22m | Importing Scene...[39m[0m
[   1% ] [90m[1mimport[22m | Running Custom Script...[39m[0m
[  99% ] [90m[1mimport[22m | Saving...[39m[0m
[92m[ DONE ][39m [1mimport[22m
[0m
[  43% ] [90m[1mreimport[22m | Roof_Log.fbx[39m[0m
[   0% ] [90m[1mimport[22m | Started Import Scene (104 steps)[39m[0m
[   0% ] [90m[1mimport[22m | Importing Scene...[39m[0m
[   1% ] [90m[1mimport[22m | Running Custom Script...[39m[0m
[  99% ] [90m[1mimport[22m | Saving...[39m[0m
[92m[ DONE ][39m [1mimport[22m
[0m
[  43% ] [90m[1mreimport[22m | Roof_Front_Brick8_Half_R.gltf[39m[0m
[   0% ] [90m[1mimport[22m | Started Import Scene (104 steps)[39m[0m
[   0% ] [90m[1mimport[22m | Importing Scene...[39m[0m
[   1% ] [90m[1mimport[22m | Running Custom Script...[39m[0m
[  99% ] [90m[1mimport[22m | Saving...[39m[0m
[92m[ DONE ][39m [1mimport[22m
[0m
[  43% ] [90m[1mreimport[22m | Roof_Front_Brick8_Half_R.fbx[39m[0m
[   0% ] [90m[1mimport[22m | Started Import Scene (104 steps)[39m[0m
[   0% ] [90m[1mimport[22m | Importing Scene...[39m[0m
[   1% ] [90m[1mimport[22m | Running Custom Script...[39m[0m
[  99% ] [90m[1mimport[22m | Saving...[39m[0m
[92m[ DONE ][39m [1mimport[22m
[0m
[  44% ] [90m[1mreimport[22m | Roof_Front_Brick8_Half_L.gltf[39m[0m
[   0% ] [90m[1mimport[22m | Started Import Scene (104 steps)[39m[0m
[   0% ] [90m[1mimport[22m | Importing Scene...[39m[0m
[   1% ] [90m[1mimport[22m | Running Custom Script...[39m[0m
[  99% ] [90m[1mimport[22m | Saving...[39m[0m
[92m[ DONE ][39m [1mimport[22m
[0m
[  44% ] [90m[1mreimport[22m | Roof_Front_Brick8_Half_L.fbx[39m[0m
[   0% ] [90m[1mimport[22m | Started Import Scene (104 steps)[39m[0m
[   0% ] [90m[1mimport[22m | Importing Scene...[39m[0m
[   1% ] [90m[1mimport[22m | Running Custom Script...[39m[0m
[  99% ] [90m[1mimport[22m | Saving...[39m[0m
[92m[ DONE ][39m [1mimport[22m
[0m
[  44% ] [90m[1mreimport[22m | Roof_Front_Brick8.gltf[39m[0m
[   0% ] [90m[1mimport[22m | Started Import Scene (104 steps)[39m[0m
[   0% ] [90m[1mimport[22m | Importing Scene...[39m[0m
[   1% ] [90m[1mimport[22m | Running Custom Script...[39m[0m
[  99% ] [90m[1mimport[22m | Saving...[39m[0m
[92m[ DONE ][39m [1mimport[22m
[0m
[  44% ] [90m[1mreimport[22m | Roof_Front_Brick8.fbx[39m[0m
[   0% ] [90m[1mimport[22m | Started Import Scene (104 steps)[39m[0m
[   0% ] [90m[1mimport[22m | Importing Scene...[39m[0m
[   1% ] [90m[1mimport[22m | Running Custom Script...[39m[0m
[  99% ] [90m[1mimport[22m | Saving...[39m[0m
[92m[ DONE ][39m [1mimport[22m
[0m
[  44% ] [90m[1mreimport[22m | Roof_Front_Brick6_Half_R.gltf[39m[0m
[   0% ] [90m[1mimport[22m | Started Import Scene (104 steps)[39m[0m
[   0% ] [90m[1mimport[22m | Importing Scene...[39m[0m
[   1% ] [90m[1mimport[22m | Running Custom Script...[39m[0m
[  99% ] [90m[1mimport[22m | Saving...[39m[0m
[92m[ DONE ][39m [1mimport[22m
[0m
[  44% ] [90m[1mreimport[22m | Roof_Front_Brick6_Half_R.fbx[39m[0m
[   0% ] [90m[1mimport[22m | Started Import Scene (104 steps)[39m[0m
[   0% ] [90m[1mimport[22m | Importing Scene...[39m[0m
[   1% ] [90m[1mimport[22m | Running Custom Script...[39m[0m
[  99% ] [90m[1mimport[22m | Saving...[39m[0m
[92m[ DONE ][39m [1mimport[22m
[0m
[  44% ] [90m[1mreimport[22m | Roof_Front_Brick6_Half_L.gltf[39m[0m
[   0% ] [90m[1mimport[22m | Started Import Scene (104 steps)[39m[0m
[   0% ] [90m[1mimport[22m | Importing Scene...[39m[0m
[   1% ] [90m[1mimport[22m | Running Custom Script...[39m[0m
[  99% ] [90m[1mimport[22m | Saving...[39m[0m
[92m[ DONE ][39m [1mimport[22m
[0m
[  44% ] [90m[1mreimport[22m | Roof_Front_Brick6_Half_L.fbx[39m[0m
[   0% ] [90m[1mimport[22m | Started Import Scene (104 steps)[39m[0m
[   0% ] [90m[1mimport[22m | Importing Scene...[39m[0m
[   1% ] [90m[1mimport[22m | Running Custom Script...[39m[0m
[  99% ] [90m[1mimport[22m | Saving...[39m[0m
[92m[ DONE ][39m [1mimport[22m
[0m
[  44% ] [90m[1mreimport[22m | Roof_Front_Brick6.gltf[39m[0m
[   0% ] [90m[1mimport[22m | Started Import Scene (104 steps)[39m[0m
[   0% ] [90m[1mimport[22m | Importing Scene...[39m[0m
[   1% ] [90m[1mimport[22m | Running Custom Script...[39m[0m
[  99% ] [90m[1mimport[22m | Saving...[39m[0m
[92m[ DONE ][39m [1mimport[22m
[0m
[  44% ] [90m[1mreimport[22m | Roof_Front_Brick6.fbx[39m[0m
[   0% ] [90m[1mimport[22m | Started Import Scene (104 steps)[39m[0m
[   0% ] [90m[1mimport[22m | Importing Scene...[39m[0m
[   1% ] [90m[1mimport[22m | Running Custom Script...[39m[0m
[  99% ] [90m[1mimport[22m | Saving...[39m[0m
[92m[ DONE ][39m [1mimport[22m
[0m
[  44% ] [90m[1mreimport[22m | Prop_Vine9.gltf[39m[0m
[   0% ] [90m[1mimport[22m | Started Import Scene (104 steps)[39m[0m
[   0% ] [90m[1mimport[22m | Importing Scene...[39m[0m
[   1% ] [90m[1mimport[22m | Running Custom Script...[39m[0m
[  99% ] [90m[1mimport[22m | Saving...[39m[0m
[92m[ DONE ][39m [1mimport[22m
[0m
[  44% ] [90m[1mreimport[22m | Prop_Vine9.fbx[39m[0m
[   0% ] [90m[1mimport[22m | Started Import Scene (104 steps)[39m[0m
[   0% ] [90m[1mimport[22m | Importing Scene...[39m[0m
[   1% ] [90m[1mimport[22m | Running Custom Script...[39m[0m
[  99% ] [90m[1mimport[22m | Saving...[39m[0m
[92m[ DONE ][39m [1mimport[22m
[0m
[  44% ] [90m[1mreimport[22m | Prop_Vine6.gltf[39m[0m
[   0% ] [90m[1mimport[22m | Started Import Scene (104 steps)[39m[0m
[   0% ] [90m[1mimport[22m | Importing Scene...[39m[0m
[   1% ] [90m[1mimport[22m | Running Custom Script...[39m[0m
[  99% ] [90m[1mimport[22m | Saving...[39m[0m
[92m[ DONE ][39m [1mimport[22m
[0m
[  45% ] [90m[1mreimport[22m | Prop_Vine6.fbx[39m[0m
[   0% ] [90m[1mimport[22m | Started Import Scene (104 steps)[39m[0m
[   0% ] [90m[1mimport[22m | Importing Scene...[39m[0m
[   1% ] [90m[1mimport[22m | Running Custom Script...[39m[0m
[  99% ] [90m[1mimport[22m | Saving...[39m[0m
[92m[ DONE ][39m [1mimport[22m
[0m
[  45% ] [90m[1mreimport[22m | Prop_Vine5.gltf[39m[0m
[   0% ] [90m[1mimport[22m | Started Import Scene (104 steps)[39m[0m
[   0% ] [90m[1mimport[22m | Importing Scene...[39m[0m
[   1% ] [90m[1mimport[22m | Running Custom Script...[39m[0m
[  99% ] [90m[1mimport[22m | Saving...[39m[0m
[92m[ DONE ][39m [1mimport[22m
[0m
[  45% ] [90m[1mreimport[22m | Prop_Vine5.fbx[39m[0m
[   0% ] [90m[1mimport[22m | Started Import Scene (104 steps)[39m[0m
[   0% ] [90m[1mimport[22m | Importing Scene...[39m[0m
[   1% ] [90m[1mimport[22m | Running Custom Script...[39m[0m
[  99% ] [90m[1mimport[22m | Saving...[39m[0m
[92m[ DONE ][39m [1mimport[22m
[0m
[  45% ] [90m[1mreimport[22m | Prop_Vine4.gltf[39m[0m
[   0% ] [90m[1mimport[22m | Started Import Scene (104 steps)[39m[0m
[   0% ] [90m[1mimport[22m | Importing Scene...[39m[0m
[   1% ] [90m[1mimport[22m | Running Custom Script...[39m[0m
[  99% ] [90m[1mimport[22m | Saving...[39m[0m
[92m[ DONE ][39m [1mimport[22m
[0m
[  45% ] [90m[1mreimport[22m | Prop_Vine4.fbx[39m[0m
[   0% ] [90m[1mimport[22m | Started Import Scene (104 steps)[39m[0m
[   0% ] [90m[1mimport[22m | Importing Scene...[39m[0m
[   1% ] [90m[1mimport[22m | Running Custom Script...[39m[0m
[  99% ] [90m[1mimport[22m | Saving...[39m[0m
[92m[ DONE ][39m [1mimport[22m
[0m
[  45% ] [90m[1mreimport[22m | Prop_Vine2.gltf[39m[0m
[   0% ] [90m[1mimport[22m | Started Import Scene (104 steps)[39m[0m
[   0% ] [90m[1mimport[22m | Importing Scene...[39m[0m
[   1% ] [90m[1mimport[22m | Running Custom Script...[39m[0m
[  99% ] [90m[1mimport[22m | Saving...[39m[0m
[92m[ DONE ][39m [1mimport[22m
[0m
[  45% ] [90m[1mreimport[22m | Prop_Vine2.fbx[39m[0m
[   0% ] [90m[1mimport[22m | Started Import Scene (104 steps)[39m[0m
[   0% ] [90m[1mimport[22m | Importing Scene...[39m[0m
[   1% ] [90m[1mimport[22m | Running Custom Script...[39m[0m
[  99% ] [90m[1mimport[22m | Saving...[39m[0m
[92m[ DONE ][39m [1mimport[22m
[0m
[  45% ] [90m[1mreimport[22m | Prop_Vine1.gltf[39m[0m
[   0% ] [90m[1mimport[22m | Started Import Scene (104 steps)[39m[0m
[   0% ] [90m[1mimport[22m | Importing Scene...[39m[0m
[   1% ] [90m[1mimport[22m | Running Custom Script...[39m[0m
[  99% ] [90m[1mimport[22m | Saving...[39m[0m
[92m[ DONE ][39m [1mimport[22m
[0m
[  45% ] [90m[1mreimport[22m | Prop_Vine1.fbx[39m[0m
[   0% ] [90m[1mimport[22m | Started Import Scene (104 steps)[39m[0m
[   0% ] [90m[1mimport[22m | Importing Scene...[39m[0m
[   1% ] [90m[1mimport[22m | Running Custom Script...[39m[0m
[  99% ] [90m[1mimport[22m | Saving...[39m[0m
[92m[ DONE ][39m [1mimport[22m
[0m
[  45% ] [90m[1mreimport[22m | Prop_Support.gltf[39m[0m
[   0% ] [90m[1mimport[22m | Started Import Scene (104 steps)[39m[0m
[   0% ] [90m[1mimport[22m | Importing Scene...[39m[0m
[   1% ] [90m[1mimport[22m | Running Custom Script...[39m[0m
[  99% ] [90m[1mimport[22m | Saving...[39m[0m
[92m[ DONE ][39m [1mimport[22m
[0m
[  45% ] [90m[1mreimport[22m | Prop_Support.fbx[39m[0m
[   0% ] [90m[1mimport[22m | Started Import Scene (104 steps)[39m[0m
[   0% ] [90m[1mimport[22m | Importing Scene...[39m[0m
[   1% ] [90m[1mimport[22m | Running Custom Script...[39m[0m
[  99% ] [90m[1mimport[22m | Saving...[39m[0m
[92m[ DONE ][39m [1mimport[22m
[0m
[  45% ] [90m[1mreimport[22m | Prop_MetalFence_Simple.gltf[39m[0m
[   0% ] [90m[1mimport[22m | Started Import Scene (104 steps)[39m[0m
[   0% ] [90m[1mimport[22m | Importing Scene...[39m[0m
[   1% ] [90m[1mimport[22m | Running Custom Script...[39m[0m
[  99% ] [90m[1mimport[22m | Saving...[39m[0m
[92m[ DONE ][39m [1mimport[22m
[0m
[  46% ] [90m[1mreimport[22m | Prop_MetalFence_Simple.fbx[39m[0m
[   0% ] [90m[1mimport[22m | Started Import Scene (104 steps)[39m[0m
[   0% ] [90m[1mimport[22m | Importing Scene...[39m[0m
[   1% ] [90m[1mimport[22m | Running Custom Script...[39m[0m
[  99% ] [90m[1mimport[22m | Saving...[39m[0m
[92m[ DONE ][39m [1mimport[22m
[0m
[  46% ] [90m[1mreimport[22m | Prop_MetalFence_Ornament.gltf[39m[0m
[   0% ] [90m[1mimport[22m | Started Import Scene (104 steps)[39m[0m
[   0% ] [90m[1mimport[22m | Importing Scene...[39m[0m
[   1% ] [90m[1mimport[22m | Running Custom Script...[39m[0m
[  99% ] [90m[1mimport[22m | Saving...[39m[0m
[92m[ DONE ][39m [1mimport[22m
[0m
[  46% ] [90m[1mreimport[22m | rock_single_B.gltf[39m[0m
[   0% ] [90m[1mimport[22m | Started Import Scene (104 steps)[39m[0m
[   0% ] [90m[1mimport[22m | Importing Scene...[39m[0m
[   1% ] [90m[1mimport[22m | Running Custom Script...[39m[0m
[  99% ] [90m[1mimport[22m | Saving...[39m[0m
[92m[ DONE ][39m [1mimport[22m
[0m
[  46% ] [90m[1mreimport[22m | rock_single_A.gltf[39m[0m
[   0% ] [90m[1mimport[22m | Started Import Scene (104 steps)[39m[0m
[   0% ] [90m[1mimport[22m | Importing Scene...[39m[0m
[   1% ] [90m[1mimport[22m | Running Custom Script...[39m[0m
[  99% ] [90m[1mimport[22m | Saving...[39m[0m
[92m[ DONE ][39m [1mimport[22m
[0m
[  46% ] [90m[1mreimport[22m | road_tsplit.gltf[39m[0m
[   0% ] [90m[1mimport[22m | Started Import Scene (104 steps)[39m[0m
[   0% ] [90m[1mimport[22m | Importing Scene...[39m[0m
[   1% ] [90m[1mimport[22m | Running Custom Script...[39m[0m
[  99% ] [90m[1mimport[22m | Saving...[39m[0m
[92m[ DONE ][39m [1mimport[22m
[0m
[  46% ] [90m[1mreimport[22m | road_straight_crossing.gltf[39m[0m
[   0% ] [90m[1mimport[22m | Started Import Scene (104 steps)[39m[0m
[   0% ] [90m[1mimport[22m | Importing Scene...[39m[0m
[   1% ] [90m[1mimport[22m | Running Custom Script...[39m[0m
[  99% ] [90m[1mimport[22m | Saving...[39m[0m
[92m[ DONE ][39m [1mimport[22m
[0m
[  46% ] [90m[1mreimport[22m | road_straight.gltf[39m[0m
[   0% ] [90m[1mimport[22m | Started Import Scene (104 steps)[39m[0m
[   0% ] [90m[1mimport[22m | Importing Scene...[39m[0m
[   1% ] [90m[1mimport[22m | Running Custom Script...[39m[0m
[  99% ] [90m[1mimport[22m | Saving...[39m[0m
[92m[ DONE ][39m [1mimport[22m
[0m
[  46% ] [90m[1mreimport[22m | road_junction.gltf[39m[0m
[   0% ] [90m[1mimport[22m | Started Import Scene (104 steps)[39m[0m
[   0% ] [90m[1mimport[22m | Importing Scene...[39m[0m
[   1% ] [90m[1mimport[22m | Running Custom Script...[39m[0m
[  99% ] [90m[1mimport[22m | Saving...[39m[0m
[92m[ DONE ][39m [1mimport[22m
[0m
[  46% ] [90m[1mreimport[22m | road_corner_curved.gltf[39m[0m
[   0% ] [90m[1mimport[22m | Started Import Scene (104 steps)[39m[0m
[   0% ] [90m[1mimport[22m | Importing Scene...[39m[0m
[   1% ] [90m[1mimport[22m | Running Custom Script...[39m[0m
[  99% ] [90m[1mimport[22m | Saving...[39m[0m
[92m[ DONE ][39m [1mimport[22m
[0m
[  46% ] [90m[1mreimport[22m | road_corner.gltf[39m[0m
[   0% ] [90m[1mimport[22m | Started Import Scene (104 steps)[39m[0m
[   0% ] [90m[1mimport[22m | Importing Scene...[39m[0m
[   1% ] [90m[1mimport[22m | Running Custom Script...[39m[0m
[  99% ] [90m[1mimport[22m | Saving...[39m[0m
[92m[ DONE ][39m [1mimport[22m
[0m
[  46% ] [90m[1mreimport[22m | resource_stone.gltf[39m[0m
[   0% ] [90m[1mimport[22m | Started Import Scene (104 steps)[39m[0m
[   0% ] [90m[1mimport[22m | Importing Scene...[39m[0m
[   1% ] [90m[1mimport[22m | Running Custom Script...[39m[0m
[  99% ] [90m[1mimport[22m | Saving...[39m[0m
[92m[ DONE ][39m [1mimport[22m
[0m
[  46% ] [90m[1mreimport[22m | resource_lumber.gltf[39m[0m
[   0% ] [90m[1mimport[22m | Started Import Scene (104 steps)[39m[0m
[   0% ] [90m[1mimport[22m | Importing Scene...[39m[0m
[   1% ] [90m[1mimport[22m | Running Custom Script...[39m[0m
[  99% ] [90m[1mimport[22m | Saving...[39m[0m
[92m[ DONE ][39m [1mimport[22m
[0m
[  47% ] [90m[1mreimport[22m | Prop_WoodenFence_Single.gltf[39m[0m
[   0% ] [90m[1mimport[22m | Started Import Scene (104 steps)[39m[0m
[   0% ] [90m[1mimport[22m | Importing Scene...[39m[0m
[   1% ] [90m[1mimport[22m | Running Custom Script...[39m[0m
[  99% ] [90m[1mimport[22m | Saving...[39m[0m
[92m[ DONE ][39m [1mimport[22m
[0m
[  47% ] [90m[1mreimport[22m | Prop_WoodenFence_Single.fbx[39m[0m
[   0% ] [90m[1mimport[22m | Started Import Scene (104 steps)[39m[0m
[   0% ] [90m[1mimport[22m | Importing Scene...[39m[0m
[   1% ] [90m[1mimport[22m | Running Custom Script...[39m[0m
[  99% ] [90m[1mimport[22m | Saving...[39m[0m
[92m[ DONE ][39m [1mimport[22m
[0m
[  47% ] [90m[1mreimport[22m | Prop_WoodenFence_Extension2.gltf[39m[0m
[   0% ] [90m[1mimport[22m | Started Import Scene (104 steps)[39m[0m
[   0% ] [90m[1mimport[22m | Importing Scene...[39m[0m
[   1% ] [90m[1mimport[22m | Running Custom Script...[39m[0m
[  99% ] [90m[1mimport[22m | Saving...[39m[0m
[92m[ DONE ][39m [1mimport[22m
[0m
[  47% ] [90m[1mreimport[22m | Prop_WoodenFence_Extension2.fbx[39m[0m
[   0% ] [90m[1mimport[22m | Started Import Scene (104 steps)[39m[0m
[   0% ] [90m[1mimport[22m | Importing Scene...[39m[0m
[   1% ] [90m[1mimport[22m | Running Custom Script...[39m[0m
[  99% ] [90m[1mimport[22m | Saving...[39m[0m
[92m[ DONE ][39m [1mimport[22m
[0m
[  47% ] [90m[1mreimport[22m | Prop_WoodenFence_Extension1.gltf[39m[0m
[   0% ] [90m[1mimport[22m | Started Import Scene (104 steps)[39m[0m
[   0% ] [90m[1mimport[22m | Importing Scene...[39m[0m
[   1% ] [90m[1mimport[22m | Running Custom Script...[39m[0m
[  99% ] [90m[1mimport[22m | Saving...[39m[0m
[92m[ DONE ][39m [1mimport[22m
[0m
[  47% ] [90m[1mreimport[22m | Prop_WoodenFence_Extension1.fbx[39m[0m
[   0% ] [90m[1mimport[22m | Started Import Scene (104 steps)[39m[0m
[   0% ] [90m[1mimport[22m | Importing Scene...[39m[0m
[   1% ] [90m[1mimport[22m | Running Custom Script...[39m[0m
[  99% ] [90m[1mimport[22m | Saving...[39m[0m
[92m[ DONE ][39m [1mimport[22m
[0m
[  47% ] [90m[1mreimport[22m | Prop_Wagon.gltf[39m[0m
[   0% ] [90m[1mimport[22m | Started Import Scene (104 steps)[39m[0m
[   0% ] [90m[1mimport[22m | Importing Scene...[39m[0m
[   1% ] [90m[1mimport[22m | Running Custom Script...[39m[0m
[  99% ] [90m[1mimport[22m | Saving...[39m[0m
[92m[ DONE ][39m [1mimport[22m
[0m
[  47% ] [90m[1mreimport[22m | Prop_Wagon.fbx[39m[0m
[   0% ] [90m[1mimport[22m | Started Import Scene (104 steps)[39m[0m
[   0% ] [90m[1mimport[22m | Importing Scene...[39m[0m
[   1% ] [90m[1mimport[22m | Running Custom Script...[39m[0m
[  99% ] [90m[1mimport[22m | Saving...[39m[0m
[92m[ DONE ][39m [1mimport[22m
[0m
[  47% ] [90m[1mreimport[22m | Stairs_Exterior_Platform45Clean.gltf[39m[0m
[   0% ] [90m[1mimport[22m | Started Import Scene (104 steps)[39m[0m
[   0% ] [90m[1mimport[22m | Importing Scene...[39m[0m
[   1% ] [90m[1mimport[22m | Running Custom Script...[39m[0m
[  99% ] [90m[1mimport[22m | Saving...[39m[0m
[92m[ DONE ][39m [1mimport[22m
[0m
[  47% ] [90m[1mreimport[22m | Stairs_Exterior_Platform45Clean.fbx[39m[0m
[   0% ] [90m[1mimport[22m | Started Import Scene (104 steps)[39m[0m
[   0% ] [90m[1mimport[22m | Importing Scene...[39m[0m
[   1% ] [90m[1mimport[22m | Running Custom Script...[39m[0m
[  99% ] [90m[1mimport[22m | Saving...[39m[0m
[92m[ DONE ][39m [1mimport[22m
[0m
[  47% ] [90m[1mreimport[22m | Stairs_Exterior_Platform45.gltf[39m[0m
[   0% ] [90m[1mimport[22m | Started Import Scene (104 steps)[39m[0m
[   0% ] [90m[1mimport[22m | Importing Scene...[39m[0m
[   1% ] [90m[1mimport[22m | Running Custom Script...[39m[0m
[  99% ] [90m[1mimport[22m | Saving...[39m[0m
[92m[ DONE ][39m [1mimport[22m
[0m
[  47% ] [90m[1mreimport[22m | Stairs_Exterior_Platform45.fbx[39m[0m
[   0% ] [90m[1mimport[22m | Started Import Scene (104 steps)[39m[0m
[   0% ] [90m[1mimport[22m | Importing Scene...[39m[0m
[   1% ] [90m[1mimport[22m | Running Custom Script...[39m[0m
[  99% ] [90m[1mimport[22m | Saving...[39m[0m
[92m[ DONE ][39m [1mimport[22m
[0m
[  47% ] [90m[1mreimport[22m | Stairs_Exterior_NoFirstStep.gltf[39m[0m
[   0% ] [90m[1mimport[22m | Started Import Scene (104 steps)[39m[0m
[   0% ] [90m[1mimport[22m | Importing Scene...[39m[0m
[   1% ] [90m[1mimport[22m | Running Custom Script...[39m[0m
[  99% ] [90m[1mimport[22m | Saving...[39m[0m
[92m[ DONE ][39m [1mimport[22m
[0m
[  48% ] [90m[1mreimport[22m | Stairs_Exterior_NoFirstStep.fbx[39m[0m
[   0% ] [90m[1mimport[22m | Started Import Scene (104 steps)[39m[0m
[   0% ] [90m[1mimport[22m | Importing Scene...[39m[0m
[   1% ] [90m[1mimport[22m | Running Custom Script...[39m[0m
[  99% ] [90m[1mimport[22m | Saving...[39m[0m
[92m[ DONE ][39m [1mimport[22m
[0m
[  48% ] [90m[1mreimport[22m | sack.gltf[39m[0m
[   0% ] [90m[1mimport[22m | Started Import Scene (104 steps)[39m[0m
[   0% ] [90m[1mimport[22m | Importing Scene...[39m[0m
[   1% ] [90m[1mimport[22m | Running Custom Script...[39m[0m
[  99% ] [90m[1mimport[22m | Saving...[39m[0m
[92m[ DONE ][39m [1mimport[22m
[0m
[  48% ] [90m[1mreimport[22m | Roof_Wooden_2x1_R.gltf[39m[0m
[   0% ] [90m[1mimport[22m | Started Import Scene (104 steps)[39m[0m
[   0% ] [90m[1mimport[22m | Importing Scene...[39m[0m
[   1% ] [90m[1mimport[22m | Running Custom Script...[39m[0m
[  99% ] [90m[1mimport[22m | Saving...[39m[0m
[92m[ DONE ][39m [1mimport[22m
[0m
[  48% ] [90m[1mreimport[22m | Roof_Wooden_2x1_R.fbx[39m[0m
[   0% ] [90m[1mimport[22m | Started Import Scene (104 steps)[39m[0m
[   0% ] [90m[1mimport[22m | Importing Scene...[39m[0m
[   1% ] [90m[1mimport[22m | Running Custom Script...[39m[0m
[  99% ] [90m[1mimport[22m | Saving...[39m[0m
[92m[ DONE ][39m [1mimport[22m
[0m
[  48% ] [90m[1mreimport[22m | Roof_Wooden_2x1_Middle.gltf[39m[0m
[   0% ] [90m[1mimport[22m | Started Import Scene (104 steps)[39m[0m
[   0% ] [90m[1mimport[22m | Importing Scene...[39m[0m
[   1% ] [90m[1mimport[22m | Running Custom Script...[39m[0m
[  99% ] [90m[1mimport[22m | Saving...[39m[0m
[92m[ DONE ][39m [1mimport[22m
[0m
[  48% ] [90m[1mreimport[22m | Roof_Wooden_2x1_Middle.fbx[39m[0m
[   0% ] [90m[1mimport[22m | Started Import Scene (104 steps)[39m[0m
[   0% ] [90m[1mimport[22m | Importing Scene...[39m[0m
[   1% ] [90m[1mimport[22m | Running Custom Script...[39m[0m
[  99% ] [90m[1mimport[22m | Saving...[39m[0m
[92m[ DONE ][39m [1mimport[22m
[0m
[  48% ] [90m[1mreimport[22m | Roof_Wooden_2x1_L.gltf[39m[0m
[   0% ] [90m[1mimport[22m | Started Import Scene (104 steps)[39m[0m
[   0% ] [90m[1mimport[22m | Importing Scene...[39m[0m
[   1% ] [90m[1mimport[22m | Running Custom Script...[39m[0m
[  99% ] [90m[1mimport[22m | Saving...[39m[0m
[92m[ DONE ][39m [1mimport[22m
[0m
[  48% ] [90m[1mreimport[22m | Roof_Wooden_2x1_L.fbx[39m[0m
[   0% ] [90m[1mimport[22m | Started Import Scene (104 steps)[39m[0m
[   0% ] [90m[1mimport[22m | Importing Scene...[39m[0m
[   1% ] [90m[1mimport[22m | Running Custom Script...[39m[0m
[  99% ] [90m[1mimport[22m | Saving...[39m[0m
[92m[ DONE ][39m [1mimport[22m
[0m
[  48% ] [90m[1mreimport[22m | Roof_Wooden_2x1_Corner.gltf[39m[0m
[   0% ] [90m[1mimport[22m | Started Import Scene (104 steps)[39m[0m
[   0% ] [90m[1mimport[22m | Importing Scene...[39m[0m
[   1% ] [90m[1mimport[22m | Running Custom Script...[39m[0m
[  99% ] [90m[1mimport[22m | Saving...[39m[0m
[92m[ DONE ][39m [1mimport[22m
[0m
[  48% ] [90m[1mreimport[22m | Roof_Wooden_2x1_Corner.fbx[39m[0m
[   0% ] [90m[1mimport[22m | Started Import Scene (104 steps)[39m[0m
[   0% ] [90m[1mimport[22m | Importing Scene...[39m[0m
[   1% ] [90m[1mimport[22m | Running Custom Script...[39m[0m
[  99% ] [90m[1mimport[22m | Saving...[39m[0m
[92m[ DONE ][39m [1mimport[22m
[0m
[  48% ] [90m[1mreimport[22m | Roof_Wooden_2x1_Center_Mirror.gltf[39m[0m
[   0% ] [90m[1mimport[22m | Started Import Scene (104 steps)[39m[0m
[   0% ] [90m[1mimport[22m | Importing Scene...[39m[0m
[   1% ] [90m[1mimport[22m | Running Custom Script...[39m[0m
[  99% ] [90m[1mimport[22m | Saving...[39m[0m
[92m[ DONE ][39m [1mimport[22m
[0m
[  48% ] [90m[1mreimport[22m | Roof_Wooden_2x1_Center_Mirror.fbx[39m[0m
[   0% ] [90m[1mimport[22m | Started Import Scene (104 steps)[39m[0m
[   0% ] [90m[1mimport[22m | Importing Scene...[39m[0m
[   1% ] [90m[1mimport[22m | Running Custom Script...[39m[0m
[  99% ] [90m[1mimport[22m | Saving...[39m[0m
[92m[ DONE ][39m [1mimport[22m
[0m
[  49% ] [90m[1mreimport[22m | Stairs_Exterior_Straight.gltf[39m[0m
[   0% ] [90m[1mimport[22m | Started Import Scene (104 steps)[39m[0m
[   0% ] [90m[1mimport[22m | Importing Scene...[39m[0m
[   1% ] [90m[1mimport[22m | Running Custom Script...[39m[0m
[  99% ] [90m[1mimport[22m | Saving...[39m[0m
[92m[ DONE ][39m [1mimport[22m
[0m
[  49% ] [90m[1mreimport[22m | Stairs_Exterior_Straight.fbx[39m[0m
[   0% ] [90m[1mimport[22m | Started Import Scene (104 steps)[39m[0m
[   0% ] [90m[1mimport[22m | Importing Scene...[39m[0m
[   1% ] [90m[1mimport[22m | Running Custom Script...[39m[0m
[  99% ] [90m[1mimport[22m | Saving...[39m[0m
[92m[ DONE ][39m [1mimport[22m
[0m
[  49% ] [90m[1mreimport[22m | Stairs_Exterior_SingleSideThick.gltf[39m[0m
[   0% ] [90m[1mimport[22m | Started Import Scene (104 steps)[39m[0m
[   0% ] [90m[1mimport[22m | Importing Scene...[39m[0m
[   1% ] [90m[1mimport[22m | Running Custom Script...[39m[0m
[  99% ] [90m[1mimport[22m | Saving...[39m[0m
[92m[ DONE ][39m [1mimport[22m
[0m
[  49% ] [90m[1mreimport[22m | Stairs_Exterior_SingleSideThick.fbx[39m[0m
[   0% ] [90m[1mimport[22m | Started Import Scene (104 steps)[39m[0m
[   0% ] [90m[1mimport[22m | Importing Scene...[39m[0m
[   1% ] [90m[1mimport[22m | Running Custom Script...[39m[0m
[  99% ] [90m[1mimport[22m | Saving...[39m[0m
[92m[ DONE ][39m [1mimport[22m
[0m
[  49% ] [90m[1mreimport[22m | Stairs_Exterior_SingleSide.gltf[39m[0m
[   0% ] [90m[1mimport[22m | Started Import Scene (104 steps)[39m[0m
[   0% ] [90m[1mimport[22m | Importing Scene...[39m[0m
[   1% ] [90m[1mimport[22m | Running Custom Script...[39m[0m
[  99% ] [90m[1mimport[22m | Saving...[39m[0m
[92m[ DONE ][39m [1mimport[22m
[0m
[  49% ] [90m[1mreimport[22m | Stairs_Exterior_SingleSide.fbx[39m[0m
[   0% ] [90m[1mimport[22m | Started Import Scene (104 steps)[39m[0m
[   0% ] [90m[1mimport[22m | Importing Scene...[39m[0m
[   1% ] [90m[1mimport[22m | Running Custom Script...[39m[0m
[  99% ] [90m[1mimport[22m | Saving...[39m[0m
[92m[ DONE ][39m [1mimport[22m
[0m
[  49% ] [90m[1mreimport[22m | Stairs_Exterior_SidesU.gltf[39m[0m
[   0% ] [90m[1mimport[22m | Started Import Scene (104 steps)[39m[0m
[   0% ] [90m[1mimport[22m | Importing Scene...[39m[0m
[   1% ] [90m[1mimport[22m | Running Custom Script...[39m[0m
[  99% ] [90m[1mimport[22m | Saving...[39m[0m
[92m[ DONE ][39m [1mimport[22m
[0m
[  49% ] [90m[1mreimport[22m | Stairs_Exterior_SidesU.fbx[39m[0m
[   0% ] [90m[1mimport[22m | Started Import Scene (104 steps)[39m[0m
[   0% ] [90m[1mimport[22m | Importing Scene...[39m[0m
[   1% ] [90m[1mimport[22m | Running Custom Script...[39m[0m
[  99% ] [90m[1mimport[22m | Saving...[39m[0m
[92m[ DONE ][39m [1mimport[22m
[0m
[  49% ] [90m[1mreimport[22m | Stairs_Exterior_Sides.gltf[39m[0m
[   0% ] [90m[1mimport[22m | Started Import Scene (104 steps)[39m[0m
[   0% ] [90m[1mimport[22m | Importing Scene...[39m[0m
[   1% ] [90m[1mimport[22m | Running Custom Script...[39m[0m
[  99% ] [90m[1mimport[22m | Saving...[39m[0m
[92m[ DONE ][39m [1mimport[22m
[0m
[  49% ] [90m[1mreimport[22m | Stairs_Exterior_Sides.fbx[39m[0m
[   0% ] [90m[1mimport[22m | Started Import Scene (104 steps)[39m[0m
[   0% ] [90m[1mimport[22m | Importing Scene...[39m[0m
[   1% ] [90m[1mimport[22m | Running Custom Script...[39m[0m
[  99% ] [90m[1mimport[22m | Saving...[39m[0m
[92m[ DONE ][39m [1mimport[22m
[0m
[  49% ] [90m[1mreimport[22m | Stairs_Exterior_Sides45.gltf[39m[0m
[   0% ] [90m[1mimport[22m | Started Import Scene (104 steps)[39m[0m
[   0% ] [90m[1mimport[22m | Importing Scene...[39m[0m
[   1% ] [90m[1mimport[22m | Running Custom Script...[39m[0m
[  99% ] [90m[1mimport[22m | Saving...[39m[0m
[92m[ DONE ][39m [1mimport[22m
[0m
[  49% ] [90m[1mreimport[22m | Stairs_Exterior_Sides45.fbx[39m[0m
[   0% ] [90m[1mimport[22m | Started Import Scene (104 steps)[39m[0m
[   0% ] [90m[1mimport[22m | Importing Scene...[39m[0m
[   1% ] [90m[1mimport[22m | Running Custom Script...[39m[0m
[  99% ] [90m[1mimport[22m | Saving...[39m[0m
[92m[ DONE ][39m [1mimport[22m
[0m
[  50% ] [90m[1mreimport[22m | Stairs_Exterior_SidePlatform.gltf[39m[0m
[   0% ] [90m[1mimport[22m | Started Import Scene (104 steps)[39m[0m
[   0% ] [90m[1mimport[22m | Importing Scene...[39m[0m
[   1% ] [90m[1mimport[22m | Running Custom Script...[39m[0m
[  99% ] [90m[1mimport[22m | Saving...[39m[0m
[92m[ DONE ][39m [1mimport[22m
[0m
[  50% ] [90m[1mreimport[22m | Stairs_Exterior_SidePlatform.fbx[39m[0m
[   0% ] [90m[1mimport[22m | Started Import Scene (104 steps)[39m[0m
[   0% ] [90m[1mimport[22m | Importing Scene...[39m[0m
[   1% ] [90m[1mimport[22m | Running Custom Script...[39m[0m
[  99% ] [90m[1mimport[22m | Saving...[39m[0m
[92m[ DONE ][39m [1mimport[22m
[0m
[  50% ] [90m[1mreimport[22m | Stairs_Exterior_PlatformU.gltf[39m[0m
[   0% ] [90m[1mimport[22m | Started Import Scene (104 steps)[39m[0m
[   0% ] [90m[1mimport[22m | Importing Scene...[39m[0m
[   1% ] [90m[1mimport[22m | Running Custom Script...[39m[0m
[  99% ] [90m[1mimport[22m | Saving...[39m[0m
[92m[ DONE ][39m [1mimport[22m
[0m
[  50% ] [90m[1mreimport[22m | Stairs_Exterior_PlatformU.fbx[39m[0m
[   0% ] [90m[1mimport[22m | Started Import Scene (104 steps)[39m[0m
[   0% ] [90m[1mimport[22m | Importing Scene...[39m[0m
[   1% ] [90m[1mimport[22m | Running Custom Script...[39m[0m
[  99% ] [90m[1mimport[22m | Saving...[39m[0m
[92m[ DONE ][39m [1mimport[22m
[0m
[  50% ] [90m[1mreimport[22m | Stairs_Exterior_Platform.gltf[39m[0m
[   0% ] [90m[1mimport[22m | Started Import Scene (104 steps)[39m[0m
[   0% ] [90m[1mimport[22m | Importing Scene...[39m[0m
[   1% ] [90m[1mimport[22m | Running Custom Script...[39m[0m
[  99% ] [90m[1mimport[22m | Saving...[39m[0m
[92m[ DONE ][39m [1mimport[22m
[0m
[  50% ] [90m[1mreimport[22m | Stairs_Exterior_Platform.fbx[39m[0m
[   0% ] [90m[1mimport[22m | Started Import Scene (104 steps)[39m[0m
[   0% ] [90m[1mimport[22m | Importing Scene...[39m[0m
[   1% ] [90m[1mimport[22m | Running Custom Script...[39m[0m
[  99% ] [90m[1mimport[22m | Saving...[39m[0m
[92m[ DONE ][39m [1mimport[22m
[0m
[  50% ] [90m[1mreimport[22m | Roof_RoundTiles_8x8.gltf[39m[0m
[   0% ] [90m[1mimport[22m | Started Import Scene (104 steps)[39m[0m
[   0% ] [90m[1mimport[22m | Importing Scene...[39m[0m
[   1% ] [90m[1mimport[22m | Running Custom Script...[39m[0m
[  99% ] [90m[1mimport[22m | Saving...[39m[0m
[92m[ DONE ][39m [1mimport[22m
[0m
[  50% ] [90m[1mreimport[22m | Roof_RoundTiles_8x8.fbx[39m[0m
[   0% ] [90m[1mimport[22m | Started Import Scene (104 steps)[39m[0m
[   0% ] [90m[1mimport[22m | Importing Scene...[39m[0m
[   1% ] [90m[1mimport[22m | Running Custom Script...[39m[0m
[  99% ] [90m[1mimport[22m | Saving...[39m[0m
[92m[ DONE ][39m [1mimport[22m
[0m
[  50% ] [90m[1mreimport[22m | Roof_RoundTiles_6x14.gltf[39m[0m
[   0% ] [90m[1mimport[22m | Started Import Scene (104 steps)[39m[0m
[   0% ] [90m[1mimport[22m | Importing Scene...[39m[0m
[   1% ] [90m[1mimport[22m | Running Custom Script...[39m[0m
[  99% ] [90m[1mimport[22m | Saving...[39m[0m
[92m[ DONE ][39m [1mimport[22m
[0m
[  50% ] [90m[1mreimport[22m | Roof_RoundTiles_6x14.fbx[39m[0m
[   0% ] [90m[1mimport[22m | Started Import Scene (104 steps)[39m[0m
[   0% ] [90m[1mimport[22m | Importing Scene...[39m[0m
[   1% ] [90m[1mimport[22m | Running Custom Script...[39m[0m
[  99% ] [90m[1mimport[22m | Saving...[39m[0m
[92m[ DONE ][39m [1mimport[22m
[0m
[  50% ] [90m[1mreimport[22m | Roof_RoundTiles_6x12.gltf[39m[0m
[   0% ] [90m[1mimport[22m | Started Import Scene (104 steps)[39m[0m
[   0% ] [90m[1mimport[22m | Importing Scene...[39m[0m
[   1% ] [90m[1mimport[22m | Running Custom Script...[39m[0m
[  99% ] [90m[1mimport[22m | Saving...[39m[0m
[92m[ DONE ][39m [1mimport[22m
[0m
[  50% ] [90m[1mreimport[22m | Roof_RoundTiles_6x12.fbx[39m[0m
[   0% ] [90m[1mimport[22m | Started Import Scene (104 steps)[39m[0m
[   0% ] [90m[1mimport[22m | Importing Scene...[39m[0m
[   1% ] [90m[1mimport[22m | Running Custom Script...[39m[0m
[  99% ] [90m[1mimport[22m | Saving...[39m[0m
[92m[ DONE ][39m [1mimport[22m
[0m
[  50% ] [90m[1mreimport[22m | Roof_RoundTiles_6x10.gltf[39m[0m
[   0% ] [90m[1mimport[22m | Started Import Scene (104 steps)[39m[0m
[   0% ] [90m[1mimport[22m | Importing Scene...[39m[0m
[   1% ] [90m[1mimport[22m | Running Custom Script...[39m[0m
[  99% ] [90m[1mimport[22m | Saving...[39m[0m
[92m[ DONE ][39m [1mimport[22m
[0m
[  51% ] [90m[1mreimport[22m | Roof_RoundTiles_6x10.fbx[39m[0m
[   0% ] [90m[1mimport[22m | Started Import Scene (104 steps)[39m[0m
[   0% ] [90m[1mimport[22m | Importing Scene...[39m[0m
[   1% ] [90m[1mimport[22m | Running Custom Script...[39m[0m
[  99% ] [90m[1mimport[22m | Saving...[39m[0m
[92m[ DONE ][39m [1mimport[22m
[0m
[  51% ] [90m[1mreimport[22m | Roof_RoundTiles_6x8.gltf[39m[0m
[   0% ] [90m[1mimport[22m | Started Import Scene (104 steps)[39m[0m
[   0% ] [90m[1mimport[22m | Importing Scene...[39m[0m
[   1% ] [90m[1mimport[22m | Running Custom Script...[39m[0m
[  99% ] [90m[1mimport[22m | Saving...[39m[0m
[92m[ DONE ][39m [1mimport[22m
[0m
[  51% ] [90m[1mreimport[22m | Roof_RoundTiles_6x8.fbx[39m[0m
[   0% ] [90m[1mimport[22m | Started Import Scene (104 steps)[39m[0m
[   0% ] [90m[1mimport[22m | Importing Scene...[39m[0m
[   1% ] [90m[1mimport[22m | Running Custom Script...[39m[0m
[  99% ] [90m[1mimport[22m | Saving...[39m[0m
[92m[ DONE ][39m [1mimport[22m
[0m
[  51% ] [90m[1mreimport[22m | Roof_RoundTiles_6x6.gltf[39m[0m
[   0% ] [90m[1mimport[22m | Started Import Scene (104 steps)[39m[0m
[   0% ] [90m[1mimport[22m | Importing Scene...[39m[0m
[   1% ] [90m[1mimport[22m | Running Custom Script...[39m[0m
[  99% ] [90m[1mimport[22m | Saving...[39m[0m
[92m[ DONE ][39m [1mimport[22m
[0m
[  51% ] [90m[1mreimport[22m | Roof_RoundTiles_6x6.fbx[39m[0m
[   0% ] [90m[1mimport[22m | Started Import Scene (104 steps)[39m[0m
[   0% ] [90m[1mimport[22m | Importing Scene...[39m[0m
[   1% ] [90m[1mimport[22m | Running Custom Script...[39m[0m
[  99% ] [90m[1mimport[22m | Saving...[39m[0m
[92m[ DONE ][39m [1mimport[22m
[0m
[  51% ] [90m[1mreimport[22m | Roof_RoundTiles_6x4.gltf[39m[0m
[   0% ] [90m[1mimport[22m | Started Import Scene (104 steps)[39m[0m
[   0% ] [90m[1mimport[22m | Importing Scene...[39m[0m
[   1% ] [90m[1mimport[22m | Running Custom Script...[39m[0m
[  99% ] [90m[1mimport[22m | Saving...[39m[0m
[92m[ DONE ][39m [1mimport[22m
[0m
[  51% ] [90m[1mreimport[22m | Roof_RoundTiles_6x4.fbx[39m[0m
[   0% ] [90m[1mimport[22m | Started Import Scene (104 steps)[39m[0m
[   0% ] [90m[1mimport[22m | Importing Scene...[39m[0m
[   1% ] [90m[1mimport[22m | Running Custom Script...[39m[0m
[  99% ] [90m[1mimport[22m | Saving...[39m[0m
[92m[ DONE ][39m [1mimport[22m
[0m
[  51% ] [90m[1mreimport[22m | Roof_RoundTiles_4x8.gltf[39m[0m
[   0% ] [90m[1mimport[22m | Started Import Scene (104 steps)[39m[0m
[   0% ] [90m[1mimport[22m | Importing Scene...[39m[0m
[   1% ] [90m[1mimport[22m | Running Custom Script...[39m[0m
[  99% ] [90m[1mimport[22m | Saving...[39m[0m
[92m[ DONE ][39m [1mimport[22m
[0m
[  51% ] [90m[1mreimport[22m | Roof_RoundTiles_4x8.fbx[39m[0m
[   0% ] [90m[1mimport[22m | Started Import Scene (104 steps)[39m[0m
[   0% ] [90m[1mimport[22m | Importing Scene...[39m[0m
[   1% ] [90m[1mimport[22m | Running Custom Script...[39m[0m
[  99% ] [90m[1mimport[22m | Saving...[39m[0m
[92m[ DONE ][39m [1mimport[22m
[0m
[  51% ] [90m[1mreimport[22m | Roof_RoundTiles_4x6.gltf[39m[0m
[   0% ] [90m[1mimport[22m | Started Import Scene (104 steps)[39m[0m
[   0% ] [90m[1mimport[22m | Importing Scene...[39m[0m
[   1% ] [90m[1mimport[22m | Running Custom Script...[39m[0m
[  99% ] [90m[1mimport[22m | Saving...[39m[0m
[92m[ DONE ][39m [1mimport[22m
[0m
[  51% ] [90m[1mreimport[22m | Roof_RoundTiles_4x6.fbx[39m[0m
[   0% ] [90m[1mimport[22m | Started Import Scene (104 steps)[39m[0m
[   0% ] [90m[1mimport[22m | Importing Scene...[39m[0m
[   1% ] [90m[1mimport[22m | Running Custom Script...[39m[0m
[  99% ] [90m[1mimport[22m | Saving...[39m[0m
[92m[ DONE ][39m [1mimport[22m
[0m
[  51% ] [90m[1mreimport[22m | Roof_Wooden_2x1_Center.gltf[39m[0m
[   0% ] [90m[1mimport[22m | Started Import Scene (104 steps)[39m[0m
[   0% ] [90m[1mimport[22m | Importing Scene...[39m[0m
[   1% ] [90m[1mimport[22m | Running Custom Script...[39m[0m
[  99% ] [90m[1mimport[22m | Saving...[39m[0m
[92m[ DONE ][39m [1mimport[22m
[0m
[  52% ] [90m[1mreimport[22m | Roof_Wooden_2x1_Center.fbx[39m[0m
[   0% ] [90m[1mimport[22m | Started Import Scene (104 steps)[39m[0m
[   0% ] [90m[1mimport[22m | Importing Scene...[39m[0m
[   1% ] [90m[1mimport[22m | Running Custom Script...[39m[0m
[  99% ] [90m[1mimport[22m | Saving...[39m[0m
[92m[ DONE ][39m [1mimport[22m
[0m
[  52% ] [90m[1mreimport[22m | Roof_Wooden_2x1.gltf[39m[0m
[   0% ] [90m[1mimport[22m | Started Import Scene (104 steps)[39m[0m
[   0% ] [90m[1mimport[22m | Importing Scene...[39m[0m
[   1% ] [90m[1mimport[22m | Running Custom Script...[39m[0m
[  99% ] [90m[1mimport[22m | Saving...[39m[0m
[92m[ DONE ][39m [1mimport[22m
[0m
[  52% ] [90m[1mreimport[22m | Roof_Wooden_2x1.fbx[39m[0m
[   0% ] [90m[1mimport[22m | Started Import Scene (104 steps)[39m[0m
[   0% ] [90m[1mimport[22m | Importing Scene...[39m[0m
[   1% ] [90m[1mimport[22m | Running Custom Script...[39m[0m
[  99% ] [90m[1mimport[22m | Saving...[39m[0m
[92m[ DONE ][39m [1mimport[22m
[0m
[  52% ] [90m[1mreimport[22m | Roof_Tower_RoundTiles.gltf[39m[0m
[   0% ] [90m[1mimport[22m | Started Import Scene (104 steps)[39m[0m
[   0% ] [90m[1mimport[22m | Importing Scene...[39m[0m
[   1% ] [90m[1mimport[22m | Running Custom Script...[39m[0m
[  99% ] [90m[1mimport[22m | Saving...[39m[0m
[92m[ DONE ][39m [1mimport[22m
[0m
[  52% ] [90m[1mreimport[22m | Roof_Tower_RoundTiles.fbx[39m[0m
[   0% ] [90m[1mimport[22m | Started Import Scene (104 steps)[39m[0m
[   0% ] [90m[1mimport[22m | Importing Scene...[39m[0m
[   1% ] [90m[1mimport[22m | Running Custom Script...[39m[0m
[  99% ] [90m[1mimport[22m | Saving...[39m[0m
[92m[ DONE ][39m [1mimport[22m
[0m
[  52% ] [90m[1mreimport[22m | Roof_Support2.gltf[39m[0m
[   0% ] [90m[1mimport[22m | Started Import Scene (104 steps)[39m[0m
[   0% ] [90m[1mimport[22m | Importing Scene...[39m[0m
[   1% ] [90m[1mimport[22m | Running Custom Script...[39m[0m
[  99% ] [90m[1mimport[22m | Saving...[39m[0m
[92m[ DONE ][39m [1mimport[22m
[0m
[  52% ] [90m[1mreimport[22m | Roof_Support2.fbx[39m[0m
[   0% ] [90m[1mimport[22m | Started Import Scene (104 steps)[39m[0m
[   0% ] [90m[1mimport[22m | Importing Scene...[39m[0m
[   1% ] [90m[1mimport[22m | Running Custom Script...[39m[0m
[  99% ] [90m[1mimport[22m | Saving...[39m[0m
[92m[ DONE ][39m [1mimport[22m
[0m
[  52% ] [90m[1mreimport[22m | Roof_RoundTile_2x1_Long.gltf[39m[0m
[   0% ] [90m[1mimport[22m | Started Import Scene (104 steps)[39m[0m
[   0% ] [90m[1mimport[22m | Importing Scene...[39m[0m
[   1% ] [90m[1mimport[22m | Running Custom Script...[39m[0m
[  99% ] [90m[1mimport[22m | Saving...[39m[0m
[92m[ DONE ][39m [1mimport[22m
[0m
[  52% ] [90m[1mreimport[22m | Roof_RoundTile_2x1_Long.fbx[39m[0m
[   0% ] [90m[1mimport[22m | Started Import Scene (104 steps)[39m[0m
[   0% ] [90m[1mimport[22m | Importing Scene...[39m[0m
[   1% ] [90m[1mimport[22m | Running Custom Script...[39m[0m
[  99% ] [90m[1mimport[22m | Saving...[39m[0m
[92m[ DONE ][39m [1mimport[22m
[0m
[  52% ] [90m[1mreimport[22m | Roof_RoundTile_2x1.gltf[39m[0m
[   0% ] [90m[1mimport[22m | Started Import Scene (104 steps)[39m[0m
[   0% ] [90m[1mimport[22m | Importing Scene...[39m[0m
[   1% ] [90m[1mimport[22m | Running Custom Script...[39m[0m
[  99% ] [90m[1mimport[22m | Saving...[39m[0m
[92m[ DONE ][39m [1mimport[22m
[0m
[  52% ] [90m[1mreimport[22m | Roof_RoundTile_2x1.fbx[39m[0m
[   0% ] [90m[1mimport[22m | Started Import Scene (104 steps)[39m[0m
[   0% ] [90m[1mimport[22m | Importing Scene...[39m[0m
[   1% ] [90m[1mimport[22m | Running Custom Script...[39m[0m
[  99% ] [90m[1mimport[22m | Saving...[39m[0m
[92m[ DONE ][39m [1mimport[22m
[0m
[  52% ] [90m[1mreimport[22m | Roof_RoundTiles_8x14.gltf[39m[0m
[   0% ] [90m[1mimport[22m | Started Import Scene (104 steps)[39m[0m
[   0% ] [90m[1mimport[22m | Importing Scene...[39m[0m
[   1% ] [90m[1mimport[22m | Running Custom Script...[39m[0m
[  99% ] [90m[1mimport[22m | Saving...[39m[0m
[92m[ DONE ][39m [1mimport[22m
[0m
[  52% ] [90m[1mreimport[22m | Roof_RoundTiles_8x14.fbx[39m[0m
[   0% ] [90m[1mimport[22m | Started Import Scene (104 steps)[39m[0m
[   0% ] [90m[1mimport[22m | Importing Scene...[39m[0m
[   1% ] [90m[1mimport[22m | Running Custom Script...[39m[0m
[  99% ] [90m[1mimport[22m | Saving...[39m[0m
[92m[ DONE ][39m [1mimport[22m
[0m
[  53% ] [90m[1mreimport[22m | Roof_RoundTiles_8x12.gltf[39m[0m
[   0% ] [90m[1mimport[22m | Started Import Scene (104 steps)[39m[0m
[   0% ] [90m[1mimport[22m | Importing Scene...[39m[0m
[   1% ] [90m[1mimport[22m | Running Custom Script...[39m[0m
[  99% ] [90m[1mimport[22m | Saving...[39m[0m
[92m[ DONE ][39m [1mimport[22m
[0m
[  53% ] [90m[1mreimport[22m | Roof_RoundTiles_8x12.fbx[39m[0m
[   0% ] [90m[1mimport[22m | Started Import Scene (104 steps)[39m[0m
[   0% ] [90m[1mimport[22m | Importing Scene...[39m[0m
[   1% ] [90m[1mimport[22m | Running Custom Script...[39m[0m
[  99% ] [90m[1mimport[22m | Saving...[39m[0m
[92m[ DONE ][39m [1mimport[22m
[0m
[  53% ] [90m[1mreimport[22m | Roof_RoundTiles_8x10.gltf[39m[0m
[   0% ] [90m[1mimport[22m | Started Import Scene (104 steps)[39m[0m
[   0% ] [90m[1mimport[22m | Importing Scene...[39m[0m
[   1% ] [90m[1mimport[22m | Running Custom Script...[39m[0m
[  99% ] [90m[1mimport[22m | Saving...[39m[0m
[92m[ DONE ][39m [1mimport[22m
[0m
[  53% ] [90m[1mreimport[22m | Roof_RoundTiles_8x10.fbx[39m[0m
[   0% ] [90m[1mimport[22m | Started Import Scene (104 steps)[39m[0m
[   0% ] [90m[1mimport[22m | Importing Scene...[39m[0m
[   1% ] [90m[1mimport[22m | Running Custom Script...[39m[0m
[  99% ] [90m[1mimport[22m | Saving...[39m[0m
[92m[ DONE ][39m [1mimport[22m
[0m
[  53% ] [90m[1mreimport[22m | Potion11_Empty.fbx[39m[0m
[   0% ] [90m[1mimport[22m | Started Import Scene (104 steps)[39m[0m
[   0% ] [90m[1mimport[22m | Importing Scene...[39m[0m
[   1% ] [90m[1mimport[22m | Running Custom Script...[39m[0m
[  99% ] [90m[1mimport[22m | Saving...[39m[0m
[92m[ DONE ][39m [1mimport[22m
[0m
[  53% ] [90m[1mreimport[22m | Potion10_Filled.fbx[39m[0m
[   0% ] [90m[1mimport[22m | Started Import Scene (104 steps)[39m[0m
[   0% ] [90m[1mimport[22m | Importing Scene...[39m[0m
[   1% ] [90m[1mimport[22m | Running Custom Script...[39m[0m
[  99% ] [90m[1mimport[22m | Saving...[39m[0m
[92m[ DONE ][39m [1mimport[22m
[0m
[  53% ] [90m[1mreimport[22m | Potion10_Empty.fbx[39m[0m
[   0% ] [90m[1mimport[22m | Started Import Scene (104 steps)[39m[0m
[   0% ] [90m[1mimport[22m | Importing Scene...[39m[0m
[   1% ] [90m[1mimport[22m | Running Custom Script...[39m[0m
[  99% ] [90m[1mimport[22m | Saving...[39m[0m
[92m[ DONE ][39m [1mimport[22m
[0m
[  53% ] [90m[1mreimport[22m | Potion9_Filled.fbx[39m[0m
[   0% ] [90m[1mimport[22m | Started Import Scene (104 steps)[39m[0m
[   0% ] [90m[1mimport[22m | Importing Scene...[39m[0m
[   1% ] [90m[1mimport[22m | Running Custom Script...[39m[0m
[  99% ] [90m[1mimport[22m | Saving...[39m[0m
[92m[ DONE ][39m [1mimport[22m
[0m
[  53% ] [90m[1mreimport[22m | Potion9_Empty.fbx[39m[0m
[   0% ] [90m[1mimport[22m | Started Import Scene (104 steps)[39m[0m
[   0% ] [90m[1mimport[22m | Importing Scene...[39m[0m
[   1% ] [90m[1mimport[22m | Running Custom Script...[39m[0m
[  99% ] [90m[1mimport[22m | Saving...[39m[0m
[92m[ DONE ][39m [1mimport[22m
[0m
[  53% ] [90m[1mreimport[22m | Potion8_Filled.fbx[39m[0m
[   0% ] [90m[1mimport[22m | Started Import Scene (104 steps)[39m[0m
[   0% ] [90m[1mimport[22m | Importing Scene...[39m[0m
[   1% ] [90m[1mimport[22m | Running Custom Script...[39m[0m
[  99% ] [90m[1mimport[22m | Saving...[39m[0m
[92m[ DONE ][39m [1mimport[22m
[0m
[  53% ] [90m[1mreimport[22m | Potion8_Empty.fbx[39m[0m
[   0% ] [90m[1mimport[22m | Started Import Scene (104 steps)[39m[0m
[   0% ] [90m[1mimport[22m | Importing Scene...[39m[0m
[   1% ] [90m[1mimport[22m | Running Custom Script...[39m[0m
[  99% ] [90m[1mimport[22m | Saving...[39m[0m
[92m[ DONE ][39m [1mimport[22m
[0m
[  53% ] [90m[1mreimport[22m | Potion7_Filled.fbx[39m[0m
[   0% ] [90m[1mimport[22m | Started Import Scene (104 steps)[39m[0m
[   0% ] [90m[1mimport[22m | Importing Scene...[39m[0m
[   1% ] [90m[1mimport[22m | Running Custom Script...[39m[0m
[  99% ] [90m[1mimport[22m | Saving...[39m[0m
[92m[ DONE ][39m [1mimport[22m
[0m
[  54% ] [90m[1mreimport[22m | Potion7_Empty.fbx[39m[0m
[   0% ] [90m[1mimport[22m | Started Import Scene (104 steps)[39m[0m
[   0% ] [90m[1mimport[22m | Importing Scene...[39m[0m
[   1% ] [90m[1mimport[22m | Running Custom Script...[39m[0m
[  99% ] [90m[1mimport[22m | Saving...[39m[0m
[92m[ DONE ][39m [1mimport[22m
[0m
[  54% ] [90m[1mreimport[22m | Potion6_Filled.fbx[39m[0m
[   0% ] [90m[1mimport[22m | Started Import Scene (104 steps)[39m[0m
[   0% ] [90m[1mimport[22m | Importing Scene...[39m[0m
[   1% ] [90m[1mimport[22m | Running Custom Script...[39m[0m
[  99% ] [90m[1mimport[22m | Saving...[39m[0m
[92m[ DONE ][39m [1mimport[22m
[0m
[  54% ] [90m[1mreimport[22m | Potion6_Empty.fbx[39m[0m
[   0% ] [90m[1mimport[22m | Started Import Scene (104 steps)[39m[0m
[   0% ] [90m[1mimport[22m | Importing Scene...[39m[0m
[   1% ] [90m[1mimport[22m | Running Custom Script...[39m[0m
[  99% ] [90m[1mimport[22m | Saving...[39m[0m
[92m[ DONE ][39m [1mimport[22m
[0m
[  54% ] [90m[1mreimport[22m | Potion5_Filled.fbx[39m[0m
[   0% ] [90m[1mimport[22m | Started Import Scene (104 steps)[39m[0m
[   0% ] [90m[1mimport[22m | Importing Scene...[39m[0m
[   1% ] [90m[1mimport[22m | Running Custom Script...[39m[0m
[  99% ] [90m[1mimport[22m | Saving...[39m[0m
[92m[ DONE ][39m [1mimport[22m
[0m
[  54% ] [90m[1mreimport[22m | Potion5_Empty.fbx[39m[0m
[   0% ] [90m[1mimport[22m | Started Import Scene (104 steps)[39m[0m
[   0% ] [90m[1mimport[22m | Importing Scene...[39m[0m
[   1% ] [90m[1mimport[22m | Running Custom Script...[39m[0m
[  99% ] [90m[1mimport[22m | Saving...[39m[0m
[92m[ DONE ][39m [1mimport[22m
[0m
[  54% ] [90m[1mreimport[22m | Potion4_Filled.fbx[39m[0m
[   0% ] [90m[1mimport[22m | Started Import Scene (104 steps)[39m[0m
[   0% ] [90m[1mimport[22m | Importing Scene...[39m[0m
[   1% ] [90m[1mimport[22m | Running Custom Script...[39m[0m
[  99% ] [90m[1mimport[22m | Saving...[39m[0m
[92m[ DONE ][39m [1mimport[22m
[0m
[  54% ] [90m[1mreimport[22m | Potion4_Empty.fbx[39m[0m
[   0% ] [90m[1mimport[22m | Started Import Scene (104 steps)[39m[0m
[   0% ] [90m[1mimport[22m | Importing Scene...[39m[0m
[   1% ] [90m[1mimport[22m | Running Custom Script...[39m[0m
[  99% ] [90m[1mimport[22m | Saving...[39m[0m
[92m[ DONE ][39m [1mimport[22m
[0m
[  54% ] [90m[1mreimport[22m | Potion3_Filled.fbx[39m[0m
[   0% ] [90m[1mimport[22m | Started Import Scene (104 steps)[39m[0m
[   0% ] [90m[1mimport[22m | Importing Scene...[39m[0m
[   1% ] [90m[1mimport[22m | Running Custom Script...[39m[0m
[  99% ] [90m[1mimport[22m | Saving...[39m[0m
[92m[ DONE ][39m [1mimport[22m
[0m
[  54% ] [90m[1mreimport[22m | Potion3_Empty.fbx[39m[0m
[   0% ] [90m[1mimport[22m | Started Import Scene (104 steps)[39m[0m
[   0% ] [90m[1mimport[22m | Importing Scene...[39m[0m
[   1% ] [90m[1mimport[22m | Running Custom Script...[39m[0m
[  99% ] [90m[1mimport[22m | Saving...[39m[0m
[92m[ DONE ][39m [1mimport[22m
[0m
[  54% ] [90m[1mreimport[22m | Sword_big.fbx[39m[0m
[   0% ] [90m[1mimport[22m | Started Import Scene (104 steps)[39m[0m
[   0% ] [90m[1mimport[22m | Importing Scene...[39m[0m
[   1% ] [90m[1mimport[22m | Running Custom Script...[39m[0m
[  99% ] [90m[1mimport[22m | Saving...[39m[0m
[92m[ DONE ][39m [1mimport[22m
[0m
[  54% ] [90m[1mreimport[22m | Sword.fbx[39m[0m
[   0% ] [90m[1mimport[22m | Started Import Scene (104 steps)[39m[0m
[   0% ] [90m[1mimport[22m | Importing Scene...[39m[0m
[   1% ] [90m[1mimport[22m | Running Custom Script...[39m[0m
[  99% ] [90m[1mimport[22m | Saving...[39m[0m
[92m[ DONE ][39m [1mimport[22m
[0m
[  54% ] [90m[1mreimport[22m | Star.fbx[39m[0m
[   0% ] [90m[1mimport[22m | Started Import Scene (104 steps)[39m[0m
[   0% ] [90m[1mimport[22m | Importing Scene...[39m[0m
[   1% ] [90m[1mimport[22m | Running Custom Script...[39m[0m
[  99% ] [90m[1mimport[22m | Saving...[39m[0m
[92m[ DONE ][39m [1mimport[22m
[0m
[  55% ] [90m[1mreimport[22m | Snowflake3.fbx[39m[0m
[   0% ] [90m[1mimport[22m | Started Import Scene (104 steps)[39m[0m
[   0% ] [90m[1mimport[22m | Importing Scene...[39m[0m
[   1% ] [90m[1mimport[22m | Running Custom Script...[39m[0m
[  99% ] [90m[1mimport[22m | Saving...[39m[0m
[92m[ DONE ][39m [1mimport[22m
[0m
[  55% ] [90m[1mreimport[22m | Snowflake2.fbx[39m[0m
[   0% ] [90m[1mimport[22m | Started Import Scene (104 steps)[39m[0m
[   0% ] [90m[1mimport[22m | Importing Scene...[39m[0m
[   1% ] [90m[1mimport[22m | Running Custom Script...[39m[0m
[  99% ] [90m[1mimport[22m | Saving...[39m[0m
[92m[ DONE ][39m [1mimport[22m
[0m
[  55% ] [90m[1mreimport[22m | Snowflake1.fbx[39m[0m
[   0% ] [90m[1mimport[22m | Started Import Scene (104 steps)[39m[0m
[   0% ] [90m[1mimport[22m | Importing Scene...[39m[0m
[   1% ] [90m[1mimport[22m | Running Custom Script...[39m[0m
[  99% ] [90m[1mimport[22m | Saving...[39m[0m
[92m[ DONE ][39m [1mimport[22m
[0m
[  55% ] [90m[1mreimport[22m | Skull.fbx[39m[0m
[   0% ] [90m[1mimport[22m | Started Import Scene (104 steps)[39m[0m
[   0% ] [90m[1mimport[22m | Importing Scene...[39m[0m
[   1% ] [90m[1mimport[22m | Running Custom Script...[39m[0m
[  99% ] [90m[1mimport[22m | Saving...[39m[0m
[92m[ DONE ][39m [1mimport[22m
[0m
[  55% ] [90m[1mreimport[22m | Skull2.fbx[39m[0m
[   0% ] [90m[1mimport[22m | Started Import Scene (104 steps)[39m[0m
[   0% ] [90m[1mimport[22m | Importing Scene...[39m[0m
[   1% ] [90m[1mimport[22m | Running Custom Script...[39m[0m
[  99% ] [90m[1mimport[22m | Saving...[39m[0m
[92m[ DONE ][39m [1mimport[22m
[0m
[  55% ] [90m[1mreimport[22m | Scroll.fbx[39m[0m
[   0% ] [90m[1mimport[22m | Started Import Scene (104 steps)[39m[0m
[   0% ] [90m[1mimport[22m | Importing Scene...[39m[0m
[   1% ] [90m[1mimport[22m | Running Custom Script...[39m[0m
[  99% ] [90m[1mimport[22m | Saving...[39m[0m
[92m[ DONE ][39m [1mimport[22m
[0m
[  55% ] [90m[1mreimport[22m | Ring7.fbx[39m[0m
[   0% ] [90m[1mimport[22m | Started Import Scene (104 steps)[39m[0m
[   0% ] [90m[1mimport[22m | Importing Scene...[39m[0m
[   1% ] [90m[1mimport[22m | Running Custom Script...[39m[0m
[  99% ] [90m[1mimport[22m | Saving...[39m[0m
[92m[ DONE ][39m [1mimport[22m
[0m
[  55% ] [90m[1mreimport[22m | Ring6.fbx[39m[0m
[   0% ] [90m[1mimport[22m | Started Import Scene (104 steps)[39m[0m
[   0% ] [90m[1mimport[22m | Importing Scene...[39m[0m
[   1% ] [90m[1mimport[22m | Running Custom Script...[39m[0m
[  99% ] [90m[1mimport[22m | Saving...[39m[0m
[92m[ DONE ][39m [1mimport[22m
[0m
[  55% ] [90m[1mreimport[22m | Ring5.fbx[39m[0m
[   0% ] [90m[1mimport[22m | Started Import Scene (104 steps)[39m[0m
[   0% ] [90m[1mimport[22m | Importing Scene...[39m[0m
[   1% ] [90m[1mimport[22m | Running Custom Script...[39m[0m
[  99% ] [90m[1mimport[22m | Saving...[39m[0m
[92m[ DONE ][39m [1mimport[22m
[0m
[  55% ] [90m[1mreimport[22m | Ring4.fbx[39m[0m
[   0% ] [90m[1mimport[22m | Started Import Scene (104 steps)[39m[0m
[   0% ] [90m[1mimport[22m | Importing Scene...[39m[0m
[   1% ] [90m[1mimport[22m | Running Custom Script...[39m[0m
[  99% ] [90m[1mimport[22m | Saving...[39m[0m
[92m[ DONE ][39m [1mimport[22m
[0m
[  55% ] [90m[1mreimport[22m | Ring3.fbx[39m[0m
[   0% ] [90m[1mimport[22m | Started Import Scene (104 steps)[39m[0m
[   0% ] [90m[1mimport[22m | Importing Scene...[39m[0m
[   1% ] [90m[1mimport[22m | Running Custom Script...[39m[0m
[  99% ] [90m[1mimport[22m | Saving...[39m[0m
[92m[ DONE ][39m [1mimport[22m
[0m
[  55% ] [90m[1mreimport[22m | Ring2.fbx[39m[0m
[   0% ] [90m[1mimport[22m | Started Import Scene (104 steps)[39m[0m
[   0% ] [90m[1mimport[22m | Importing Scene...[39m[0m
[   1% ] [90m[1mimport[22m | Running Custom Script...[39m[0m
[  99% ] [90m[1mimport[22m | Saving...[39m[0m
[92m[ DONE ][39m [1mimport[22m
[0m
[  55% ] [90m[1mreimport[22m | Ring1.fbx[39m[0m
[   0% ] [90m[1mimport[22m | Started Import Scene (104 steps)[39m[0m
[   0% ] [90m[1mimport[22m | Importing Scene...[39m[0m
[   1% ] [90m[1mimport[22m | Running Custom Script...[39m[0m
[  99% ] [90m[1mimport[22m | Saving...[39m[0m
[92m[ DONE ][39m [1mimport[22m
[0m
[  56% ] [90m[1mreimport[22m | Pouch.fbx[39m[0m
[   0% ] [90m[1mimport[22m | Started Import Scene (104 steps)[39m[0m
[   0% ] [90m[1mimport[22m | Importing Scene...[39m[0m
[   1% ] [90m[1mimport[22m | Running Custom Script...[39m[0m
[  99% ] [90m[1mimport[22m | Saving...[39m[0m
[92m[ DONE ][39m [1mimport[22m
[0m
[  56% ] [90m[1mreimport[22m | Potion11_Filled.fbx[39m[0m
[   0% ] [90m[1mimport[22m | Started Import Scene (104 steps)[39m[0m
[   0% ] [90m[1mimport[22m | Importing Scene...[39m[0m
[   1% ] [90m[1mimport[22m | Running Custom Script...[39m[0m
[  99% ] [90m[1mimport[22m | Saving...[39m[0m
[92m[ DONE ][39m [1mimport[22m
[0m
[  56% ] [90m[1mreimport[22m | Hammer_Double.fbx[39m[0m
[   0% ] [90m[1mimport[22m | Started Import Scene (104 steps)[39m[0m
[   0% ] [90m[1mimport[22m | Importing Scene...[39m[0m
[   1% ] [90m[1mimport[22m | Running Custom Script...[39m[0m
[  99% ] [90m[1mimport[22m | Saving...[39m[0m
[92m[ DONE ][39m [1mimport[22m
[0m
[  56% ] [90m[1mreimport[22m | Gold_Ingots.fbx[39m[0m
[   0% ] [90m[1mimport[22m | Started Import Scene (104 steps)[39m[0m
[   0% ] [90m[1mimport[22m | Importing Scene...[39m[0m
[   1% ] [90m[1mimport[22m | Running Custom Script...[39m[0m
[  99% ] [90m[1mimport[22m | Saving...[39m[0m
[92m[ DONE ][39m [1mimport[22m
[0m
[  56% ] [90m[1mreimport[22m | Glove.fbx[39m[0m
[   0% ] [90m[1mimport[22m | Started Import Scene (104 steps)[39m[0m
[   0% ] [90m[1mimport[22m | Importing Scene...[39m[0m
[   1% ] [90m[1mimport[22m | Running Custom Script...[39m[0m
[  99% ] [90m[1mimport[22m | Saving...[39m[0m
[92m[ DONE ][39m [1mimport[22m
[0m
[  56% ] [90m[1mreimport[22m | FishBone.fbx[39m[0m
[   0% ] [90m[1mimport[22m | Started Import Scene (104 steps)[39m[0m
[   0% ] [90m[1mimport[22m | Importing Scene...[39m[0m
[   1% ] [90m[1mimport[22m | Running Custom Script...[39m[0m
[  99% ] [90m[1mimport[22m | Saving...[39m[0m
[92m[ DONE ][39m [1mimport[22m
[0m
[  56% ] [90m[1mreimport[22m | Dart_Golden.fbx[39m[0m
[   0% ] [90m[1mimport[22m | Started Import Scene (104 steps)[39m[0m
[   0% ] [90m[1mimport[22m | Importing Scene...[39m[0m
[   1% ] [90m[1mimport[22m | Running Custom Script...[39m[0m
[  99% ] [90m[1mimport[22m | Saving...[39m[0m
[92m[ DONE ][39m [1mimport[22m
[0m
[  56% ] [90m[1mreimport[22m | Dart.fbx[39m[0m
[   0% ] [90m[1mimport[22m | Started Import Scene (104 steps)[39m[0m
[   0% ] [90m[1mimport[22m | Importing Scene...[39m[0m
[   1% ] [90m[1mimport[22m | Running Custom Script...[39m[0m
[  99% ] [90m[1mimport[22m | Saving...[39m[0m
[92m[ DONE ][39m [1mimport[22m
[0m
[  56% ] [90m[1mreimport[22m | Dagger_Golden.fbx[39m[0m
[   0% ] [90m[1mimport[22m | Started Import Scene (104 steps)[39m[0m
[   0% ] [90m[1mimport[22m | Importing Scene...[39m[0m
[   1% ] [90m[1mimport[22m | Running Custom Script...[39m[0m
[  99% ] [90m[1mimport[22m | Saving...[39m[0m
[92m[ DONE ][39m [1mimport[22m
[0m
[  56% ] [90m[1mreimport[22m | Dagger.fbx[39m[0m
[   0% ] [90m[1mimport[22m | Started Import Scene (104 steps)[39m[0m
[   0% ] [90m[1mimport[22m | Importing Scene...[39m[0m
[   1% ] [90m[1mimport[22m | Running Custom Script...[39m[0m
[  99% ] [90m[1mimport[22m | Saving...[39m[0m
[92m[ DONE ][39m [1mimport[22m
[0m
[  56% ] [90m[1mreimport[22m | Crystal5_Damaged.fbx[39m[0m
[   0% ] [90m[1mimport[22m | Started Import Scene (104 steps)[39m[0m
[   0% ] [90m[1mimport[22m | Importing Scene...[39m[0m
[   1% ] [90m[1mimport[22m | Running Custom Script...[39m[0m
[  99% ] [90m[1mimport[22m | Saving...[39m[0m
[92m[ DONE ][39m [1mimport[22m
[0m
[  56% ] [90m[1mreimport[22m | Crystal5.fbx[39m[0m
[   0% ] [90m[1mimport[22m | Started Import Scene (104 steps)[39m[0m
[   0% ] [90m[1mimport[22m | Importing Scene...[39m[0m
[   1% ] [90m[1mimport[22m | Running Custom Script...[39m[0m
[  99% ] [90m[1mimport[22m | Saving...[39m[0m
[92m[ DONE ][39m [1mimport[22m
[0m
[  57% ] [90m[1mreimport[22m | Crystal4.fbx[39m[0m
[   0% ] [90m[1mimport[22m | Started Import Scene (104 steps)[39m[0m
[   0% ] [90m[1mimport[22m | Importing Scene...[39m[0m
[   1% ] [90m[1mimport[22m | Running Custom Script...[39m[0m
[  99% ] [90m[1mimport[22m | Saving...[39m[0m
[92m[ DONE ][39m [1mimport[22m
[0m
[  57% ] [90m[1mreimport[22m | Crystal3_Damaged.fbx[39m[0m
[   0% ] [90m[1mimport[22m | Started Import Scene (104 steps)[39m[0m
[   0% ] [90m[1mimport[22m | Importing Scene...[39m[0m
[   1% ] [90m[1mimport[22m | Running Custom Script...[39m[0m
[  99% ] [90m[1mimport[22m | Saving...[39m[0m
[92m[ DONE ][39m [1mimport[22m
[0m
[  57% ] [90m[1mreimport[22m | Crystal3.fbx[39m[0m
[   0% ] [90m[1mimport[22m | Started Import Scene (104 steps)[39m[0m
[   0% ] [90m[1mimport[22m | Importing Scene...[39m[0m
[   1% ] [90m[1mimport[22m | Running Custom Script...[39m[0m
[  99% ] [90m[1mimport[22m | Saving...[39m[0m
[92m[ DONE ][39m [1mimport[22m
[0m
[  57% ] [90m[1mreimport[22m | Crystal2_Damaged.fbx[39m[0m
[   0% ] [90m[1mimport[22m | Started Import Scene (104 steps)[39m[0m
[   0% ] [90m[1mimport[22m | Importing Scene...[39m[0m
[   1% ] [90m[1mimport[22m | Running Custom Script...[39m[0m
[  99% ] [90m[1mimport[22m | Saving...[39m[0m
[92m[ DONE ][39m [1mimport[22m
[0m
[  57% ] [90m[1mreimport[22m | Crystal2.fbx[39m[0m
[   0% ] [90m[1mimport[22m | Started Import Scene (104 steps)[39m[0m
[   0% ] [90m[1mimport[22m | Importing Scene...[39m[0m
[   1% ] [90m[1mimport[22m | Running Custom Script...[39m[0m
[  99% ] [90m[1mimport[22m | Saving...[39m[0m
[92m[ DONE ][39m [1mimport[22m
[0m
[  57% ] [90m[1mreimport[22m | Crystal1_Damaged.fbx[39m[0m
[   0% ] [90m[1mimport[22m | Started Import Scene (104 steps)[39m[0m
[   0% ] [90m[1mimport[22m | Importing Scene...[39m[0m
[   1% ] [90m[1mimport[22m | Running Custom Script...[39m[0m
[  99% ] [90m[1mimport[22m | Saving...[39m[0m
[92m[ DONE ][39m [1mimport[22m
[0m
[  57% ] [90m[1mreimport[22m | Crystal1.fbx[39m[0m
[   0% ] [90m[1mimport[22m | Started Import Scene (104 steps)[39m[0m
[   0% ] [90m[1mimport[22m | Importing Scene...[39m[0m
[   1% ] [90m[1mimport[22m | Running Custom Script...[39m[0m
[  99% ] [90m[1mimport[22m | Saving...[39m[0m
[92m[ DONE ][39m [1mimport[22m
[0m
[  57% ] [90m[1mreimport[22m | Crown.fbx[39m[0m
[   0% ] [90m[1mimport[22m | Started Import Scene (104 steps)[39m[0m
[   0% ] [90m[1mimport[22m | Importing Scene...[39m[0m
[   1% ] [90m[1mimport[22m | Running Custom Script...[39m[0m
[  99% ] [90m[1mimport[22m | Saving...[39m[0m
[92m[ DONE ][39m [1mimport[22m
[0m
[  57% ] [90m[1mreimport[22m | Potion2_Filled.fbx[39m[0m
[   0% ] [90m[1mimport[22m | Started Import Scene (104 steps)[39m[0m
[   0% ] [90m[1mimport[22m | Importing Scene...[39m[0m
[   1% ] [90m[1mimport[22m | Running Custom Script...[39m[0m
[  99% ] [90m[1mimport[22m | Saving...[39m[0m
[92m[ DONE ][39m [1mimport[22m
[0m
[  57% ] [90m[1mreimport[22m | Potion2_Empty.fbx[39m[0m
[   0% ] [90m[1mimport[22m | Started Import Scene (104 steps)[39m[0m
[   0% ] [90m[1mimport[22m | Importing Scene...[39m[0m
[   1% ] [90m[1mimport[22m | Running Custom Script...[39m[0m
[  99% ] [90m[1mimport[22m | Saving...[39m[0m
[92m[ DONE ][39m [1mimport[22m
[0m
[  57% ] [90m[1mreimport[22m | Potion1_Filled.fbx[39m[0m
[   0% ] [90m[1mimport[22m | Started Import Scene (104 steps)[39m[0m
[   0% ] [90m[1mimport[22m | Importing Scene...[39m[0m
[   1% ] [90m[1mimport[22m | Running Custom Script...[39m[0m
[  99% ] [90m[1mimport[22m | Saving...[39m[0m
[92m[ DONE ][39m [1mimport[22m
[0m
[  57% ] [90m[1mreimport[22m | Potion1_Empty.fbx[39m[0m
[   0% ] [90m[1mimport[22m | Started Import Scene (104 steps)[39m[0m
[   0% ] [90m[1mimport[22m | Importing Scene...[39m[0m
[   1% ] [90m[1mimport[22m | Running Custom Script...[39m[0m
[  99% ] [90m[1mimport[22m | Saving...[39m[0m
[92m[ DONE ][39m [1mimport[22m
[0m
[  58% ] [90m[1mreimport[22m | Parchment.fbx[39m[0m
[   0% ] [90m[1mimport[22m | Started Import Scene (104 steps)[39m[0m
[   0% ] [90m[1mimport[22m | Importing Scene...[39m[0m
[   1% ] [90m[1mimport[22m | Running Custom Script...[39m[0m
[  99% ] [90m[1mimport[22m | Saving...[39m[0m
[92m[ DONE ][39m [1mimport[22m
[0m
[  58% ] [90m[1mreimport[22m | Padlock.fbx[39m[0m
[   0% ] [90m[1mimport[22m | Started Import Scene (104 steps)[39m[0m
[   0% ] [90m[1mimport[22m | Importing Scene...[39m[0m
[   1% ] [90m[1mimport[22m | Running Custom Script...[39m[0m
[  99% ] [90m[1mimport[22m | Saving...[39m[0m
[92m[ DONE ][39m [1mimport[22m
[0m
[  58% ] [90m[1mreimport[22m | Necklace3.fbx[39m[0m
[   0% ] [90m[1mimport[22m | Started Import Scene (104 steps)[39m[0m
[   0% ] [90m[1mimport[22m | Importing Scene...[39m[0m
[   1% ] [90m[1mimport[22m | Running Custom Script...[39m[0m
[  99% ] [90m[1mimport[22m | Saving...[39m[0m
[92m[ DONE ][39m [1mimport[22m
[0m
[  58% ] [90m[1mreimport[22m | Necklace2.fbx[39m[0m
[   0% ] [90m[1mimport[22m | Started Import Scene (104 steps)[39m[0m
[   0% ] [90m[1mimport[22m | Importing Scene...[39m[0m
[   1% ] [90m[1mimport[22m | Running Custom Script...[39m[0m
[  99% ] [90m[1mimport[22m | Saving...[39m[0m
[92m[ DONE ][39m [1mimport[22m
[0m
[  58% ] [90m[1mreimport[22m | Necklace1.fbx[39m[0m
[   0% ] [90m[1mimport[22m | Started Import Scene (104 steps)[39m[0m
[   0% ] [90m[1mimport[22m | Importing Scene...[39m[0m
[   1% ] [90m[1mimport[22m | Running Custom Script...[39m[0m
[  99% ] [90m[1mimport[22m | Saving...[39m[0m
[92m[ DONE ][39m [1mimport[22m
[0m
[  58% ] [90m[1mreimport[22m | Mineral.fbx[39m[0m
[   0% ] [90m[1mimport[22m | Started Import Scene (104 steps)[39m[0m
[   0% ] [90m[1mimport[22m | Importing Scene...[39m[0m
[   1% ] [90m[1mimport[22m | Running Custom Script...[39m[0m
[  99% ] [90m[1mimport[22m | Saving...[39m[0m
[92m[ DONE ][39m [1mimport[22m
[0m
[  58% ] [90m[1mreimport[22m | Key4.fbx[39m[0m
[   0% ] [90m[1mimport[22m | Started Import Scene (104 steps)[39m[0m
[   0% ] [90m[1mimport[22m | Importing Scene...[39m[0m
[   1% ] [90m[1mimport[22m | Running Custom Script...[39m[0m
[  99% ] [90m[1mimport[22m | Saving...[39m[0m
[92m[ DONE ][39m [1mimport[22m
[0m
[  58% ] [90m[1mreimport[22m | Key3.fbx[39m[0m
[   0% ] [90m[1mimport[22m | Started Import Scene (104 steps)[39m[0m
[   0% ] [90m[1mimport[22m | Importing Scene...[39m[0m
[   1% ] [90m[1mimport[22m | Running Custom Script...[39m[0m
[  99% ] [90m[1mimport[22m | Saving...[39m[0m
[92m[ DONE ][39m [1mimport[22m
[0m
[  58% ] [90m[1mreimport[22m | Key2.fbx[39m[0m
[   0% ] [90m[1mimport[22m | Started Import Scene (104 steps)[39m[0m
[   0% ] [90m[1mimport[22m | Importing Scene...[39m[0m
[   1% ] [90m[1mimport[22m | Running Custom Script...[39m[0m
[  99% ] [90m[1mimport[22m | Saving...[39m[0m
[92m[ DONE ][39m [1mimport[22m
[0m
[  58% ] [90m[1mreimport[22m | Key1.fbx[39m[0m
[   0% ] [90m[1mimport[22m | Started Import Scene (104 steps)[39m[0m
[   0% ] [90m[1mimport[22m | Importing Scene...[39m[0m
[   1% ] [90m[1mimport[22m | Running Custom Script...[39m[0m
[  99% ] [90m[1mimport[22m | Saving...[39m[0m
[92m[ DONE ][39m [1mimport[22m
[0m
[  58% ] [90m[1mreimport[22m | Heart_Half.fbx[39m[0m
[   0% ] [90m[1mimport[22m | Started Import Scene (104 steps)[39m[0m
[   0% ] [90m[1mimport[22m | Importing Scene...[39m[0m
[   1% ] [90m[1mimport[22m | Running Custom Script...[39m[0m
[  99% ] [90m[1mimport[22m | Saving...[39m[0m
[92m[ DONE ][39m [1mimport[22m
[0m
[  58% ] [90m[1mreimport[22m | Heart_Broken.fbx[39m[0m
[   0% ] [90m[1mimport[22m | Started Import Scene (104 steps)[39m[0m
[   0% ] [90m[1mimport[22m | Importing Scene...[39m[0m
[   1% ] [90m[1mimport[22m | Running Custom Script...[39m[0m
[  99% ] [90m[1mimport[22m | Saving...[39m[0m
[92m[ DONE ][39m [1mimport[22m
[0m
[  58% ] [90m[1mreimport[22m | Heart.fbx[39m[0m
[   0% ] [90m[1mimport[22m | Started Import Scene (104 steps)[39m[0m
[   0% ] [90m[1mimport[22m | Importing Scene...[39m[0m
[   1% ] [90m[1mimport[22m | Running Custom Script...[39m[0m
[  99% ] [90m[1mimport[22m | Saving...[39m[0m
[92m[ DONE ][39m [1mimport[22m
[0m
[  59% ] [90m[1mreimport[22m | Hammer_Double_Golden.fbx[39m[0m
[   0% ] [90m[1mimport[22m | Started Import Scene (104 steps)[39m[0m
[   0% ] [90m[1mimport[22m | Importing Scene...[39m[0m
[   1% ] [90m[1mimport[22m | Running Custom Script...[39m[0m
[  99% ] [90m[1mimport[22m | Saving...[39m[0m
[92m[ DONE ][39m [1mimport[22m
[0m
[  59% ] [90m[1mreimport[22m | BookGroup_Medium_3.gltf[39m[0m
[   0% ] [90m[1mimport[22m | Started Import Scene (104 steps)[39m[0m
[   0% ] [90m[1mimport[22m | Importing Scene...[39m[0m
[   1% ] [90m[1mimport[22m | Running Custom Script...[39m[0m
[  99% ] [90m[1mimport[22m | Saving...[39m[0m
[92m[ DONE ][39m [1mimport[22m
[0m
[  59% ] [90m[1mreimport[22m | BookGroup_Medium_3.fbx[39m[0m
[   0% ] [90m[1mimport[22m | Started Import Scene (104 steps)[39m[0m
[   0% ] [90m[1mimport[22m | Importing Scene...[39m[0m
[   1% ] [90m[1mimport[22m | Running Custom Script...[39m[0m
[  99% ] [90m[1mimport[22m | Saving...[39m[0m
[92m[ DONE ][39m [1mimport[22m
[0m
[  59% ] [90m[1mreimport[22m | BookGroup_Medium_2.gltf[39m[0m
[   0% ] [90m[1mimport[22m | Started Import Scene (104 steps)[39m[0m
[   0% ] [90m[1mimport[22m | Importing Scene...[39m[0m
[   1% ] [90m[1mimport[22m | Running Custom Script...[39m[0m
[  99% ] [90m[1mimport[22m | Saving...[39m[0m
[92m[ DONE ][39m [1mimport[22m
[0m
[  59% ] [90m[1mreimport[22m | BookGroup_Medium_2.fbx[39m[0m
[   0% ] [90m[1mimport[22m | Started Import Scene (104 steps)[39m[0m
[   0% ] [90m[1mimport[22m | Importing Scene...[39m[0m
[   1% ] [90m[1mimport[22m | Running Custom Script...[39m[0m
[  99% ] [90m[1mimport[22m | Saving...[39m[0m
[92m[ DONE ][39m [1mimport[22m
[0m
[  59% ] [90m[1mreimport[22m | BookGroup_Medium_1.gltf[39m[0m
[   0% ] [90m[1mimport[22m | Started Import Scene (104 steps)[39m[0m
[   0% ] [90m[1mimport[22m | Importing Scene...[39m[0m
[   1% ] [90m[1mimport[22m | Running Custom Script...[39m[0m
[  99% ] [90m[1mimport[22m | Saving...[39m[0m
[92m[ DONE ][39m [1mimport[22m
[0m
[  59% ] [90m[1mreimport[22m | BookGroup_Medium_1.fbx[39m[0m
[   0% ] [90m[1mimport[22m | Started Import Scene (104 steps)[39m[0m
[   0% ] [90m[1mimport[22m | Importing Scene...[39m[0m
[   1% ] [90m[1mimport[22m | Running Custom Script...[39m[0m
[  99% ] [90m[1mimport[22m | Saving...[39m[0m
[92m[ DONE ][39m [1mimport[22m
[0m
[  59% ] [90m[1mreimport[22m | Bookcase_2.gltf[39m[0m
[   0% ] [90m[1mimport[22m | Started Import Scene (104 steps)[39m[0m
[   0% ] [90m[1mimport[22m | Importing Scene...[39m[0m
[   1% ] [90m[1mimport[22m | Running Custom Script...[39m[0m
[  99% ] [90m[1mimport[22m | Saving...[39m[0m
[92m[ DONE ][39m [1mimport[22m
[0m
[  59% ] [90m[1mreimport[22m | Bookcase_2.fbx[39m[0m
[   0% ] [90m[1mimport[22m | Started Import Scene (104 steps)[39m[0m
[   0% ] [90m[1mimport[22m | Importing Scene...[39m[0m
[   1% ] [90m[1mimport[22m | Running Custom Script...[39m[0m
[  99% ] [90m[1mimport[22m | Saving...[39m[0m
[92m[ DONE ][39m [1mimport[22m
[0m
[  59% ] [90m[1mreimport[22m | bone_C.gltf[39m[0m
[   0% ] [90m[1mimport[22m | Started Import Scene (104 steps)[39m[0m
[   0% ] [90m[1mimport[22m | Importing Scene...[39m[0m
[   1% ] [90m[1mimport[22m | Running Custom Script...[39m[0m
[  99% ] [90m[1mimport[22m | Saving...[39m[0m
[92m[ DONE ][39m [1mimport[22m
[0m
[  59% ] [90m[1mreimport[22m | bone_B.gltf[39m[0m
[   0% ] [90m[1mimport[22m | Started Import Scene (104 steps)[39m[0m
[   0% ] [90m[1mimport[22m | Importing Scene...[39m[0m
[   1% ] [90m[1mimport[22m | Running Custom Script...[39m[0m
[  99% ] [90m[1mimport[22m | Saving...[39m[0m
[92m[ DONE ][39m [1mimport[22m
[0m
[  59% ] [90m[1mreimport[22m | bone_A.gltf[39m[0m
[   0% ] [90m[1mimport[22m | Started Import Scene (104 steps)[39m[0m
[   0% ] [90m[1mimport[22m | Importing Scene...[39m[0m
[   1% ] [90m[1mimport[22m | Running Custom Script...[39m[0m
[  99% ] [90m[1mimport[22m | Saving...[39m[0m
[92m[ DONE ][39m [1mimport[22m
[0m
[  60% ] [90m[1mreimport[22m | bench_decorated.gltf[39m[0m
[   0% ] [90m[1mimport[22m | Started Import Scene (104 steps)[39m[0m
[   0% ] [90m[1mimport[22m | Importing Scene...[39m[0m
[   1% ] [90m[1mimport[22m | Running Custom Script...[39m[0m
[  99% ] [90m[1mimport[22m | Saving...[39m[0m
[92m[ DONE ][39m [1mimport[22m
[0m
[  60% ] [90m[1mreimport[22m | bench.gltf[39m[0m
[   0% ] [90m[1mimport[22m | Started Import Scene (104 steps)[39m[0m
[   0% ] [90m[1mimport[22m | Importing Scene...[39m[0m
WARNING: Case mismatch opening requested file 'res://assets/models/props/Bench.bin', stored as 'res://assets/models/props/bench.bin' in the filesystem. This file will not open when exported to other case-sensitive platforms.
   at: open_internal (drivers/windows/file_access_windows.cpp:192)
[   1% ] [90m[1mimport[22m | Running Custom Script...[39m[0m
[  99% ] [90m[1mimport[22m | Saving...[39m[0m
[92m[ DONE ][39m [1mimport[22m
[0m
[  60% ] [90m[1mreimport[22m | Bench.fbx[39m[0m
[   0% ] [90m[1mimport[22m | Started Import Scene (104 steps)[39m[0m
[   0% ] [90m[1mimport[22m | Importing Scene...[39m[0m
[   1% ] [90m[1mimport[22m | Running Custom Script...[39m[0m
[  99% ] [90m[1mimport[22m | Saving...[39m[0m
[92m[ DONE ][39m [1mimport[22m
[0m
[  60% ] [90m[1mreimport[22m | Bed_Twin2.gltf[39m[0m
[   0% ] [90m[1mimport[22m | Started Import Scene (104 steps)[39m[0m
[   0% ] [90m[1mimport[22m | Importing Scene...[39m[0m
[   1% ] [90m[1mimport[22m | Running Custom Script...[39m[0m
[  99% ] [90m[1mimport[22m | Saving...[39m[0m
[92m[ DONE ][39m [1mimport[22m
[0m
[  60% ] [90m[1mreimport[22m | Bed_Twin2.fbx[39m[0m
[   0% ] [90m[1mimport[22m | Started Import Scene (104 steps)[39m[0m
[   0% ] [90m[1mimport[22m | Importing Scene...[39m[0m
[   1% ] [90m[1mimport[22m | Running Custom Script...[39m[0m
[  99% ] [90m[1mimport[22m | Saving...[39m[0m
[92m[ DONE ][39m [1mimport[22m
[0m
[  60% ] [90m[1mreimport[22m | Bed_Twin1.gltf[39m[0m
[   0% ] [90m[1mimport[22m | Started Import Scene (104 steps)[39m[0m
[   0% ] [90m[1mimport[22m | Importing Scene...[39m[0m
[   1% ] [90m[1mimport[22m | Running Custom Script...[39m[0m
[  99% ] [90m[1mimport[22m | Saving...[39m[0m
[92m[ DONE ][39m [1mimport[22m
[0m
[  60% ] [90m[1mreimport[22m | Bed_Twin1.fbx[39m[0m
[   0% ] [90m[1mimport[22m | Started Import Scene (104 steps)[39m[0m
[   0% ] [90m[1mimport[22m | Importing Scene...[39m[0m
[   1% ] [90m[1mimport[22m | Running Custom Script...[39m[0m
[  99% ] [90m[1mimport[22m | Saving...[39m[0m
[92m[ DONE ][39m [1mimport[22m
[0m
[  60% ] [90m[1mreimport[22m | Book_Stack_2.gltf[39m[0m
[   0% ] [90m[1mimport[22m | Started Import Scene (104 steps)[39m[0m
[   0% ] [90m[1mimport[22m | Importing Scene...[39m[0m
[   1% ] [90m[1mimport[22m | Running Custom Script...[39m[0m
[  99% ] [90m[1mimport[22m | Saving...[39m[0m
[92m[ DONE ][39m [1mimport[22m
[0m
[  60% ] [90m[1mreimport[22m | Book_Stack_2.fbx[39m[0m
[   0% ] [90m[1mimport[22m | Started Import Scene (104 steps)[39m[0m
[   0% ] [90m[1mimport[22m | Importing Scene...[39m[0m
[   1% ] [90m[1mimport[22m | Running Custom Script...[39m[0m
[  99% ] [90m[1mimport[22m | Saving...[39m[0m
[92m[ DONE ][39m [1mimport[22m
[0m
[  60% ] [90m[1mreimport[22m | Book_Stack_1.gltf[39m[0m
[   0% ] [90m[1mimport[22m | Started Import Scene (104 steps)[39m[0m
[   0% ] [90m[1mimport[22m | Importing Scene...[39m[0m
[   1% ] [90m[1mimport[22m | Running Custom Script...[39m[0m
[  99% ] [90m[1mimport[22m | Saving...[39m[0m
[92m[ DONE ][39m [1mimport[22m
[0m
[  60% ] [90m[1mreimport[22m | Book_Stack_1.fbx[39m[0m
[   0% ] [90m[1mimport[22m | Started Import Scene (104 steps)[39m[0m
[   0% ] [90m[1mimport[22m | Importing Scene...[39m[0m
[   1% ] [90m[1mimport[22m | Running Custom Script...[39m[0m
[  99% ] [90m[1mimport[22m | Saving...[39m[0m
[92m[ DONE ][39m [1mimport[22m
[0m
[  60% ] [90m[1mreimport[22m | Book_Simplified_Single.gltf[39m[0m
[   0% ] [90m[1mimport[22m | Started Import Scene (104 steps)[39m[0m
[   0% ] [90m[1mimport[22m | Importing Scene...[39m[0m
[   1% ] [90m[1mimport[22m | Running Custom Script...[39m[0m
[  99% ] [90m[1mimport[22m | Saving...[39m[0m
[92m[ DONE ][39m [1mimport[22m
[0m
[  61% ] [90m[1mreimport[22m | Book_Simplified_Single.fbx[39m[0m
[   0% ] [90m[1mimport[22m | Started Import Scene (104 steps)[39m[0m
[   0% ] [90m[1mimport[22m | Importing Scene...[39m[0m
[   1% ] [90m[1mimport[22m | Running Custom Script...[39m[0m
[  99% ] [90m[1mimport[22m | Saving...[39m[0m
[92m[ DONE ][39m [1mimport[22m
[0m
[  61% ] [90m[1mreimport[22m | Book_7.gltf[39m[0m
[   0% ] [90m[1mimport[22m | Started Import Scene (104 steps)[39m[0m
[   0% ] [90m[1mimport[22m | Importing Scene...[39m[0m
[   1% ] [90m[1mimport[22m | Running Custom Script...[39m[0m
[  99% ] [90m[1mimport[22m | Saving...[39m[0m
[92m[ DONE ][39m [1mimport[22m
[0m
[  61% ] [90m[1mreimport[22m | Book_7.fbx[39m[0m
[   0% ] [90m[1mimport[22m | Started Import Scene (104 steps)[39m[0m
[   0% ] [90m[1mimport[22m | Importing Scene...[39m[0m
[   1% ] [90m[1mimport[22m | Running Custom Script...[39m[0m
[  99% ] [90m[1mimport[22m | Saving...[39m[0m
[92m[ DONE ][39m [1mimport[22m
[0m
[  61% ] [90m[1mreimport[22m | Book_5.gltf[39m[0m
[   0% ] [90m[1mimport[22m | Started Import Scene (104 steps)[39m[0m
[   0% ] [90m[1mimport[22m | Importing Scene...[39m[0m
[   1% ] [90m[1mimport[22m | Running Custom Script...[39m[0m
[  99% ] [90m[1mimport[22m | Saving...[39m[0m
[92m[ DONE ][39m [1mimport[22m
[0m
[  61% ] [90m[1mreimport[22m | Book_5.fbx[39m[0m
[   0% ] [90m[1mimport[22m | Started Import Scene (104 steps)[39m[0m
[   0% ] [90m[1mimport[22m | Importing Scene...[39m[0m
[   1% ] [90m[1mimport[22m | Running Custom Script...[39m[0m
[  99% ] [90m[1mimport[22m | Saving...[39m[0m
[92m[ DONE ][39m [1mimport[22m
[0m
[  61% ] [90m[1mreimport[22m | BookStand.gltf[39m[0m
[   0% ] [90m[1mimport[22m | Started Import Scene (104 steps)[39m[0m
[   0% ] [90m[1mimport[22m | Importing Scene...[39m[0m
[   1% ] [90m[1mimport[22m | Running Custom Script...[39m[0m
[  99% ] [90m[1mimport[22m | Saving...[39m[0m
[92m[ DONE ][39m [1mimport[22m
[0m
[  61% ] [90m[1mreimport[22m | BookStand.fbx[39m[0m
[   0% ] [90m[1mimport[22m | Started Import Scene (104 steps)[39m[0m
[   0% ] [90m[1mimport[22m | Importing Scene...[39m[0m
[   1% ] [90m[1mimport[22m | Running Custom Script...[39m[0m
[  99% ] [90m[1mimport[22m | Saving...[39m[0m
[92m[ DONE ][39m [1mimport[22m
[0m
[  61% ] [90m[1mreimport[22m | BookGroup_Small_3.gltf[39m[0m
[   0% ] [90m[1mimport[22m | Started Import Scene (104 steps)[39m[0m
[   0% ] [90m[1mimport[22m | Importing Scene...[39m[0m
[   1% ] [90m[1mimport[22m | Running Custom Script...[39m[0m
[  99% ] [90m[1mimport[22m | Saving...[39m[0m
[92m[ DONE ][39m [1mimport[22m
[0m
[  61% ] [90m[1mreimport[22m | BookGroup_Small_3.fbx[39m[0m
[   0% ] [90m[1mimport[22m | Started Import Scene (104 steps)[39m[0m
[   0% ] [90m[1mimport[22m | Importing Scene...[39m[0m
[   1% ] [90m[1mimport[22m | Running Custom Script...[39m[0m
[  99% ] [90m[1mimport[22m | Saving...[39m[0m
[92m[ DONE ][39m [1mimport[22m
[0m
[  61% ] [90m[1mreimport[22m | BookGroup_Small_2.gltf[39m[0m
[   0% ] [90m[1mimport[22m | Started Import Scene (104 steps)[39m[0m
[   0% ] [90m[1mimport[22m | Importing Scene...[39m[0m
[   1% ] [90m[1mimport[22m | Running Custom Script...[39m[0m
[  99% ] [90m[1mimport[22m | Saving...[39m[0m
[92m[ DONE ][39m [1mimport[22m
[0m
[  61% ] [90m[1mreimport[22m | BookGroup_Small_2.fbx[39m[0m
[   0% ] [90m[1mimport[22m | Started Import Scene (104 steps)[39m[0m
[   0% ] [90m[1mimport[22m | Importing Scene...[39m[0m
[   1% ] [90m[1mimport[22m | Running Custom Script...[39m[0m
[  99% ] [90m[1mimport[22m | Saving...[39m[0m
[92m[ DONE ][39m [1mimport[22m
[0m
[  61% ] [90m[1mreimport[22m | BookGroup_Small_1.gltf[39m[0m
[   0% ] [90m[1mimport[22m | Started Import Scene (104 steps)[39m[0m
[   0% ] [90m[1mimport[22m | Importing Scene...[39m[0m
[   1% ] [90m[1mimport[22m | Running Custom Script...[39m[0m
[  99% ] [90m[1mimport[22m | Saving...[39m[0m
[92m[ DONE ][39m [1mimport[22m
[0m
[  61% ] [90m[1mreimport[22m | BookGroup_Small_1.fbx[39m[0m
[   0% ] [90m[1mimport[22m | Started Import Scene (104 steps)[39m[0m
[   0% ] [90m[1mimport[22m | Importing Scene...[39m[0m
[   1% ] [90m[1mimport[22m | Running Custom Script...[39m[0m
[  99% ] [90m[1mimport[22m | Saving...[39m[0m
[92m[ DONE ][39m [1mimport[22m
[0m
[  62% ] [90m[1mreimport[22m | arch_gate.gltf[39m[0m
[   0% ] [90m[1mimport[22m | Started Import Scene (104 steps)[39m[0m
[   0% ] [90m[1mimport[22m | Importing Scene...[39m[0m
[   1% ] [90m[1mimport[22m | Running Custom Script...[39m[0m
[  99% ] [90m[1mimport[22m | Saving...[39m[0m
[92m[ DONE ][39m [1mimport[22m
[0m
[  62% ] [90m[1mreimport[22m | arch.gltf[39m[0m
[   0% ] [90m[1mimport[22m | Started Import Scene (104 steps)[39m[0m
[   0% ] [90m[1mimport[22m | Importing Scene...[39m[0m
[   1% ] [90m[1mimport[22m | Running Custom Script...[39m[0m
[  99% ] [90m[1mimport[22m | Saving...[39m[0m
[92m[ DONE ][39m [1mimport[22m
[0m
[  62% ] [90m[1mreimport[22m | Anvil_Log.gltf[39m[0m
[   0% ] [90m[1mimport[22m | Started Import Scene (104 steps)[39m[0m
[   0% ] [90m[1mimport[22m | Importing Scene...[39m[0m
[   1% ] [90m[1mimport[22m | Running Custom Script...[39m[0m
[  99% ] [90m[1mimport[22m | Saving...[39m[0m
[92m[ DONE ][39m [1mimport[22m
[0m
[  62% ] [90m[1mreimport[22m | Anvil_Log.fbx[39m[0m
[   0% ] [90m[1mimport[22m | Started Import Scene (104 steps)[39m[0m
[   0% ] [90m[1mimport[22m | Importing Scene...[39m[0m
[   1% ] [90m[1mimport[22m | Running Custom Script...[39m[0m
[  99% ] [90m[1mimport[22m | Saving...[39m[0m
[92m[ DONE ][39m [1mimport[22m
[0m
[  62% ] [90m[1mreimport[22m | Anvil.gltf[39m[0m
[   0% ] [90m[1mimport[22m | Started Import Scene (104 steps)[39m[0m
[   0% ] [90m[1mimport[22m | Importing Scene...[39m[0m
[   1% ] [90m[1mimport[22m | Running Custom Script...[39m[0m
[  99% ] [90m[1mimport[22m | Saving...[39m[0m
[92m[ DONE ][39m [1mimport[22m
[0m
[  62% ] [90m[1mreimport[22m | Anvil.fbx[39m[0m
[   0% ] [90m[1mimport[22m | Started Import Scene (104 steps)[39m[0m
[   0% ] [90m[1mimport[22m | Importing Scene...[39m[0m
[   1% ] [90m[1mimport[22m | Running Custom Script...[39m[0m
[  99% ] [90m[1mimport[22m | Saving...[39m[0m
[92m[ DONE ][39m [1mimport[22m
[0m
[  62% ] [90m[1mreimport[22m | Wasp.fbx[39m[0m
[   0% ] [90m[1mimport[22m | Started Import Scene (104 steps)[39m[0m
[   0% ] [90m[1mimport[22m | Importing Scene...[39m[0m
[   1% ] [90m[1mimport[22m | Running Custom Script...[39m[0m
[  99% ] [90m[1mimport[22m | Saving...[39m[0m
[92m[ DONE ][39m [1mimport[22m
[0m
[  62% ] [90m[1mreimport[22m | Spider.fbx[39m[0m
[   0% ] [90m[1mimport[22m | Started Import Scene (104 steps)[39m[0m
[   0% ] [90m[1mimport[22m | Importing Scene...[39m[0m
[   1% ] [90m[1mimport[22m | Running Custom Script...[39m[0m
[  99% ] [90m[1mimport[22m | Saving...[39m[0m
[92m[ DONE ][39m [1mimport[22m
[0m
[  62% ] [90m[1mreimport[22m | Snake_angry.fbx[39m[0m
[   0% ] [90m[1mimport[22m | Started Import Scene (104 steps)[39m[0m
[   0% ] [90m[1mimport[22m | Importing Scene...[39m[0m
[   1% ] [90m[1mimport[22m | Running Custom Script...[39m[0m
[  99% ] [90m[1mimport[22m | Saving...[39m[0m
[92m[ DONE ][39m [1mimport[22m
[0m
[  62% ] [90m[1mreimport[22m | Snake.fbx[39m[0m
[   0% ] [90m[1mimport[22m | Started Import Scene (104 steps)[39m[0m
[   0% ] [90m[1mimport[22m | Importing Scene...[39m[0m
[   1% ] [90m[1mimport[22m | Running Custom Script...[39m[0m
[  99% ] [90m[1mimport[22m | Saving...[39m[0m
[92m[ DONE ][39m [1mimport[22m
[0m
[  62% ] [90m[1mreimport[22m | Rat.fbx[39m[0m
[   0% ] [90m[1mimport[22m | Started Import Scene (104 steps)[39m[0m
[   0% ] [90m[1mimport[22m | Importing Scene...[39m[0m
[   1% ] [90m[1mimport[22m | Running Custom Script...[39m[0m
[  99% ] [90m[1mimport[22m | Saving...[39m[0m
[92m[ DONE ][39m [1mimport[22m
[0m
[  62% ] [90m[1mreimport[22m | Frog.fbx[39m[0m
[   0% ] [90m[1mimport[22m | Started Import Scene (104 steps)[39m[0m
[   0% ] [90m[1mimport[22m | Importing Scene...[39m[0m
[   1% ] [90m[1mimport[22m | Running Custom Script...[39m[0m
[  99% ] [90m[1mimport[22m | Saving...[39m[0m
[92m[ DONE ][39m [1mimport[22m
[0m
[  63% ] [90m[1mreimport[22m | Puglin.glb[39m[0m
[   0% ] [90m[1mimport[22m | Started Import Scene (104 steps)[39m[0m
[   0% ] [90m[1mimport[22m | Importing Scene...[39m[0m
[   1% ] [90m[1mimport[22m | Running Custom Script...[39m[0m
[  99% ] [90m[1mimport[22m | Saving...[39m[0m
[92m[ DONE ][39m [1mimport[22m
[0m
[  63% ] [90m[1mreimport[22m | Puglin.fbx[39m[0m
[   0% ] [90m[1mimport[22m | Started Import Scene (104 steps)[39m[0m
[   0% ] [90m[1mimport[22m | Importing Scene...[39m[0m
[   1% ] [90m[1mimport[22m | Running Custom Script...[39m[0m
[  99% ] [90m[1mimport[22m | Saving...[39m[0m
[92m[ DONE ][39m [1mimport[22m
[0m
[  63% ] [90m[1mreimport[22m | Imp.glb[39m[0m
[   0% ] [90m[1mimport[22m | Started Import Scene (104 steps)[39m[0m
[   0% ] [90m[1mimport[22m | Importing Scene...[39m[0m
[   1% ] [90m[1mimport[22m | Running Custom Script...[39m[0m
[  99% ] [90m[1mimport[22m | Saving...[39m[0m
[92m[ DONE ][39m [1mimport[22m
[0m
[  63% ] [90m[1mreimport[22m | Imp.fbx[39m[0m
[   0% ] [90m[1mimport[22m | Started Import Scene (104 steps)[39m[0m
[   0% ] [90m[1mimport[22m | Importing Scene...[39m[0m
[   1% ] [90m[1mimport[22m | Running Custom Script...[39m[0m
[  99% ] [90m[1mimport[22m | Saving...[39m[0m
[92m[ DONE ][39m [1mimport[22m
[0m
[  63% ] [90m[1mreimport[22m | Sword_Golden.fbx[39m[0m
[   0% ] [90m[1mimport[22m | Started Import Scene (104 steps)[39m[0m
[   0% ] [90m[1mimport[22m | Importing Scene...[39m[0m
[   1% ] [90m[1mimport[22m | Running Custom Script...[39m[0m
[  99% ] [90m[1mimport[22m | Saving...[39m[0m
[92m[ DONE ][39m [1mimport[22m
[0m
[  63% ] [90m[1mreimport[22m | Sword_big_Golden.fbx[39m[0m
[   0% ] [90m[1mimport[22m | Started Import Scene (104 steps)[39m[0m
[   0% ] [90m[1mimport[22m | Importing Scene...[39m[0m
[   1% ] [90m[1mimport[22m | Running Custom Script...[39m[0m
[  99% ] [90m[1mimport[22m | Saving...[39m[0m
[92m[ DONE ][39m [1mimport[22m
[0m
[  63% ] [90m[1mreimport[22m | Barrel_Holder.gltf[39m[0m
[   0% ] [90m[1mimport[22m | Started Import Scene (104 steps)[39m[0m
[   0% ] [90m[1mimport[22m | Importing Scene...[39m[0m
[   1% ] [90m[1mimport[22m | Running Custom Script...[39m[0m
[  99% ] [90m[1mimport[22m | Saving...[39m[0m
[92m[ DONE ][39m [1mimport[22m
[0m
[  63% ] [90m[1mreimport[22m | Barrel_Holder.fbx[39m[0m
[   0% ] [90m[1mimport[22m | Started Import Scene (104 steps)[39m[0m
[   0% ] [90m[1mimport[22m | Importing Scene...[39m[0m
[   1% ] [90m[1mimport[22m | Running Custom Script...[39m[0m
[  99% ] [90m[1mimport[22m | Saving...[39m[0m
[92m[ DONE ][39m [1mimport[22m
[0m
[  63% ] [90m[1mreimport[22m | Barrel_Apples.gltf[39m[0m
[   0% ] [90m[1mimport[22m | Started Import Scene (104 steps)[39m[0m
[   0% ] [90m[1mimport[22m | Importing Scene...[39m[0m
[   1% ] [90m[1mimport[22m | Running Custom Script...[39m[0m
[  99% ] [90m[1mimport[22m | Saving...[39m[0m
[92m[ DONE ][39m [1mimport[22m
[0m
[  63% ] [90m[1mreimport[22m | Barrel_Apples.fbx[39m[0m
[   0% ] [90m[1mimport[22m | Started Import Scene (104 steps)[39m[0m
[   0% ] [90m[1mimport[22m | Importing Scene...[39m[0m
[   1% ] [90m[1mimport[22m | Running Custom Script...[39m[0m
[  99% ] [90m[1mimport[22m | Saving...[39m[0m
[92m[ DONE ][39m [1mimport[22m
[0m
[  63% ] [90m[1mreimport[22m | Barrel.gltf[39m[0m
[   0% ] [90m[1mimport[22m | Started Import Scene (104 steps)[39m[0m
[   0% ] [90m[1mimport[22m | Importing Scene...[39m[0m
[   1% ] [90m[1mimport[22m | Running Custom Script...[39m[0m
[  99% ] [90m[1mimport[22m | Saving...[39m[0m
[92m[ DONE ][39m [1mimport[22m
[0m
[  63% ] [90m[1mreimport[22m | Barrel.fbx[39m[0m
[   0% ] [90m[1mimport[22m | Started Import Scene (104 steps)[39m[0m
[   0% ] [90m[1mimport[22m | Importing Scene...[39m[0m
[   1% ] [90m[1mimport[22m | Running Custom Script...[39m[0m
[  99% ] [90m[1mimport[22m | Saving...[39m[0m
[92m[ DONE ][39m [1mimport[22m
[0m
[  63% ] [90m[1mreimport[22m | Banner_2_Cloth.gltf[39m[0m
[   0% ] [90m[1mimport[22m | Started Import Scene (104 steps)[39m[0m
[   0% ] [90m[1mimport[22m | Importing Scene...[39m[0m
[   1% ] [90m[1mimport[22m | Running Custom Script...[39m[0m
[  99% ] [90m[1mimport[22m | Saving...[39m[0m
[92m[ DONE ][39m [1mimport[22m
[0m
[  64% ] [90m[1mreimport[22m | Banner_2_Cloth.fbx[39m[0m
[   0% ] [90m[1mimport[22m | Started Import Scene (104 steps)[39m[0m
[   0% ] [90m[1mimport[22m | Importing Scene...[39m[0m
[   1% ] [90m[1mimport[22m | Running Custom Script...[39m[0m
[  99% ] [90m[1mimport[22m | Saving...[39m[0m
[92m[ DONE ][39m [1mimport[22m
[0m
[  64% ] [90m[1mreimport[22m | Banner_2.gltf[39m[0m
[   0% ] [90m[1mimport[22m | Started Import Scene (104 steps)[39m[0m
[   0% ] [90m[1mimport[22m | Importing Scene...[39m[0m
[   1% ] [90m[1mimport[22m | Running Custom Script...[39m[0m
[  99% ] [90m[1mimport[22m | Saving...[39m[0m
[92m[ DONE ][39m [1mimport[22m
[0m
[  64% ] [90m[1mreimport[22m | Banner_2.fbx[39m[0m
[   0% ] [90m[1mimport[22m | Started Import Scene (104 steps)[39m[0m
[   0% ] [90m[1mimport[22m | Importing Scene...[39m[0m
[   1% ] [90m[1mimport[22m | Running Custom Script...[39m[0m
[  99% ] [90m[1mimport[22m | Saving...[39m[0m
[92m[ DONE ][39m [1mimport[22m
[0m
[  64% ] [90m[1mreimport[22m | Banner_1_Cloth.gltf[39m[0m
[   0% ] [90m[1mimport[22m | Started Import Scene (104 steps)[39m[0m
[   0% ] [90m[1mimport[22m | Importing Scene...[39m[0m
[   1% ] [90m[1mimport[22m | Running Custom Script...[39m[0m
[  99% ] [90m[1mimport[22m | Saving...[39m[0m
[92m[ DONE ][39m [1mimport[22m
[0m
[  64% ] [90m[1mreimport[22m | Banner_1_Cloth.fbx[39m[0m
[   0% ] [90m[1mimport[22m | Started Import Scene (104 steps)[39m[0m
[   0% ] [90m[1mimport[22m | Importing Scene...[39m[0m
[   1% ] [90m[1mimport[22m | Running Custom Script...[39m[0m
[  99% ] [90m[1mimport[22m | Saving...[39m[0m
[92m[ DONE ][39m [1mimport[22m
[0m
[  64% ] [90m[1mreimport[22m | Banner_1.gltf[39m[0m
[   0% ] [90m[1mimport[22m | Started Import Scene (104 steps)[39m[0m
[   0% ] [90m[1mimport[22m | Importing Scene...[39m[0m
[   1% ] [90m[1mimport[22m | Running Custom Script...[39m[0m
[  99% ] [90m[1mimport[22m | Saving...[39m[0m
[92m[ DONE ][39m [1mimport[22m
[0m
[  64% ] [90m[1mreimport[22m | Banner_1.fbx[39m[0m
[   0% ] [90m[1mimport[22m | Started Import Scene (104 steps)[39m[0m
[   0% ] [90m[1mimport[22m | Importing Scene...[39m[0m
[   1% ] [90m[1mimport[22m | Running Custom Script...[39m[0m
[  99% ] [90m[1mimport[22m | Saving...[39m[0m
[92m[ DONE ][39m [1mimport[22m
[0m
[  64% ] [90m[1mreimport[22m | Bag.gltf[39m[0m
[   0% ] [90m[1mimport[22m | Started Import Scene (104 steps)[39m[0m
[   0% ] [90m[1mimport[22m | Importing Scene...[39m[0m
[   1% ] [90m[1mimport[22m | Running Custom Script...[39m[0m
[  99% ] [90m[1mimport[22m | Saving...[39m[0m
[92m[ DONE ][39m [1mimport[22m
[0m
[  64% ] [90m[1mreimport[22m | Bag.fbx[39m[0m
[   0% ] [90m[1mimport[22m | Started Import Scene (104 steps)[39m[0m
[   0% ] [90m[1mimport[22m | Importing Scene...[39m[0m
[   1% ] [90m[1mimport[22m | Running Custom Script...[39m[0m
[  99% ] [90m[1mimport[22m | Saving...[39m[0m
[92m[ DONE ][39m [1mimport[22m
[0m
[  64% ] [90m[1mreimport[22m | Axe_Bronze.gltf[39m[0m
[   0% ] [90m[1mimport[22m | Started Import Scene (104 steps)[39m[0m
[   0% ] [90m[1mimport[22m | Importing Scene...[39m[0m
[   1% ] [90m[1mimport[22m | Running Custom Script...[39m[0m
[  99% ] [90m[1mimport[22m | Saving...[39m[0m
[92m[ DONE ][39m [1mimport[22m
[0m
[  64% ] [90m[1mreimport[22m | Axe_Bronze.fbx[39m[0m
[   0% ] [90m[1mimport[22m | Started Import Scene (104 steps)[39m[0m
[   0% ] [90m[1mimport[22m | Importing Scene...[39m[0m
[   1% ] [90m[1mimport[22m | Running Custom Script...[39m[0m
[  99% ] [90m[1mimport[22m | Saving...[39m[0m
[92m[ DONE ][39m [1mimport[22m
[0m
[  64% ] [90m[1mreimport[22m | Male_Peasant_Arms.fbx[39m[0m
[   0% ] [90m[1mimport[22m | Started Import Scene (104 steps)[39m[0m
[   0% ] [90m[1mimport[22m | Importing Scene...[39m[0m
[   1% ] [90m[1mimport[22m | Running Custom Script...[39m[0m
[  99% ] [90m[1mimport[22m | Saving...[39m[0m
[92m[ DONE ][39m [1mimport[22m
[0m
[  65% ] [90m[1mreimport[22m | Male_Peasant.gltf[39m[0m
[   0% ] [90m[1mimport[22m | Started Import Scene (104 steps)[39m[0m
[   0% ] [90m[1mimport[22m | Importing Scene...[39m[0m
[   1% ] [90m[1mimport[22m | Running Custom Script...[39m[0m
[  99% ] [90m[1mimport[22m | Saving...[39m[0m
[92m[ DONE ][39m [1mimport[22m
[0m
[  65% ] [90m[1mreimport[22m | Male_Peasant.fbx[39m[0m
[   0% ] [90m[1mimport[22m | Started Import Scene (104 steps)[39m[0m
[   0% ] [90m[1mimport[22m | Importing Scene...[39m[0m
[   1% ] [90m[1mimport[22m | Running Custom Script...[39m[0m
[  99% ] [90m[1mimport[22m | Saving...[39m[0m
[92m[ DONE ][39m [1mimport[22m
[0m
[  65% ] [90m[1mreimport[22m | mace.gltf[39m[0m
[   0% ] [90m[1mimport[22m | Started Import Scene (104 steps)[39m[0m
[   0% ] [90m[1mimport[22m | Importing Scene...[39m[0m
[   1% ] [90m[1mimport[22m | Running Custom Script...[39m[0m
[  99% ] [90m[1mimport[22m | Saving...[39m[0m
[92m[ DONE ][39m [1mimport[22m
[0m
[  65% ] [90m[1mreimport[22m | King.gltf[39m[0m
[   0% ] [90m[1mimport[22m | Started Import Scene (104 steps)[39m[0m
[   0% ] [90m[1mimport[22m | Importing Scene...[39m[0m
[   1% ] [90m[1mimport[22m | Running Custom Script...[39m[0m
[  99% ] [90m[1mimport[22m | Saving...[39m[0m
[92m[ DONE ][39m [1mimport[22m
[0m
[  65% ] [90m[1mreimport[22m | Hair_SimpleParted.gltf[39m[0m
[   0% ] [90m[1mimport[22m | Started Import Scene (104 steps)[39m[0m
[   0% ] [90m[1mimport[22m | Importing Scene...[39m[0m
[   1% ] [90m[1mimport[22m | Running Custom Script...[39m[0m
[  99% ] [90m[1mimport[22m | Saving...[39m[0m
[92m[ DONE ][39m [1mimport[22m
[0m
[  65% ] [90m[1mreimport[22m | Hair_SimpleParted.fbx[39m[0m
[   0% ] [90m[1mimport[22m | Started Import Scene (104 steps)[39m[0m
[   0% ] [90m[1mimport[22m | Importing Scene...[39m[0m
[   1% ] [90m[1mimport[22m | Running Custom Script...[39m[0m
[  99% ] [90m[1mimport[22m | Saving...[39m[0m
[92m[ DONE ][39m [1mimport[22m
[0m
[  65% ] [90m[1mreimport[22m | Hair_Long.gltf[39m[0m
[   0% ] [90m[1mimport[22m | Started Import Scene (104 steps)[39m[0m
[   0% ] [90m[1mimport[22m | Importing Scene...[39m[0m
[   1% ] [90m[1mimport[22m | Running Custom Script...[39m[0m
[  99% ] [90m[1mimport[22m | Saving...[39m[0m
[92m[ DONE ][39m [1mimport[22m
[0m
[  65% ] [90m[1mreimport[22m | Hair_Long.fbx[39m[0m
[   0% ] [90m[1mimport[22m | Started Import Scene (104 steps)[39m[0m
[   0% ] [90m[1mimport[22m | Importing Scene...[39m[0m
[   1% ] [90m[1mimport[22m | Running Custom Script...[39m[0m
[  99% ] [90m[1mimport[22m | Saving...[39m[0m
[92m[ DONE ][39m [1mimport[22m
[0m
[  65% ] [90m[1mreimport[22m | Hair_BuzzedFemale.gltf[39m[0m
[   0% ] [90m[1mimport[22m | Started Import Scene (104 steps)[39m[0m
[   0% ] [90m[1mimport[22m | Importing Scene...[39m[0m
[   1% ] [90m[1mimport[22m | Running Custom Script...[39m[0m
[  99% ] [90m[1mimport[22m | Saving...[39m[0m
[92m[ DONE ][39m [1mimport[22m
[0m
[  65% ] [90m[1mreimport[22m | Hair_BuzzedFemale.fbx[39m[0m
[   0% ] [90m[1mimport[22m | Started Import Scene (104 steps)[39m[0m
[   0% ] [90m[1mimport[22m | Importing Scene...[39m[0m
[   1% ] [90m[1mimport[22m | Running Custom Script...[39m[0m
[  99% ] [90m[1mimport[22m | Saving...[39m[0m
[92m[ DONE ][39m [1mimport[22m
[0m
[  65% ] [90m[1mreimport[22m | Hair_Buzzed.gltf[39m[0m
[   0% ] [90m[1mimport[22m | Started Import Scene (104 steps)[39m[0m
[   0% ] [90m[1mimport[22m | Importing Scene...[39m[0m
[   1% ] [90m[1mimport[22m | Running Custom Script...[39m[0m
[  99% ] [90m[1mimport[22m | Saving...[39m[0m
[92m[ DONE ][39m [1mimport[22m
[0m
[  65% ] [90m[1mreimport[22m | Hair_Buzzed.fbx[39m[0m
[   0% ] [90m[1mimport[22m | Started Import Scene (104 steps)[39m[0m
[   0% ] [90m[1mimport[22m | Importing Scene...[39m[0m
[   1% ] [90m[1mimport[22m | Running Custom Script...[39m[0m
[  99% ] [90m[1mimport[22m | Saving...[39m[0m
[92m[ DONE ][39m [1mimport[22m
[0m
[  66% ] [90m[1mreimport[22m | Hair_Buns.gltf[39m[0m
[   0% ] [90m[1mimport[22m | Started Import Scene (104 steps)[39m[0m
[   0% ] [90m[1mimport[22m | Importing Scene...[39m[0m
[   1% ] [90m[1mimport[22m | Running Custom Script...[39m[0m
[  99% ] [90m[1mimport[22m | Saving...[39m[0m
[92m[ DONE ][39m [1mimport[22m
[0m
[  66% ] [90m[1mreimport[22m | Hair_Buns.fbx[39m[0m
[   0% ] [90m[1mimport[22m | Started Import Scene (104 steps)[39m[0m
[   0% ] [90m[1mimport[22m | Importing Scene...[39m[0m
[   1% ] [90m[1mimport[22m | Running Custom Script...[39m[0m
[  99% ] [90m[1mimport[22m | Saving...[39m[0m
[92m[ DONE ][39m [1mimport[22m
[0m
[  66% ] [90m[1mreimport[22m | Hair_Beard.gltf[39m[0m
[   0% ] [90m[1mimport[22m | Started Import Scene (104 steps)[39m[0m
[   0% ] [90m[1mimport[22m | Importing Scene...[39m[0m
[   1% ] [90m[1mimport[22m | Running Custom Script...[39m[0m
[  99% ] [90m[1mimport[22m | Saving...[39m[0m
[92m[ DONE ][39m [1mimport[22m
[0m
[  66% ] [90m[1mreimport[22m | Hair_Beard.fbx[39m[0m
[   0% ] [90m[1mimport[22m | Started Import Scene (104 steps)[39m[0m
[   0% ] [90m[1mimport[22m | Importing Scene...[39m[0m
[   1% ] [90m[1mimport[22m | Running Custom Script...[39m[0m
[  99% ] [90m[1mimport[22m | Saving...[39m[0m
[92m[ DONE ][39m [1mimport[22m
[0m
[  66% ] [90m[1mreimport[22m | Formal.gltf[39m[0m
[   0% ] [90m[1mimport[22m | Started Import Scene (104 steps)[39m[0m
[   0% ] [90m[1mimport[22m | Importing Scene...[39m[0m
[   1% ] [90m[1mimport[22m | Running Custom Script...[39m[0m
[  99% ] [90m[1mimport[22m | Saving...[39m[0m
[92m[ DONE ][39m [1mimport[22m
[0m
[  66% ] [90m[1mreimport[22m | Male_Ranger_Head_Hood.fbx[39m[0m
[   0% ] [90m[1mimport[22m | Started Import Scene (104 steps)[39m[0m
[   0% ] [90m[1mimport[22m | Importing Scene...[39m[0m
[   1% ] [90m[1mimport[22m | Running Custom Script...[39m[0m
[  99% ] [90m[1mimport[22m | Saving...[39m[0m
[92m[ DONE ][39m [1mimport[22m
[0m
[  66% ] [90m[1mreimport[22m | Male_Ranger_Feet_Boots.gltf[39m[0m
[   0% ] [90m[1mimport[22m | Started Import Scene (104 steps)[39m[0m
[   0% ] [90m[1mimport[22m | Importing Scene...[39m[0m
[   1% ] [90m[1mimport[22m | Running Custom Script...[39m[0m
[  99% ] [90m[1mimport[22m | Saving...[39m[0m
[92m[ DONE ][39m [1mimport[22m
[0m
[  66% ] [90m[1mreimport[22m | Male_Ranger_Feet_Boots.fbx[39m[0m
[   0% ] [90m[1mimport[22m | Started Import Scene (104 steps)[39m[0m
[   0% ] [90m[1mimport[22m | Importing Scene...[39m[0m
[   1% ] [90m[1mimport[22m | Running Custom Script...[39m[0m
[  99% ] [90m[1mimport[22m | Saving...[39m[0m
[92m[ DONE ][39m [1mimport[22m
[0m
[  66% ] [90m[1mreimport[22m | Male_Ranger_Body.gltf[39m[0m
[   0% ] [90m[1mimport[22m | Started Import Scene (104 steps)[39m[0m
[   0% ] [90m[1mimport[22m | Importing Scene...[39m[0m
[   1% ] [90m[1mimport[22m | Running Custom Script...[39m[0m
[  99% ] [90m[1mimport[22m | Saving...[39m[0m
[92m[ DONE ][39m [1mimport[22m
[0m
[  66% ] [90m[1mreimport[22m | Male_Ranger_Body.fbx[39m[0m
[   0% ] [90m[1mimport[22m | Started Import Scene (104 steps)[39m[0m
[   0% ] [90m[1mimport[22m | Importing Scene...[39m[0m
[   1% ] [90m[1mimport[22m | Running Custom Script...[39m[0m
[  99% ] [90m[1mimport[22m | Saving...[39m[0m
[92m[ DONE ][39m [1mimport[22m
[0m
[  66% ] [90m[1mreimport[22m | Male_Ranger_Arms.gltf[39m[0m
[   0% ] [90m[1mimport[22m | Started Import Scene (104 steps)[39m[0m
[   0% ] [90m[1mimport[22m | Importing Scene...[39m[0m
[   1% ] [90m[1mimport[22m | Running Custom Script...[39m[0m
[  99% ] [90m[1mimport[22m | Saving...[39m[0m
[92m[ DONE ][39m [1mimport[22m
[0m
[  66% ] [90m[1mreimport[22m | Male_Ranger_Arms.fbx[39m[0m
[   0% ] [90m[1mimport[22m | Started Import Scene (104 steps)[39m[0m
[   0% ] [90m[1mimport[22m | Importing Scene...[39m[0m
[   1% ] [90m[1mimport[22m | Running Custom Script...[39m[0m
[  99% ] [90m[1mimport[22m | Saving...[39m[0m
[92m[ DONE ][39m [1mimport[22m
[0m
[  66% ] [90m[1mreimport[22m | Male_Ranger_Acc_Pauldron.gltf[39m[0m
[   0% ] [90m[1mimport[22m | Started Import Scene (104 steps)[39m[0m
[   0% ] [90m[1mimport[22m | Importing Scene...[39m[0m
[   1% ] [90m[1mimport[22m | Running Custom Script...[39m[0m
[  99% ] [90m[1mimport[22m | Saving...[39m[0m
[92m[ DONE ][39m [1mimport[22m
[0m
[  67% ] [90m[1mreimport[22m | Male_Ranger_Acc_Pauldron.fbx[39m[0m
[   0% ] [90m[1mimport[22m | Started Import Scene (104 steps)[39m[0m
[   0% ] [90m[1mimport[22m | Importing Scene...[39m[0m
[   1% ] [90m[1mimport[22m | Running Custom Script...[39m[0m
[  99% ] [90m[1mimport[22m | Saving...[39m[0m
[92m[ DONE ][39m [1mimport[22m
[0m
[  67% ] [90m[1mreimport[22m | Male_Ranger.gltf[39m[0m
[   0% ] [90m[1mimport[22m | Started Import Scene (104 steps)[39m[0m
[   0% ] [90m[1mimport[22m | Importing Scene...[39m[0m
[   1% ] [90m[1mimport[22m | Running Custom Script...[39m[0m
[  99% ] [90m[1mimport[22m | Saving...[39m[0m
[92m[ DONE ][39m [1mimport[22m
[0m
[  67% ] [90m[1mreimport[22m | Male_Ranger.fbx[39m[0m
[   0% ] [90m[1mimport[22m | Started Import Scene (104 steps)[39m[0m
[   0% ] [90m[1mimport[22m | Importing Scene...[39m[0m
[   1% ] [90m[1mimport[22m | Running Custom Script...[39m[0m
[  99% ] [90m[1mimport[22m | Saving...[39m[0m
[92m[ DONE ][39m [1mimport[22m
[0m
[  67% ] [90m[1mreimport[22m | Male_Peasant_Legs.gltf[39m[0m
[   0% ] [90m[1mimport[22m | Started Import Scene (104 steps)[39m[0m
[   0% ] [90m[1mimport[22m | Importing Scene...[39m[0m
[   1% ] [90m[1mimport[22m | Running Custom Script...[39m[0m
[  99% ] [90m[1mimport[22m | Saving...[39m[0m
[92m[ DONE ][39m [1mimport[22m
[0m
[  67% ] [90m[1mreimport[22m | Male_Peasant_Legs.fbx[39m[0m
[   0% ] [90m[1mimport[22m | Started Import Scene (104 steps)[39m[0m
[   0% ] [90m[1mimport[22m | Importing Scene...[39m[0m
[   1% ] [90m[1mimport[22m | Running Custom Script...[39m[0m
[  99% ] [90m[1mimport[22m | Saving...[39m[0m
[92m[ DONE ][39m [1mimport[22m
[0m
[  67% ] [90m[1mreimport[22m | Male_Peasant_Feet.gltf[39m[0m
[   0% ] [90m[1mimport[22m | Started Import Scene (104 steps)[39m[0m
[   0% ] [90m[1mimport[22m | Importing Scene...[39m[0m
[   1% ] [90m[1mimport[22m | Running Custom Script...[39m[0m
[  99% ] [90m[1mimport[22m | Saving...[39m[0m
[92m[ DONE ][39m [1mimport[22m
[0m
[  67% ] [90m[1mreimport[22m | Male_Peasant_Feet.fbx[39m[0m
[   0% ] [90m[1mimport[22m | Started Import Scene (104 steps)[39m[0m
[   0% ] [90m[1mimport[22m | Importing Scene...[39m[0m
[   1% ] [90m[1mimport[22m | Running Custom Script...[39m[0m
[  99% ] [90m[1mimport[22m | Saving...[39m[0m
[92m[ DONE ][39m [1mimport[22m
[0m
[  67% ] [90m[1mreimport[22m | Male_Peasant_Body.gltf[39m[0m
[   0% ] [90m[1mimport[22m | Started Import Scene (104 steps)[39m[0m
[   0% ] [90m[1mimport[22m | Importing Scene...[39m[0m
[   1% ] [90m[1mimport[22m | Running Custom Script...[39m[0m
[  99% ] [90m[1mimport[22m | Saving...[39m[0m
[92m[ DONE ][39m [1mimport[22m
[0m
[  67% ] [90m[1mreimport[22m | Male_Peasant_Body.fbx[39m[0m
[   0% ] [90m[1mimport[22m | Started Import Scene (104 steps)[39m[0m
[   0% ] [90m[1mimport[22m | Importing Scene...[39m[0m
[   1% ] [90m[1mimport[22m | Running Custom Script...[39m[0m
[  99% ] [90m[1mimport[22m | Saving...[39m[0m
[92m[ DONE ][39m [1mimport[22m
[0m
[  67% ] [90m[1mreimport[22m | Male_Peasant_Arms.gltf[39m[0m
[   0% ] [90m[1mimport[22m | Started Import Scene (104 steps)[39m[0m
[   0% ] [90m[1mimport[22m | Importing Scene...[39m[0m
[   1% ] [90m[1mimport[22m | Running Custom Script...[39m[0m
[  99% ] [90m[1mimport[22m | Saving...[39m[0m
[92m[ DONE ][39m [1mimport[22m
[0m
[  67% ] [90m[1mreimport[22m | Female_Peasant_Body.gltf[39m[0m
[   0% ] [90m[1mimport[22m | Started Import Scene (104 steps)[39m[0m
[   0% ] [90m[1mimport[22m | Importing Scene...[39m[0m
[   1% ] [90m[1mimport[22m | Running Custom Script...[39m[0m
[  99% ] [90m[1mimport[22m | Saving...[39m[0m
[92m[ DONE ][39m [1mimport[22m
[0m
[  67% ] [90m[1mreimport[22m | Female_Peasant_Body.fbx[39m[0m
[   0% ] [90m[1mimport[22m | Started Import Scene (104 steps)[39m[0m
[   0% ] [90m[1mimport[22m | Importing Scene...[39m[0m
[   1% ] [90m[1mimport[22m | Running Custom Script...[39m[0m
[  99% ] [90m[1mimport[22m | Saving...[39m[0m
[92m[ DONE ][39m [1mimport[22m
[0m
[  68% ] [90m[1mreimport[22m | Female_Peasant_Arms.gltf[39m[0m
[   0% ] [90m[1mimport[22m | Started Import Scene (104 steps)[39m[0m
[   0% ] [90m[1mimport[22m | Importing Scene...[39m[0m
[   1% ] [90m[1mimport[22m | Running Custom Script...[39m[0m
[  99% ] [90m[1mimport[22m | Saving...[39m[0m
[92m[ DONE ][39m [1mimport[22m
[0m
[  68% ] [90m[1mreimport[22m | Female_Peasant_Arms.fbx[39m[0m
[   0% ] [90m[1mimport[22m | Started Import Scene (104 steps)[39m[0m
[   0% ] [90m[1mimport[22m | Importing Scene...[39m[0m
[   1% ] [90m[1mimport[22m | Running Custom Script...[39m[0m
[  99% ] [90m[1mimport[22m | Saving...[39m[0m
[92m[ DONE ][39m [1mimport[22m
[0m
[  68% ] [90m[1mreimport[22m | Female_Peasant.gltf[39m[0m
[   0% ] [90m[1mimport[22m | Started Import Scene (104 steps)[39m[0m
[   0% ] [90m[1mimport[22m | Importing Scene...[39m[0m
[   1% ] [90m[1mimport[22m | Running Custom Script...[39m[0m
[  99% ] [90m[1mimport[22m | Saving...[39m[0m
[92m[ DONE ][39m [1mimport[22m
[0m
[  68% ] [90m[1mreimport[22m | Female_Peasant.fbx[39m[0m
[   0% ] [90m[1mimport[22m | Started Import Scene (104 steps)[39m[0m
[   0% ] [90m[1mimport[22m | Importing Scene...[39m[0m
[   1% ] [90m[1mimport[22m | Running Custom Script...[39m[0m
[  99% ] [90m[1mimport[22m | Saving...[39m[0m
[92m[ DONE ][39m [1mimport[22m
[0m
[  68% ] [90m[1mreimport[22m | Farmer.gltf[39m[0m
[   0% ] [90m[1mimport[22m | Started Import Scene (104 steps)[39m[0m
[   0% ] [90m[1mimport[22m | Importing Scene...[39m[0m
[   1% ] [90m[1mimport[22m | Running Custom Script...[39m[0m
[  99% ] [90m[1mimport[22m | Saving...[39m[0m
[92m[ DONE ][39m [1mimport[22m
[0m
[  68% ] [90m[1mreimport[22m | Eyebrows_Regular.gltf[39m[0m
[   0% ] [90m[1mimport[22m | Started Import Scene (104 steps)[39m[0m
[   0% ] [90m[1mimport[22m | Importing Scene...[39m[0m
[   1% ] [90m[1mimport[22m | Running Custom Script...[39m[0m
[  99% ] [90m[1mimport[22m | Saving...[39m[0m
[92m[ DONE ][39m [1mimport[22m
[0m
[  68% ] [90m[1mreimport[22m | Eyebrows_Regular.fbx[39m[0m
[   0% ] [90m[1mimport[22m | Started Import Scene (104 steps)[39m[0m
[   0% ] [90m[1mimport[22m | Importing Scene...[39m[0m
[   1% ] [90m[1mimport[22m | Running Custom Script...[39m[0m
[  99% ] [90m[1mimport[22m | Saving...[39m[0m
[92m[ DONE ][39m [1mimport[22m
[0m
[  68% ] [90m[1mreimport[22m | Eyebrows_Female.gltf[39m[0m
[   0% ] [90m[1mimport[22m | Started Import Scene (104 steps)[39m[0m
[   0% ] [90m[1mimport[22m | Importing Scene...[39m[0m
[   1% ] [90m[1mimport[22m | Running Custom Script...[39m[0m
[  99% ] [90m[1mimport[22m | Saving...[39m[0m
[92m[ DONE ][39m [1mimport[22m
[0m
[  68% ] [90m[1mreimport[22m | Eyebrows_Female.fbx[39m[0m
[   0% ] [90m[1mimport[22m | Started Import Scene (104 steps)[39m[0m
[   0% ] [90m[1mimport[22m | Importing Scene...[39m[0m
[   1% ] [90m[1mimport[22m | Running Custom Script...[39m[0m
[  99% ] [90m[1mimport[22m | Saving...[39m[0m
[92m[ DONE ][39m [1mimport[22m
[0m
[  68% ] [90m[1mreimport[22m | Casual_Hoodie.gltf[39m[0m
[   0% ] [90m[1mimport[22m | Started Import Scene (104 steps)[39m[0m
[   0% ] [90m[1mimport[22m | Importing Scene...[39m[0m
[   1% ] [90m[1mimport[22m | Running Custom Script...[39m[0m
[  99% ] [90m[1mimport[22m | Saving...[39m[0m
[92m[ DONE ][39m [1mimport[22m
[0m
[  68% ] [90m[1mreimport[22m | Casual_2.gltf[39m[0m
[   0% ] [90m[1mimport[22m | Started Import Scene (104 steps)[39m[0m
[   0% ] [90m[1mimport[22m | Importing Scene...[39m[0m
[   1% ] [90m[1mimport[22m | Running Custom Script...[39m[0m
[  99% ] [90m[1mimport[22m | Saving...[39m[0m
[92m[ DONE ][39m [1mimport[22m
[0m
[  68% ] [90m[1mreimport[22m | Casual.gltf[39m[0m
[   0% ] [90m[1mimport[22m | Started Import Scene (104 steps)[39m[0m
[   0% ] [90m[1mimport[22m | Importing Scene...[39m[0m
[   1% ] [90m[1mimport[22m | Running Custom Script...[39m[0m
[  99% ] [90m[1mimport[22m | Saving...[39m[0m
[92m[ DONE ][39m [1mimport[22m
[0m
[  69% ] [90m[1mreimport[22m | Beach.gltf[39m[0m
[   0% ] [90m[1mimport[22m | Started Import Scene (104 steps)[39m[0m
[   0% ] [90m[1mimport[22m | Importing Scene...[39m[0m
[   1% ] [90m[1mimport[22m | Running Custom Script...[39m[0m
[  99% ] [90m[1mimport[22m | Saving...[39m[0m
[92m[ DONE ][39m [1mimport[22m
[0m
[  69% ] [90m[1mreimport[22m | Adventurer.gltf[39m[0m
[   0% ] [90m[1mimport[22m | Started Import Scene (104 steps)[39m[0m
[   0% ] [90m[1mimport[22m | Importing Scene...[39m[0m
[   1% ] [90m[1mimport[22m | Running Custom Script...[39m[0m
[  99% ] [90m[1mimport[22m | Saving...[39m[0m
[92m[ DONE ][39m [1mimport[22m
[0m
[  69% ] [90m[1mreimport[22m | UAL1_Standard_RM.glb[39m[0m
[   0% ] [90m[1mimport[22m | Started Import Scene (104 steps)[39m[0m
[   0% ] [90m[1mimport[22m | Importing Scene...[39m[0m
[   1% ] [90m[1mimport[22m | Running Custom Script...[39m[0m
[  99% ] [90m[1mimport[22m | Saving...[39m[0m
[92m[ DONE ][39m [1mimport[22m
[0m
[  69% ] [90m[1mreimport[22m | UAL1_Standard.glb[39m[0m
[   0% ] [90m[1mimport[22m | Started Import Scene (104 steps)[39m[0m
[   0% ] [90m[1mimport[22m | Importing Scene...[39m[0m
[   1% ] [90m[1mimport[22m | Running Custom Script...[39m[0m
[  99% ] [90m[1mimport[22m | Saving...[39m[0m
[92m[ DONE ][39m [1mimport[22m
[0m
[  69% ] [90m[1mreimport[22m | Female_Ranger_Legs.gltf[39m[0m
[   0% ] [90m[1mimport[22m | Started Import Scene (104 steps)[39m[0m
[   0% ] [90m[1mimport[22m | Importing Scene...[39m[0m
[   1% ] [90m[1mimport[22m | Running Custom Script...[39m[0m
[  99% ] [90m[1mimport[22m | Saving...[39m[0m
[92m[ DONE ][39m [1mimport[22m
[0m
[  69% ] [90m[1mreimport[22m | Female_Ranger_Legs.fbx[39m[0m
[   0% ] [90m[1mimport[22m | Started Import Scene (104 steps)[39m[0m
[   0% ] [90m[1mimport[22m | Importing Scene...[39m[0m
[   1% ] [90m[1mimport[22m | Running Custom Script...[39m[0m
[  99% ] [90m[1mimport[22m | Saving...[39m[0m
[92m[ DONE ][39m [1mimport[22m
[0m
[  69% ] [90m[1mreimport[22m | Female_Ranger_Head_Hood.gltf[39m[0m
[   0% ] [90m[1mimport[22m | Started Import Scene (104 steps)[39m[0m
[   0% ] [90m[1mimport[22m | Importing Scene...[39m[0m
[   1% ] [90m[1mimport[22m | Running Custom Script...[39m[0m
[  99% ] [90m[1mimport[22m | Saving...[39m[0m
[92m[ DONE ][39m [1mimport[22m
[0m
[  69% ] [90m[1mreimport[22m | Female_Ranger_Head_Hood.fbx[39m[0m
[   0% ] [90m[1mimport[22m | Started Import Scene (104 steps)[39m[0m
[   0% ] [90m[1mimport[22m | Importing Scene...[39m[0m
[   1% ] [90m[1mimport[22m | Running Custom Script...[39m[0m
[  99% ] [90m[1mimport[22m | Saving...[39m[0m
[92m[ DONE ][39m [1mimport[22m
[0m
[  69% ] [90m[1mreimport[22m | Female_Ranger_Feet.gltf[39m[0m
[   0% ] [90m[1mimport[22m | Started Import Scene (104 steps)[39m[0m
[   0% ] [90m[1mimport[22m | Importing Scene...[39m[0m
[   1% ] [90m[1mimport[22m | Running Custom Script...[39m[0m
[  99% ] [90m[1mimport[22m | Saving...[39m[0m
[92m[ DONE ][39m [1mimport[22m
[0m
[  69% ] [90m[1mreimport[22m | Female_Ranger_Feet.fbx[39m[0m
[   0% ] [90m[1mimport[22m | Started Import Scene (104 steps)[39m[0m
[   0% ] [90m[1mimport[22m | Importing Scene...[39m[0m
[   1% ] [90m[1mimport[22m | Running Custom Script...[39m[0m
[  99% ] [90m[1mimport[22m | Saving...[39m[0m
[92m[ DONE ][39m [1mimport[22m
[0m
[  69% ] [90m[1mreimport[22m | Female_Ranger_Body.gltf[39m[0m
[   0% ] [90m[1mimport[22m | Started Import Scene (104 steps)[39m[0m
[   0% ] [90m[1mimport[22m | Importing Scene...[39m[0m
[   1% ] [90m[1mimport[22m | Running Custom Script...[39m[0m
[  99% ] [90m[1mimport[22m | Saving...[39m[0m
[92m[ DONE ][39m [1mimport[22m
[0m
[  69% ] [90m[1mreimport[22m | Female_Ranger_Body.fbx[39m[0m
[   0% ] [90m[1mimport[22m | Started Import Scene (104 steps)[39m[0m
[   0% ] [90m[1mimport[22m | Importing Scene...[39m[0m
[   1% ] [90m[1mimport[22m | Running Custom Script...[39m[0m
[  99% ] [90m[1mimport[22m | Saving...[39m[0m
[92m[ DONE ][39m [1mimport[22m
[0m
[  69% ] [90m[1mreimport[22m | Female_Ranger_Arms.gltf[39m[0m
[   0% ] [90m[1mimport[22m | Started Import Scene (104 steps)[39m[0m
[   0% ] [90m[1mimport[22m | Importing Scene...[39m[0m
[   1% ] [90m[1mimport[22m | Running Custom Script...[39m[0m
[  99% ] [90m[1mimport[22m | Saving...[39m[0m
[92m[ DONE ][39m [1mimport[22m
[0m
[  70% ] [90m[1mreimport[22m | Female_Ranger_Arms.fbx[39m[0m
[   0% ] [90m[1mimport[22m | Started Import Scene (104 steps)[39m[0m
[   0% ] [90m[1mimport[22m | Importing Scene...[39m[0m
[   1% ] [90m[1mimport[22m | Running Custom Script...[39m[0m
[  99% ] [90m[1mimport[22m | Saving...[39m[0m
[92m[ DONE ][39m [1mimport[22m
[0m
[  70% ] [90m[1mreimport[22m | Female_Ranger_Acc_Pauldrons.gltf[39m[0m
[   0% ] [90m[1mimport[22m | Started Import Scene (104 steps)[39m[0m
[   0% ] [90m[1mimport[22m | Importing Scene...[39m[0m
[   1% ] [90m[1mimport[22m | Running Custom Script...[39m[0m
[  99% ] [90m[1mimport[22m | Saving...[39m[0m
[92m[ DONE ][39m [1mimport[22m
[0m
[  70% ] [90m[1mreimport[22m | Female_Ranger_Acc_Pauldrons.fbx[39m[0m
[   0% ] [90m[1mimport[22m | Started Import Scene (104 steps)[39m[0m
[   0% ] [90m[1mimport[22m | Importing Scene...[39m[0m
[   1% ] [90m[1mimport[22m | Running Custom Script...[39m[0m
[  99% ] [90m[1mimport[22m | Saving...[39m[0m
[92m[ DONE ][39m [1mimport[22m
[0m
[  70% ] [90m[1mreimport[22m | Female_Ranger.gltf[39m[0m
[   0% ] [90m[1mimport[22m | Started Import Scene (104 steps)[39m[0m
[   0% ] [90m[1mimport[22m | Importing Scene...[39m[0m
[   1% ] [90m[1mimport[22m | Running Custom Script...[39m[0m
[  99% ] [90m[1mimport[22m | Saving...[39m[0m
[92m[ DONE ][39m [1mimport[22m
[0m
[  70% ] [90m[1mreimport[22m | Female_Ranger.fbx[39m[0m
[   0% ] [90m[1mimport[22m | Started Import Scene (104 steps)[39m[0m
[   0% ] [90m[1mimport[22m | Importing Scene...[39m[0m
[   1% ] [90m[1mimport[22m | Running Custom Script...[39m[0m
[  99% ] [90m[1mimport[22m | Saving...[39m[0m
[92m[ DONE ][39m [1mimport[22m
[0m
[  70% ] [90m[1mreimport[22m | Female_Peasant_Legs.gltf[39m[0m
[   0% ] [90m[1mimport[22m | Started Import Scene (104 steps)[39m[0m
[   0% ] [90m[1mimport[22m | Importing Scene...[39m[0m
[   1% ] [90m[1mimport[22m | Running Custom Script...[39m[0m
[  99% ] [90m[1mimport[22m | Saving...[39m[0m
[92m[ DONE ][39m [1mimport[22m
[0m
[  70% ] [90m[1mreimport[22m | Female_Peasant_Legs.fbx[39m[0m
[   0% ] [90m[1mimport[22m | Started Import Scene (104 steps)[39m[0m
[   0% ] [90m[1mimport[22m | Importing Scene...[39m[0m
[   1% ] [90m[1mimport[22m | Running Custom Script...[39m[0m
[  99% ] [90m[1mimport[22m | Saving...[39m[0m
[92m[ DONE ][39m [1mimport[22m
[0m
[  70% ] [90m[1mreimport[22m | Female_Peasant_Feet.gltf[39m[0m
[   0% ] [90m[1mimport[22m | Started Import Scene (104 steps)[39m[0m
[   0% ] [90m[1mimport[22m | Importing Scene...[39m[0m
[   1% ] [90m[1mimport[22m | Running Custom Script...[39m[0m
[  99% ] [90m[1mimport[22m | Saving...[39m[0m
[92m[ DONE ][39m [1mimport[22m
[0m
[  70% ] [90m[1mreimport[22m | Female_Peasant_Feet.fbx[39m[0m
[   0% ] [90m[1mimport[22m | Started Import Scene (104 steps)[39m[0m
[   0% ] [90m[1mimport[22m | Importing Scene...[39m[0m
[   1% ] [90m[1mimport[22m | Running Custom Script...[39m[0m
[  99% ] [90m[1mimport[22m | Saving...[39m[0m
[92m[ DONE ][39m [1mimport[22m
[0m
[  70% ] [90m[1mreimport[22m | Book1_Closed.fbx[39m[0m
[   0% ] [90m[1mimport[22m | Started Import Scene (104 steps)[39m[0m
[   0% ] [90m[1mimport[22m | Importing Scene...[39m[0m
[   1% ] [90m[1mimport[22m | Running Custom Script...[39m[0m
[  99% ] [90m[1mimport[22m | Saving...[39m[0m
[92m[ DONE ][39m [1mimport[22m
[0m
[  70% ] [90m[1mreimport[22m | Bone.fbx[39m[0m
[   0% ] [90m[1mimport[22m | Started Import Scene (104 steps)[39m[0m
[   0% ] [90m[1mimport[22m | Importing Scene...[39m[0m
[   1% ] [90m[1mimport[22m | Running Custom Script...[39m[0m
[  99% ] [90m[1mimport[22m | Saving...[39m[0m
[92m[ DONE ][39m [1mimport[22m
[0m
[  70% ] [90m[1mreimport[22m | Bag.fbx[39m[0m
[   0% ] [90m[1mimport[22m | Started Import Scene (104 steps)[39m[0m
[   0% ] [90m[1mimport[22m | Importing Scene...[39m[0m
[   1% ] [90m[1mimport[22m | Running Custom Script...[39m[0m
[  99% ] [90m[1mimport[22m | Saving...[39m[0m
[92m[ DONE ][39m [1mimport[22m
[0m
[  71% ] [90m[1mreimport[22m | Backpack.fbx[39m[0m
[   0% ] [90m[1mimport[22m | Started Import Scene (104 steps)[39m[0m
[   0% ] [90m[1mimport[22m | Importing Scene...[39m[0m
[   1% ] [90m[1mimport[22m | Running Custom Script...[39m[0m
[  99% ] [90m[1mimport[22m | Saving...[39m[0m
[92m[ DONE ][39m [1mimport[22m
[0m
[  71% ] [90m[1mreimport[22m | Axe_small_Golden.fbx[39m[0m
[   0% ] [90m[1mimport[22m | Started Import Scene (104 steps)[39m[0m
[   0% ] [90m[1mimport[22m | Importing Scene...[39m[0m
[   1% ] [90m[1mimport[22m | Running Custom Script...[39m[0m
[  99% ] [90m[1mimport[22m | Saving...[39m[0m
[92m[ DONE ][39m [1mimport[22m
[0m
[  71% ] [90m[1mreimport[22m | Axe_small.fbx[39m[0m
[   0% ] [90m[1mimport[22m | Started Import Scene (104 steps)[39m[0m
[   0% ] [90m[1mimport[22m | Importing Scene...[39m[0m
[   1% ] [90m[1mimport[22m | Running Custom Script...[39m[0m
[  99% ] [90m[1mimport[22m | Saving...[39m[0m
[92m[ DONE ][39m [1mimport[22m
[0m
[  71% ] [90m[1mreimport[22m | Axe_Double_Golden.fbx[39m[0m
[   0% ] [90m[1mimport[22m | Started Import Scene (104 steps)[39m[0m
[   0% ] [90m[1mimport[22m | Importing Scene...[39m[0m
[   1% ] [90m[1mimport[22m | Running Custom Script...[39m[0m
[  99% ] [90m[1mimport[22m | Saving...[39m[0m
[92m[ DONE ][39m [1mimport[22m
[0m
[  71% ] [90m[1mreimport[22m | Axe_Double.fbx[39m[0m
[   0% ] [90m[1mimport[22m | Started Import Scene (104 steps)[39m[0m
[   0% ] [90m[1mimport[22m | Importing Scene...[39m[0m
[   1% ] [90m[1mimport[22m | Running Custom Script...[39m[0m
[  99% ] [90m[1mimport[22m | Saving...[39m[0m
[92m[ DONE ][39m [1mimport[22m
[0m
[  71% ] [90m[1mreimport[22m | Arrow_Golden.fbx[39m[0m
[   0% ] [90m[1mimport[22m | Started Import Scene (104 steps)[39m[0m
[   0% ] [90m[1mimport[22m | Importing Scene...[39m[0m
[   1% ] [90m[1mimport[22m | Running Custom Script...[39m[0m
[  99% ] [90m[1mimport[22m | Saving...[39m[0m
[92m[ DONE ][39m [1mimport[22m
[0m
[  71% ] [90m[1mreimport[22m | Arrow.fbx[39m[0m
[   0% ] [90m[1mimport[22m | Started Import Scene (104 steps)[39m[0m
[   0% ] [90m[1mimport[22m | Importing Scene...[39m[0m
[   1% ] [90m[1mimport[22m | Running Custom Script...[39m[0m
[  99% ] [90m[1mimport[22m | Saving...[39m[0m
[92m[ DONE ][39m [1mimport[22m
[0m
[  71% ] [90m[1mreimport[22m | Armor_Metal.fbx[39m[0m
[   0% ] [90m[1mimport[22m | Started Import Scene (104 steps)[39m[0m
[   0% ] [90m[1mimport[22m | Importing Scene...[39m[0m
[   1% ] [90m[1mimport[22m | Running Custom Script...[39m[0m
[  99% ] [90m[1mimport[22m | Saving...[39m[0m
[92m[ DONE ][39m [1mimport[22m
[0m
[  71% ] [90m[1mreimport[22m | Armor_Metal2.fbx[39m[0m
[   0% ] [90m[1mimport[22m | Started Import Scene (104 steps)[39m[0m
[   0% ] [90m[1mimport[22m | Importing Scene...[39m[0m
[   1% ] [90m[1mimport[22m | Running Custom Script...[39m[0m
[  99% ] [90m[1mimport[22m | Saving...[39m[0m
[92m[ DONE ][39m [1mimport[22m
[0m
[  71% ] [90m[1mreimport[22m | Armor_Leather.fbx[39m[0m
[   0% ] [90m[1mimport[22m | Started Import Scene (104 steps)[39m[0m
[   0% ] [90m[1mimport[22m | Importing Scene...[39m[0m
[   1% ] [90m[1mimport[22m | Running Custom Script...[39m[0m
[  99% ] [90m[1mimport[22m | Saving...[39m[0m
[92m[ DONE ][39m [1mimport[22m
[0m
[  71% ] [90m[1mreimport[22m | Armor_Golden.fbx[39m[0m
[   0% ] [90m[1mimport[22m | Started Import Scene (104 steps)[39m[0m
[   0% ] [90m[1mimport[22m | Importing Scene...[39m[0m
[   1% ] [90m[1mimport[22m | Running Custom Script...[39m[0m
[  99% ] [90m[1mimport[22m | Saving...[39m[0m
[92m[ DONE ][39m [1mimport[22m
[0m
[  71% ] [90m[1mreimport[22m | Armor_Black.fbx[39m[0m
[   0% ] [90m[1mimport[22m | Started Import Scene (104 steps)[39m[0m
[   0% ] [90m[1mimport[22m | Importing Scene...[39m[0m
[   1% ] [90m[1mimport[22m | Running Custom Script...[39m[0m
[  99% ] [90m[1mimport[22m | Saving...[39m[0m
[92m[ DONE ][39m [1mimport[22m
[0m
[  72% ] [90m[1mreimport[22m | Worker.gltf[39m[0m
[   0% ] [90m[1mimport[22m | Started Import Scene (104 steps)[39m[0m
[   0% ] [90m[1mimport[22m | Importing Scene...[39m[0m
[   1% ] [90m[1mimport[22m | Running Custom Script...[39m[0m
[  99% ] [90m[1mimport[22m | Saving...[39m[0m
[92m[ DONE ][39m [1mimport[22m
[0m
[  72% ] [90m[1mreimport[22m | Witch.gltf[39m[0m
[   0% ] [90m[1mimport[22m | Started Import Scene (104 steps)[39m[0m
[   0% ] [90m[1mimport[22m | Importing Scene...[39m[0m
[   1% ] [90m[1mimport[22m | Running Custom Script...[39m[0m
[  99% ] [90m[1mimport[22m | Saving...[39m[0m
[92m[ DONE ][39m [1mimport[22m
[0m
[  72% ] [90m[1mreimport[22m | sword_2handed_color.gltf[39m[0m
[   0% ] [90m[1mimport[22m | Started Import Scene (104 steps)[39m[0m
[   0% ] [90m[1mimport[22m | Importing Scene...[39m[0m
[   1% ] [90m[1mimport[22m | Running Custom Script...[39m[0m
[  99% ] [90m[1mimport[22m | Saving...[39m[0m
[92m[ DONE ][39m [1mimport[22m
[0m
[  72% ] [90m[1mreimport[22m | Crown2.fbx[39m[0m
[   0% ] [90m[1mimport[22m | Started Import Scene (104 steps)[39m[0m
[   0% ] [90m[1mimport[22m | Importing Scene...[39m[0m
[   1% ] [90m[1mimport[22m | Running Custom Script...[39m[0m
[  99% ] [90m[1mimport[22m | Saving...[39m[0m
[92m[ DONE ][39m [1mimport[22m
[0m
[  72% ] [90m[1mreimport[22m | Coin_Star.fbx[39m[0m
[   0% ] [90m[1mimport[22m | Started Import Scene (104 steps)[39m[0m
[   0% ] [90m[1mimport[22m | Importing Scene...[39m[0m
[   1% ] [90m[1mimport[22m | Running Custom Script...[39m[0m
[  99% ] [90m[1mimport[22m | Saving...[39m[0m
[92m[ DONE ][39m [1mimport[22m
[0m
[  72% ] [90m[1mreimport[22m | Coin_Skull.fbx[39m[0m
[   0% ] [90m[1mimport[22m | Started Import Scene (104 steps)[39m[0m
[   0% ] [90m[1mimport[22m | Importing Scene...[39m[0m
[   1% ] [90m[1mimport[22m | Running Custom Script...[39m[0m
[  99% ] [90m[1mimport[22m | Saving...[39m[0m
[92m[ DONE ][39m [1mimport[22m
[0m
[  72% ] [90m[1mreimport[22m | Coin.fbx[39m[0m
[   0% ] [90m[1mimport[22m | Started Import Scene (104 steps)[39m[0m
[   0% ] [90m[1mimport[22m | Importing Scene...[39m[0m
[   1% ] [90m[1mimport[22m | Running Custom Script...[39m[0m
[  99% ] [90m[1mimport[22m | Saving...[39m[0m
[92m[ DONE ][39m [1mimport[22m
[0m
[  72% ] [90m[1mreimport[22m | ChickenLeg.fbx[39m[0m
[   0% ] [90m[1mimport[22m | Started Import Scene (104 steps)[39m[0m
[   0% ] [90m[1mimport[22m | Importing Scene...[39m[0m
[   1% ] [90m[1mimport[22m | Running Custom Script...[39m[0m
[  99% ] [90m[1mimport[22m | Saving...[39m[0m
[92m[ DONE ][39m [1mimport[22m
[0m
[  72% ] [90m[1mreimport[22m | Chest_Open.fbx[39m[0m
[   0% ] [90m[1mimport[22m | Started Import Scene (104 steps)[39m[0m
[   0% ] [90m[1mimport[22m | Importing Scene...[39m[0m
[   1% ] [90m[1mimport[22m | Running Custom Script...[39m[0m
[  99% ] [90m[1mimport[22m | Saving...[39m[0m
[92m[ DONE ][39m [1mimport[22m
[0m
[  72% ] [90m[1mreimport[22m | Chest_Ingots.fbx[39m[0m
[   0% ] [90m[1mimport[22m | Started Import Scene (104 steps)[39m[0m
[   0% ] [90m[1mimport[22m | Importing Scene...[39m[0m
[   1% ] [90m[1mimport[22m | Running Custom Script...[39m[0m
[  99% ] [90m[1mimport[22m | Saving...[39m[0m
[92m[ DONE ][39m [1mimport[22m
[0m
[  72% ] [90m[1mreimport[22m | Chest_Closed.fbx[39m[0m
[   0% ] [90m[1mimport[22m | Started Import Scene (104 steps)[39m[0m
[   0% ] [90m[1mimport[22m | Importing Scene...[39m[0m
[   1% ] [90m[1mimport[22m | Running Custom Script...[39m[0m
[  99% ] [90m[1mimport[22m | Saving...[39m[0m
[92m[ DONE ][39m [1mimport[22m
[0m
[  72% ] [90m[1mreimport[22m | Chalice.fbx[39m[0m
[   0% ] [90m[1mimport[22m | Started Import Scene (104 steps)[39m[0m
[   0% ] [90m[1mimport[22m | Importing Scene...[39m[0m
[   1% ] [90m[1mimport[22m | Running Custom Script...[39m[0m
[  99% ] [90m[1mimport[22m | Saving...[39m[0m
[92m[ DONE ][39m [1mimport[22m
[0m
[  72% ] [90m[1mreimport[22m | Bow_Wooden.fbx[39m[0m
[   0% ] [90m[1mimport[22m | Started Import Scene (104 steps)[39m[0m
[   0% ] [90m[1mimport[22m | Importing Scene...[39m[0m
[   1% ] [90m[1mimport[22m | Running Custom Script...[39m[0m
[  99% ] [90m[1mimport[22m | Saving...[39m[0m
[92m[ DONE ][39m [1mimport[22m
[0m
[  73% ] [90m[1mreimport[22m | Bow_Golden.fbx[39m[0m
[   0% ] [90m[1mimport[22m | Started Import Scene (104 steps)[39m[0m
[   0% ] [90m[1mimport[22m | Importing Scene...[39m[0m
[   1% ] [90m[1mimport[22m | Running Custom Script...[39m[0m
[  99% ] [90m[1mimport[22m | Saving...[39m[0m
[92m[ DONE ][39m [1mimport[22m
[0m
[  73% ] [90m[1mreimport[22m | Book4_Open.fbx[39m[0m
[   0% ] [90m[1mimport[22m | Started Import Scene (104 steps)[39m[0m
[   0% ] [90m[1mimport[22m | Importing Scene...[39m[0m
[   1% ] [90m[1mimport[22m | Running Custom Script...[39m[0m
[  99% ] [90m[1mimport[22m | Saving...[39m[0m
[92m[ DONE ][39m [1mimport[22m
[0m
[  73% ] [90m[1mreimport[22m | Book4_Closed.fbx[39m[0m
[   0% ] [90m[1mimport[22m | Started Import Scene (104 steps)[39m[0m
[   0% ] [90m[1mimport[22m | Importing Scene...[39m[0m
[   1% ] [90m[1mimport[22m | Running Custom Script...[39m[0m
[  99% ] [90m[1mimport[22m | Saving...[39m[0m
[92m[ DONE ][39m [1mimport[22m
[0m
[  73% ] [90m[1mreimport[22m | Book3_Open.fbx[39m[0m
[   0% ] [90m[1mimport[22m | Started Import Scene (104 steps)[39m[0m
[   0% ] [90m[1mimport[22m | Importing Scene...[39m[0m
[   1% ] [90m[1mimport[22m | Running Custom Script...[39m[0m
[  99% ] [90m[1mimport[22m | Saving...[39m[0m
[92m[ DONE ][39m [1mimport[22m
[0m
[  73% ] [90m[1mreimport[22m | Book3_Closed.fbx[39m[0m
[   0% ] [90m[1mimport[22m | Started Import Scene (104 steps)[39m[0m
[   0% ] [90m[1mimport[22m | Importing Scene...[39m[0m
[   1% ] [90m[1mimport[22m | Running Custom Script...[39m[0m
[  99% ] [90m[1mimport[22m | Saving...[39m[0m
[92m[ DONE ][39m [1mimport[22m
[0m
[  73% ] [90m[1mreimport[22m | Book2_Open.fbx[39m[0m
[   0% ] [90m[1mimport[22m | Started Import Scene (104 steps)[39m[0m
[   0% ] [90m[1mimport[22m | Importing Scene...[39m[0m
[   1% ] [90m[1mimport[22m | Running Custom Script...[39m[0m
[  99% ] [90m[1mimport[22m | Saving...[39m[0m
[92m[ DONE ][39m [1mimport[22m
[0m
[  73% ] [90m[1mreimport[22m | Book2_Closed.fbx[39m[0m
[   0% ] [90m[1mimport[22m | Started Import Scene (104 steps)[39m[0m
[   0% ] [90m[1mimport[22m | Importing Scene...[39m[0m
[   1% ] [90m[1mimport[22m | Running Custom Script...[39m[0m
[  99% ] [90m[1mimport[22m | Saving...[39m[0m
[92m[ DONE ][39m [1mimport[22m
[0m
[  73% ] [90m[1mreimport[22m | Book1_Open.fbx[39m[0m
[   0% ] [90m[1mimport[22m | Started Import Scene (104 steps)[39m[0m
[   0% ] [90m[1mimport[22m | Importing Scene...[39m[0m
[   1% ] [90m[1mimport[22m | Running Custom Script...[39m[0m
[  99% ] [90m[1mimport[22m | Saving...[39m[0m
[92m[ DONE ][39m [1mimport[22m
[0m
[  73% ] [90m[1mreimport[22m | Skeleton_Arrow_Half.gltf[39m[0m
[   0% ] [90m[1mimport[22m | Started Import Scene (104 steps)[39m[0m
[   0% ] [90m[1mimport[22m | Importing Scene...[39m[0m
[   1% ] [90m[1mimport[22m | Running Custom Script...[39m[0m
[  99% ] [90m[1mimport[22m | Saving...[39m[0m
[92m[ DONE ][39m [1mimport[22m
[0m
[  73% ] [90m[1mreimport[22m | Skeleton_Arrow_Broken_Half.gltf[39m[0m
[   0% ] [90m[1mimport[22m | Started Import Scene (104 steps)[39m[0m
[   0% ] [90m[1mimport[22m | Importing Scene...[39m[0m
[   1% ] [90m[1mimport[22m | Running Custom Script...[39m[0m
[  99% ] [90m[1mimport[22m | Saving...[39m[0m
[92m[ DONE ][39m [1mimport[22m
[0m
[  73% ] [90m[1mreimport[22m | Skeleton_Arrow_Broken.gltf[39m[0m
[   0% ] [90m[1mimport[22m | Started Import Scene (104 steps)[39m[0m
[   0% ] [90m[1mimport[22m | Importing Scene...[39m[0m
[   1% ] [90m[1mimport[22m | Running Custom Script...[39m[0m
[  99% ] [90m[1mimport[22m | Saving...[39m[0m
[92m[ DONE ][39m [1mimport[22m
[0m
[  73% ] [90m[1mreimport[22m | Skeleton_Arrow.gltf[39m[0m
[   0% ] [90m[1mimport[22m | Started Import Scene (104 steps)[39m[0m
[   0% ] [90m[1mimport[22m | Importing Scene...[39m[0m
[   1% ] [90m[1mimport[22m | Running Custom Script...[39m[0m
[  99% ] [90m[1mimport[22m | Saving...[39m[0m
[92m[ DONE ][39m [1mimport[22m
[0m
[  74% ] [90m[1mreimport[22m | shield_square_color.gltf[39m[0m
[   0% ] [90m[1mimport[22m | Started Import Scene (104 steps)[39m[0m
[   0% ] [90m[1mimport[22m | Importing Scene...[39m[0m
[   1% ] [90m[1mimport[22m | Running Custom Script...[39m[0m
[  99% ] [90m[1mimport[22m | Saving...[39m[0m
[92m[ DONE ][39m [1mimport[22m
[0m
[  74% ] [90m[1mreimport[22m | shield_square.gltf[39m[0m
[   0% ] [90m[1mimport[22m | Started Import Scene (104 steps)[39m[0m
[   0% ] [90m[1mimport[22m | Importing Scene...[39m[0m
[   1% ] [90m[1mimport[22m | Running Custom Script...[39m[0m
[  99% ] [90m[1mimport[22m | Saving...[39m[0m
[92m[ DONE ][39m [1mimport[22m
[0m
[  74% ] [90m[1mreimport[22m | shield_spikes_color.gltf[39m[0m
[   0% ] [90m[1mimport[22m | Started Import Scene (104 steps)[39m[0m
[   0% ] [90m[1mimport[22m | Importing Scene...[39m[0m
[   1% ] [90m[1mimport[22m | Running Custom Script...[39m[0m
[  99% ] [90m[1mimport[22m | Saving...[39m[0m
[92m[ DONE ][39m [1mimport[22m
[0m
[  74% ] [90m[1mreimport[22m | shield_round_color.gltf[39m[0m
[   0% ] [90m[1mimport[22m | Started Import Scene (104 steps)[39m[0m
[   0% ] [90m[1mimport[22m | Importing Scene...[39m[0m
[   1% ] [90m[1mimport[22m | Running Custom Script...[39m[0m
[  99% ] [90m[1mimport[22m | Saving...[39m[0m
[92m[ DONE ][39m [1mimport[22m
[0m
[  74% ] [90m[1mreimport[22m | shield_badge_color.gltf[39m[0m
[   0% ] [90m[1mimport[22m | Started Import Scene (104 steps)[39m[0m
[   0% ] [90m[1mimport[22m | Importing Scene...[39m[0m
[   1% ] [90m[1mimport[22m | Running Custom Script...[39m[0m
[  99% ] [90m[1mimport[22m | Saving...[39m[0m
[92m[ DONE ][39m [1mimport[22m
[0m
[  74% ] [90m[1mreimport[22m | SciFi.gltf[39m[0m
[   0% ] [90m[1mimport[22m | Started Import Scene (104 steps)[39m[0m
[   0% ] [90m[1mimport[22m | Importing Scene...[39m[0m
[   1% ] [90m[1mimport[22m | Running Custom Script...[39m[0m
[  99% ] [90m[1mimport[22m | Saving...[39m[0m
[92m[ DONE ][39m [1mimport[22m
[0m
[  74% ] [90m[1mreimport[22m | quiver.gltf[39m[0m
[   0% ] [90m[1mimport[22m | Started Import Scene (104 steps)[39m[0m
[   0% ] [90m[1mimport[22m | Importing Scene...[39m[0m
[   1% ] [90m[1mimport[22m | Running Custom Script...[39m[0m
[  99% ] [90m[1mimport[22m | Saving...[39m[0m
[92m[ DONE ][39m [1mimport[22m
[0m
[  74% ] [90m[1mreimport[22m | Punk.gltf[39m[0m
[   0% ] [90m[1mimport[22m | Started Import Scene (104 steps)[39m[0m
[   0% ] [90m[1mimport[22m | Importing Scene...[39m[0m
[   1% ] [90m[1mimport[22m | Running Custom Script...[39m[0m
[  99% ] [90m[1mimport[22m | Saving...[39m[0m
[92m[ DONE ][39m [1mimport[22m
[0m
[  74% ] [90m[1mreimport[22m | mug_full.gltf[39m[0m
[   0% ] [90m[1mimport[22m | Started Import Scene (104 steps)[39m[0m
[   0% ] [90m[1mimport[22m | Importing Scene...[39m[0m
[   1% ] [90m[1mimport[22m | Running Custom Script...[39m[0m
[  99% ] [90m[1mimport[22m | Saving...[39m[0m
[92m[ DONE ][39m [1mimport[22m
[0m
[  74% ] [90m[1mreimport[22m | mug_empty.gltf[39m[0m
[   0% ] [90m[1mimport[22m | Started Import Scene (104 steps)[39m[0m
[   0% ] [90m[1mimport[22m | Importing Scene...[39m[0m
[   1% ] [90m[1mimport[22m | Running Custom Script...[39m[0m
[  99% ] [90m[1mimport[22m | Saving...[39m[0m
[92m[ DONE ][39m [1mimport[22m
[0m
[  74% ] [90m[1mreimport[22m | Medieval.gltf[39m[0m
[   0% ] [90m[1mimport[22m | Started Import Scene (104 steps)[39m[0m
[   0% ] [90m[1mimport[22m | Importing Scene...[39m[0m
[   1% ] [90m[1mimport[22m | Running Custom Script...[39m[0m
[  99% ] [90m[1mimport[22m | Saving...[39m[0m
[92m[ DONE ][39m [1mimport[22m
[0m
[  74% ] [90m[1mreimport[22m | Male_Ranger_Legs.gltf[39m[0m
[   0% ] [90m[1mimport[22m | Started Import Scene (104 steps)[39m[0m
[   0% ] [90m[1mimport[22m | Importing Scene...[39m[0m
[   1% ] [90m[1mimport[22m | Running Custom Script...[39m[0m
[  99% ] [90m[1mimport[22m | Saving...[39m[0m
[92m[ DONE ][39m [1mimport[22m
[0m
[  75% ] [90m[1mreimport[22m | Male_Ranger_Legs.fbx[39m[0m
[   0% ] [90m[1mimport[22m | Started Import Scene (104 steps)[39m[0m
[   0% ] [90m[1mimport[22m | Importing Scene...[39m[0m
[   1% ] [90m[1mimport[22m | Running Custom Script...[39m[0m
[  99% ] [90m[1mimport[22m | Saving...[39m[0m
[92m[ DONE ][39m [1mimport[22m
[0m
[  75% ] [90m[1mreimport[22m | Male_Ranger_Head_Hood.gltf[39m[0m
[   0% ] [90m[1mimport[22m | Started Import Scene (104 steps)[39m[0m
[   0% ] [90m[1mimport[22m | Importing Scene...[39m[0m
[   1% ] [90m[1mimport[22m | Running Custom Script...[39m[0m
[  99% ] [90m[1mimport[22m | Saving...[39m[0m
[92m[ DONE ][39m [1mimport[22m
[0m
[  75% ] [90m[1mreimport[22m | Swat.gltf[39m[0m
[   0% ] [90m[1mimport[22m | Started Import Scene (104 steps)[39m[0m
[   0% ] [90m[1mimport[22m | Importing Scene...[39m[0m
[   1% ] [90m[1mimport[22m | Running Custom Script...[39m[0m
[  99% ] [90m[1mimport[22m | Saving...[39m[0m
[92m[ DONE ][39m [1mimport[22m
[0m
[  75% ] [90m[1mreimport[22m | Superhero_Male_FullBody.gltf[39m[0m
[   0% ] [90m[1mimport[22m | Started Import Scene (104 steps)[39m[0m
[   0% ] [90m[1mimport[22m | Importing Scene...[39m[0m
ERROR: Can't open file from path 'res://assets/models/characters/T_Hair_1_Normal_png.png'.
   at: get_file_as_bytes (core/io/file_access.cpp:907)
WARNING: glTF: Image index '0' couldn't be loaded as a buffer of MIME type 'image/png' from URI: res://assets/models/characters/T_Hair_1_Normal_png.png because there was no data to load. Skipping it.
   at: _parse_images (modules/gltf/gltf_document.cpp:2389)
ERROR: Can't open file from path 'res://assets/models/characters/T_Eye_Normal_png.png'.
   at: get_file_as_bytes (core/io/file_access.cpp:907)
WARNING: glTF: Image index '2' couldn't be loaded as a buffer of MIME type 'image/png' from URI: res://assets/models/characters/T_Eye_Normal_png.png because there was no data to load. Skipping it.
   at: _parse_images (modules/gltf/gltf_document.cpp:2389)
[   1% ] [90m[1mimport[22m | Running Custom Script...[39m[0m
[  99% ] [90m[1mimport[22m | Saving...[39m[0m
[92m[ DONE ][39m [1mimport[22m
[0m
[  75% ] [90m[1mreimport[22m | Superhero_Male_FullBody.fbx[39m[0m
[   0% ] [90m[1mimport[22m | Started Import Scene (104 steps)[39m[0m
[   0% ] [90m[1mimport[22m | Importing Scene...[39m[0m
[   1% ] [90m[1mimport[22m | Running Custom Script...[39m[0m
[  99% ] [90m[1mimport[22m | Saving...[39m[0m
[92m[ DONE ][39m [1mimport[22m
[0m
[  75% ] [90m[1mreimport[22m | Superhero_Female_FullBody.gltf[39m[0m
[   0% ] [90m[1mimport[22m | Started Import Scene (104 steps)[39m[0m
[   0% ] [90m[1mimport[22m | Importing Scene...[39m[0m
ERROR: Can't open file from path 'res://assets/models/characters/T_Eye_Normal_png.png'.
   at: get_file_as_bytes (core/io/file_access.cpp:907)
WARNING: glTF: Image index '2' couldn't be loaded as a buffer of MIME type 'image/png' from URI: res://assets/models/characters/T_Eye_Normal_png.png because there was no data to load. Skipping it.
   at: _parse_images (modules/gltf/gltf_document.cpp:2389)
[   1% ] [90m[1mimport[22m | Running Custom Script...[39m[0m
[  99% ] [90m[1mimport[22m | Saving...[39m[0m
[92m[ DONE ][39m [1mimport[22m
[0m
[  75% ] [90m[1mreimport[22m | Superhero_Female_FullBody.fbx[39m[0m
[   0% ] [90m[1mimport[22m | Started Import Scene (104 steps)[39m[0m
[   0% ] [90m[1mimport[22m | Importing Scene...[39m[0m
[   1% ] [90m[1mimport[22m | Running Custom Script...[39m[0m
[  99% ] [90m[1mimport[22m | Saving...[39m[0m
[92m[ DONE ][39m [1mimport[22m
[0m
[  75% ] [90m[1mreimport[22m | Suit.gltf[39m[0m
[   0% ] [90m[1mimport[22m | Started Import Scene (104 steps)[39m[0m
[   0% ] [90m[1mimport[22m | Importing Scene...[39m[0m
[   1% ] [90m[1mimport[22m | Running Custom Script...[39m[0m
[  99% ] [90m[1mimport[22m | Saving...[39m[0m
[92m[ DONE ][39m [1mimport[22m
[0m
[  75% ] [90m[1mreimport[22m | Spacesuit.gltf[39m[0m
[   0% ] [90m[1mimport[22m | Started Import Scene (104 steps)[39m[0m
[   0% ] [90m[1mimport[22m | Importing Scene...[39m[0m
[   1% ] [90m[1mimport[22m | Running Custom Script...[39m[0m
[  99% ] [90m[1mimport[22m | Saving...[39m[0m
[92m[ DONE ][39m [1mimport[22m
[0m
[  75% ] [90m[1mreimport[22m | Soldier.gltf[39m[0m
[   0% ] [90m[1mimport[22m | Started Import Scene (104 steps)[39m[0m
[   0% ] [90m[1mimport[22m | Importing Scene...[39m[0m
[   1% ] [90m[1mimport[22m | Running Custom Script...[39m[0m
[  99% ] [90m[1mimport[22m | Saving...[39m[0m
[92m[ DONE ][39m [1mimport[22m
[0m
[  75% ] [90m[1mreimport[22m | smokebomb.gltf[39m[0m
[   0% ] [90m[1mimport[22m | Started Import Scene (104 steps)[39m[0m
[   0% ] [90m[1mimport[22m | Importing Scene...[39m[0m
[   1% ] [90m[1mimport[22m | Running Custom Script...[39m[0m
[  99% ] [90m[1mimport[22m | Saving...[39m[0m
[92m[ DONE ][39m [1mimport[22m
[0m
[  75% ] [90m[1mreimport[22m | Skeleton_Staff.gltf[39m[0m
[   0% ] [90m[1mimport[22m | Started Import Scene (104 steps)[39m[0m
[   0% ] [90m[1mimport[22m | Importing Scene...[39m[0m
[   1% ] [90m[1mimport[22m | Running Custom Script...[39m[0m
[  99% ] [90m[1mimport[22m | Saving...[39m[0m
[92m[ DONE ][39m [1mimport[22m
[0m
[  75% ] [90m[1mreimport[22m | Skeleton_Shield_Small_B.gltf[39m[0m
[   0% ] [90m[1mimport[22m | Started Import Scene (104 steps)[39m[0m
[   0% ] [90m[1mimport[22m | Importing Scene...[39m[0m
[   1% ] [90m[1mimport[22m | Running Custom Script...[39m[0m
[  99% ] [90m[1mimport[22m | Saving...[39m[0m
[92m[ DONE ][39m [1mimport[22m
[0m
[  76% ] [90m[1mreimport[22m | Skeleton_Shield_Small_A.gltf[39m[0m
[   0% ] [90m[1mimport[22m | Started Import Scene (104 steps)[39m[0m
[   0% ] [90m[1mimport[22m | Importing Scene...[39m[0m
[   1% ] [90m[1mimport[22m | Running Custom Script...[39m[0m
[  99% ] [90m[1mimport[22m | Saving...[39m[0m
[92m[ DONE ][39m [1mimport[22m
[0m
[  76% ] [90m[1mreimport[22m | Skeleton_Shield_Large_B.gltf[39m[0m
[   0% ] [90m[1mimport[22m | Started Import Scene (104 steps)[39m[0m
[   0% ] [90m[1mimport[22m | Importing Scene...[39m[0m
[   1% ] [90m[1mimport[22m | Running Custom Script...[39m[0m
[  99% ] [90m[1mimport[22m | Saving...[39m[0m
[92m[ DONE ][39m [1mimport[22m
[0m
[  76% ] [90m[1mreimport[22m | Skeleton_Shield_Large_A.gltf[39m[0m
[   0% ] [90m[1mimport[22m | Started Import Scene (104 steps)[39m[0m
[   0% ] [90m[1mimport[22m | Importing Scene...[39m[0m
[   1% ] [90m[1mimport[22m | Running Custom Script...[39m[0m
[  99% ] [90m[1mimport[22m | Saving...[39m[0m
[92m[ DONE ][39m [1mimport[22m
[0m
[  76% ] [90m[1mreimport[22m | Skeleton_Quiver.gltf[39m[0m
[   0% ] [90m[1mimport[22m | Started Import Scene (104 steps)[39m[0m
[   0% ] [90m[1mimport[22m | Importing Scene...[39m[0m
[   1% ] [90m[1mimport[22m | Running Custom Script...[39m[0m
[  99% ] [90m[1mimport[22m | Saving...[39m[0m
[92m[ DONE ][39m [1mimport[22m
[0m
[  76% ] [90m[1mreimport[22m | Skeleton_Crossbow.gltf[39m[0m
[   0% ] [90m[1mimport[22m | Started Import Scene (104 steps)[39m[0m
[   0% ] [90m[1mimport[22m | Importing Scene...[39m[0m
[   1% ] [90m[1mimport[22m | Running Custom Script...[39m[0m
[  99% ] [90m[1mimport[22m | Saving...[39m[0m
[92m[ DONE ][39m [1mimport[22m
[0m
[  76% ] [90m[1mreimport[22m | Skeleton_Blade.gltf[39m[0m
[   0% ] [90m[1mimport[22m | Started Import Scene (104 steps)[39m[0m
[   0% ] [90m[1mimport[22m | Importing Scene...[39m[0m
[   1% ] [90m[1mimport[22m | Running Custom Script...[39m[0m
[  99% ] [90m[1mimport[22m | Saving...[39m[0m
[92m[ DONE ][39m [1mimport[22m
[0m
[  76% ] [90m[1mreimport[22m | Skeleton_Axe.gltf[39m[0m
[   0% ] [90m[1mimport[22m | Started Import Scene (104 steps)[39m[0m
[   0% ] [90m[1mimport[22m | Importing Scene...[39m[0m
[   1% ] [90m[1mimport[22m | Running Custom Script...[39m[0m
[  99% ] [90m[1mimport[22m | Saving...[39m[0m
[92m[ DONE ][39m [1mimport[22m
[0m
[  76% ] [90m[1mreimport[22m | Balcony_Simple_Straight.gltf[39m[0m
[   0% ] [90m[1mimport[22m | Started Import Scene (104 steps)[39m[0m
[   0% ] [90m[1mimport[22m | Importing Scene...[39m[0m
[   1% ] [90m[1mimport[22m | Running Custom Script...[39m[0m
[  99% ] [90m[1mimport[22m | Saving...[39m[0m
[92m[ DONE ][39m [1mimport[22m
[0m
[  76% ] [90m[1mreimport[22m | Balcony_Simple_Straight.fbx[39m[0m
[   0% ] [90m[1mimport[22m | Started Import Scene (104 steps)[39m[0m
[   0% ] [90m[1mimport[22m | Importing Scene...[39m[0m
[   1% ] [90m[1mimport[22m | Running Custom Script...[39m[0m
[  99% ] [90m[1mimport[22m | Saving...[39m[0m
[92m[ DONE ][39m [1mimport[22m
[0m
[  76% ] [90m[1mreimport[22m | Balcony_Simple_Corner.gltf[39m[0m
[   0% ] [90m[1mimport[22m | Started Import Scene (104 steps)[39m[0m
[   0% ] [90m[1mimport[22m | Importing Scene...[39m[0m
[   1% ] [90m[1mimport[22m | Running Custom Script...[39m[0m
[  99% ] [90m[1mimport[22m | Saving...[39m[0m
[92m[ DONE ][39m [1mimport[22m
[0m
[  76% ] [90m[1mreimport[22m | Balcony_Simple_Corner.fbx[39m[0m
[   0% ] [90m[1mimport[22m | Started Import Scene (104 steps)[39m[0m
[   0% ] [90m[1mimport[22m | Importing Scene...[39m[0m
[   1% ] [90m[1mimport[22m | Running Custom Script...[39m[0m
[  99% ] [90m[1mimport[22m | Saving...[39m[0m
[92m[ DONE ][39m [1mimport[22m
[0m
[  76% ] [90m[1mreimport[22m | Balcony_Cross_Straight.gltf[39m[0m
[   0% ] [90m[1mimport[22m | Started Import Scene (104 steps)[39m[0m
[   0% ] [90m[1mimport[22m | Importing Scene...[39m[0m
[   1% ] [90m[1mimport[22m | Running Custom Script...[39m[0m
[  99% ] [90m[1mimport[22m | Saving...[39m[0m
[92m[ DONE ][39m [1mimport[22m
[0m
[  77% ] [90m[1mreimport[22m | Balcony_Cross_Straight.fbx[39m[0m
[   0% ] [90m[1mimport[22m | Started Import Scene (104 steps)[39m[0m
[   0% ] [90m[1mimport[22m | Importing Scene...[39m[0m
[   1% ] [90m[1mimport[22m | Running Custom Script...[39m[0m
[  99% ] [90m[1mimport[22m | Saving...[39m[0m
[92m[ DONE ][39m [1mimport[22m
[0m
[  77% ] [90m[1mreimport[22m | Balcony_Cross_Corner.gltf[39m[0m
[   0% ] [90m[1mimport[22m | Started Import Scene (104 steps)[39m[0m
[   0% ] [90m[1mimport[22m | Importing Scene...[39m[0m
[   1% ] [90m[1mimport[22m | Running Custom Script...[39m[0m
[  99% ] [90m[1mimport[22m | Saving...[39m[0m
[92m[ DONE ][39m [1mimport[22m
[0m
[  77% ] [90m[1mreimport[22m | Balcony_Cross_Corner.fbx[39m[0m
[   0% ] [90m[1mimport[22m | Started Import Scene (104 steps)[39m[0m
[   0% ] [90m[1mimport[22m | Importing Scene...[39m[0m
[   1% ] [90m[1mimport[22m | Running Custom Script...[39m[0m
[  99% ] [90m[1mimport[22m | Saving...[39m[0m
[92m[ DONE ][39m [1mimport[22m
[0m
[  77% ] [90m[1mreimport[22m | Workbench_Drawers.gltf[39m[0m
[   0% ] [90m[1mimport[22m | Started Import Scene (104 steps)[39m[0m
[   0% ] [90m[1mimport[22m | Importing Scene...[39m[0m
[   1% ] [90m[1mimport[22m | Running Custom Script...[39m[0m
[  99% ] [90m[1mimport[22m | Saving...[39m[0m
[92m[ DONE ][39m [1mimport[22m
[0m
[  77% ] [90m[1mreimport[22m | Workbench_Drawers.fbx[39m[0m
[   0% ] [90m[1mimport[22m | Started Import Scene (104 steps)[39m[0m
[   0% ] [90m[1mimport[22m | Importing Scene...[39m[0m
[   1% ] [90m[1mimport[22m | Running Custom Script...[39m[0m
[  99% ] [90m[1mimport[22m | Saving...[39m[0m
[92m[ DONE ][39m [1mimport[22m
[0m
[  77% ] [90m[1mreimport[22m | Workbench.gltf[39m[0m
[   0% ] [90m[1mimport[22m | Started Import Scene (104 steps)[39m[0m
[   0% ] [90m[1mimport[22m | Importing Scene...[39m[0m
[   1% ] [90m[1mimport[22m | Running Custom Script...[39m[0m
[  99% ] [90m[1mimport[22m | Saving...[39m[0m
[92m[ DONE ][39m [1mimport[22m
[0m
[  77% ] [90m[1mreimport[22m | Workbench.fbx[39m[0m
[   0% ] [90m[1mimport[22m | Started Import Scene (104 steps)[39m[0m
[   0% ] [90m[1mimport[22m | Importing Scene...[39m[0m
[   1% ] [90m[1mimport[22m | Running Custom Script...[39m[0m
[  99% ] [90m[1mimport[22m | Saving...[39m[0m
[92m[ DONE ][39m [1mimport[22m
[0m
[  77% ] [90m[1mreimport[22m | Whetstone.gltf[39m[0m
[   0% ] [90m[1mimport[22m | Started Import Scene (104 steps)[39m[0m
[   0% ] [90m[1mimport[22m | Importing Scene...[39m[0m
[   1% ] [90m[1mimport[22m | Running Custom Script...[39m[0m
[  99% ] [90m[1mimport[22m | Saving...[39m[0m
[92m[ DONE ][39m [1mimport[22m
[0m
[  77% ] [90m[1mreimport[22m | Whetstone.fbx[39m[0m
[   0% ] [90m[1mimport[22m | Started Import Scene (104 steps)[39m[0m
[   0% ] [90m[1mimport[22m | Importing Scene...[39m[0m
[   1% ] [90m[1mimport[22m | Running Custom Script...[39m[0m
[  99% ] [90m[1mimport[22m | Saving...[39m[0m
[92m[ DONE ][39m [1mimport[22m
[0m
[  77% ] [90m[1mreimport[22m | WeaponStand.gltf[39m[0m
[   0% ] [90m[1mimport[22m | Started Import Scene (104 steps)[39m[0m
[   0% ] [90m[1mimport[22m | Importing Scene...[39m[0m
[   1% ] [90m[1mimport[22m | Running Custom Script...[39m[0m
[  99% ] [90m[1mimport[22m | Saving...[39m[0m
[92m[ DONE ][39m [1mimport[22m
[0m
[  77% ] [90m[1mreimport[22m | WeaponStand.fbx[39m[0m
[   0% ] [90m[1mimport[22m | Started Import Scene (104 steps)[39m[0m
[   0% ] [90m[1mimport[22m | Importing Scene...[39m[0m
[   1% ] [90m[1mimport[22m | Running Custom Script...[39m[0m
[  99% ] [90m[1mimport[22m | Saving...[39m[0m
[92m[ DONE ][39m [1mimport[22m
[0m
[  77% ] [90m[1mreimport[22m | Vase_Rubble_Medium.gltf[39m[0m
[   0% ] [90m[1mimport[22m | Started Import Scene (104 steps)[39m[0m
[   0% ] [90m[1mimport[22m | Importing Scene...[39m[0m
[   1% ] [90m[1mimport[22m | Running Custom Script...[39m[0m
[  99% ] [90m[1mimport[22m | Saving...[39m[0m
[92m[ DONE ][39m [1mimport[22m
[0m
[  77% ] [90m[1mreimport[22m | Vase_Rubble_Medium.fbx[39m[0m
[   0% ] [90m[1mimport[22m | Started Import Scene (104 steps)[39m[0m
[   0% ] [90m[1mimport[22m | Importing Scene...[39m[0m
[   1% ] [90m[1mimport[22m | Running Custom Script...[39m[0m
[  99% ] [90m[1mimport[22m | Saving...[39m[0m
[92m[ DONE ][39m [1mimport[22m
[0m
[  78% ] [90m[1mreimport[22m | building_barracks_red.gltf[39m[0m
[   0% ] [90m[1mimport[22m | Started Import Scene (104 steps)[39m[0m
[   0% ] [90m[1mimport[22m | Importing Scene...[39m[0m
[   1% ] [90m[1mimport[22m | Running Custom Script...[39m[0m
[  99% ] [90m[1mimport[22m | Saving...[39m[0m
[92m[ DONE ][39m [1mimport[22m
[0m
[  78% ] [90m[1mreimport[22m | building_barracks_green.gltf[39m[0m
[   0% ] [90m[1mimport[22m | Started Import Scene (104 steps)[39m[0m
[   0% ] [90m[1mimport[22m | Importing Scene...[39m[0m
[   1% ] [90m[1mimport[22m | Running Custom Script...[39m[0m
[  99% ] [90m[1mimport[22m | Saving...[39m[0m
[92m[ DONE ][39m [1mimport[22m
[0m
[  78% ] [90m[1mreimport[22m | building_barracks_blue.gltf[39m[0m
[   0% ] [90m[1mimport[22m | Started Import Scene (104 steps)[39m[0m
[   0% ] [90m[1mimport[22m | Importing Scene...[39m[0m
[   1% ] [90m[1mimport[22m | Running Custom Script...[39m[0m
[  99% ] [90m[1mimport[22m | Saving...[39m[0m
[92m[ DONE ][39m [1mimport[22m
[0m
[  78% ] [90m[1mreimport[22m | building_B.gltf[39m[0m
[   0% ] [90m[1mimport[22m | Started Import Scene (104 steps)[39m[0m
[   0% ] [90m[1mimport[22m | Importing Scene...[39m[0m
[   1% ] [90m[1mimport[22m | Running Custom Script...[39m[0m
[  99% ] [90m[1mimport[22m | Saving...[39m[0m
[92m[ DONE ][39m [1mimport[22m
[0m
[  78% ] [90m[1mreimport[22m | building_A_withoutBase.gltf[39m[0m
[   0% ] [90m[1mimport[22m | Started Import Scene (104 steps)[39m[0m
[   0% ] [90m[1mimport[22m | Importing Scene...[39m[0m
[   1% ] [90m[1mimport[22m | Running Custom Script...[39m[0m
[  99% ] [90m[1mimport[22m | Saving...[39m[0m
[92m[ DONE ][39m [1mimport[22m
[0m
[  78% ] [90m[1mreimport[22m | building_archeryrange_yellow.gltf[39m[0m
[   0% ] [90m[1mimport[22m | Started Import Scene (104 steps)[39m[0m
[   0% ] [90m[1mimport[22m | Importing Scene...[39m[0m
[   1% ] [90m[1mimport[22m | Running Custom Script...[39m[0m
[  99% ] [90m[1mimport[22m | Saving...[39m[0m
[92m[ DONE ][39m [1mimport[22m
[0m
[  78% ] [90m[1mreimport[22m | building_archeryrange_red.gltf[39m[0m
[   0% ] [90m[1mimport[22m | Started Import Scene (104 steps)[39m[0m
[   0% ] [90m[1mimport[22m | Importing Scene...[39m[0m
[   1% ] [90m[1mimport[22m | Running Custom Script...[39m[0m
[  99% ] [90m[1mimport[22m | Saving...[39m[0m
[92m[ DONE ][39m [1mimport[22m
[0m
[  78% ] [90m[1mreimport[22m | building_archeryrange_green.gltf[39m[0m
[   0% ] [90m[1mimport[22m | Started Import Scene (104 steps)[39m[0m
[   0% ] [90m[1mimport[22m | Importing Scene...[39m[0m
[   1% ] [90m[1mimport[22m | Running Custom Script...[39m[0m
[  99% ] [90m[1mimport[22m | Saving...[39m[0m
[92m[ DONE ][39m [1mimport[22m
[0m
[  78% ] [90m[1mreimport[22m | building_archeryrange_blue.gltf[39m[0m
[   0% ] [90m[1mimport[22m | Started Import Scene (104 steps)[39m[0m
[   0% ] [90m[1mimport[22m | Importing Scene...[39m[0m
[   1% ] [90m[1mimport[22m | Running Custom Script...[39m[0m
[  99% ] [90m[1mimport[22m | Saving...[39m[0m
[92m[ DONE ][39m [1mimport[22m
[0m
[  78% ] [90m[1mreimport[22m | building_A.gltf[39m[0m
[   0% ] [90m[1mimport[22m | Started Import Scene (104 steps)[39m[0m
[   0% ] [90m[1mimport[22m | Importing Scene...[39m[0m
[   1% ] [90m[1mimport[22m | Running Custom Script...[39m[0m
[  99% ] [90m[1mimport[22m | Saving...[39m[0m
[92m[ DONE ][39m [1mimport[22m
[0m
[  78% ] [90m[1mreimport[22m | bucket_water.gltf[39m[0m
[   0% ] [90m[1mimport[22m | Started Import Scene (104 steps)[39m[0m
[   0% ] [90m[1mimport[22m | Importing Scene...[39m[0m
[   1% ] [90m[1mimport[22m | Running Custom Script...[39m[0m
[  99% ] [90m[1mimport[22m | Saving...[39m[0m
[92m[ DONE ][39m [1mimport[22m
[0m
[  78% ] [90m[1mreimport[22m | bucket_empty.gltf[39m[0m
[   0% ] [90m[1mimport[22m | Started Import Scene (104 steps)[39m[0m
[   0% ] [90m[1mimport[22m | Importing Scene...[39m[0m
[   1% ] [90m[1mimport[22m | Running Custom Script...[39m[0m
[  99% ] [90m[1mimport[22m | Saving...[39m[0m
[92m[ DONE ][39m [1mimport[22m
[0m
[  79% ] [90m[1mreimport[22m | bucket_arrows.gltf[39m[0m
[   0% ] [90m[1mimport[22m | Started Import Scene (104 steps)[39m[0m
[   0% ] [90m[1mimport[22m | Importing Scene...[39m[0m
[   1% ] [90m[1mimport[22m | Running Custom Script...[39m[0m
[  99% ] [90m[1mimport[22m | Saving...[39m[0m
[92m[ DONE ][39m [1mimport[22m
[0m
[  79% ] [90m[1mreimport[22m | box_B.gltf[39m[0m
[   0% ] [90m[1mimport[22m | Started Import Scene (104 steps)[39m[0m
[   0% ] [90m[1mimport[22m | Importing Scene...[39m[0m
[   1% ] [90m[1mimport[22m | Running Custom Script...[39m[0m
[  99% ] [90m[1mimport[22m | Saving...[39m[0m
[92m[ DONE ][39m [1mimport[22m
[0m
[  79% ] [90m[1mreimport[22m | box_A.gltf[39m[0m
[   0% ] [90m[1mimport[22m | Started Import Scene (104 steps)[39m[0m
[   0% ] [90m[1mimport[22m | Importing Scene...[39m[0m
[   1% ] [90m[1mimport[22m | Running Custom Script...[39m[0m
[  99% ] [90m[1mimport[22m | Saving...[39m[0m
[92m[ DONE ][39m [1mimport[22m
[0m
[  79% ] [90m[1mreimport[22m | bench.gltf[39m[0m
[   0% ] [90m[1mimport[22m | Started Import Scene (104 steps)[39m[0m
[   0% ] [90m[1mimport[22m | Importing Scene...[39m[0m
[   1% ] [90m[1mimport[22m | Running Custom Script...[39m[0m
[  99% ] [90m[1mimport[22m | Saving...[39m[0m
[92m[ DONE ][39m [1mimport[22m
[0m
[  79% ] [90m[1mreimport[22m | base.gltf[39m[0m
[   0% ] [90m[1mimport[22m | Started Import Scene (104 steps)[39m[0m
[   0% ] [90m[1mimport[22m | Importing Scene...[39m[0m
[   1% ] [90m[1mimport[22m | Running Custom Script...[39m[0m
[  99% ] [90m[1mimport[22m | Saving...[39m[0m
[92m[ DONE ][39m [1mimport[22m
[0m
[  79% ] [90m[1mreimport[22m | barrel.gltf[39m[0m
[   0% ] [90m[1mimport[22m | Started Import Scene (104 steps)[39m[0m
[   0% ] [90m[1mimport[22m | Importing Scene...[39m[0m
[   1% ] [90m[1mimport[22m | Running Custom Script...[39m[0m
[  99% ] [90m[1mimport[22m | Saving...[39m[0m
[92m[ DONE ][39m [1mimport[22m
[0m
[  79% ] [90m[1mreimport[22m | Table_Plate.gltf[39m[0m
[   0% ] [90m[1mimport[22m | Started Import Scene (104 steps)[39m[0m
[   0% ] [90m[1mimport[22m | Importing Scene...[39m[0m
[   1% ] [90m[1mimport[22m | Running Custom Script...[39m[0m
[  99% ] [90m[1mimport[22m | Saving...[39m[0m
[92m[ DONE ][39m [1mimport[22m
[0m
[  79% ] [90m[1mreimport[22m | Table_Plate.fbx[39m[0m
[   0% ] [90m[1mimport[22m | Started Import Scene (104 steps)[39m[0m
[   0% ] [90m[1mimport[22m | Importing Scene...[39m[0m
[   1% ] [90m[1mimport[22m | Running Custom Script...[39m[0m
[  99% ] [90m[1mimport[22m | Saving...[39m[0m
[92m[ DONE ][39m [1mimport[22m
[0m
[  79% ] [90m[1mreimport[22m | Table_Large.gltf[39m[0m
[   0% ] [90m[1mimport[22m | Started Import Scene (104 steps)[39m[0m
[   0% ] [90m[1mimport[22m | Importing Scene...[39m[0m
[   1% ] [90m[1mimport[22m | Running Custom Script...[39m[0m
[  99% ] [90m[1mimport[22m | Saving...[39m[0m
[92m[ DONE ][39m [1mimport[22m
[0m
[  79% ] [90m[1mreimport[22m | Table_Large.fbx[39m[0m
[   0% ] [90m[1mimport[22m | Started Import Scene (104 steps)[39m[0m
[   0% ] [90m[1mimport[22m | Importing Scene...[39m[0m
[   1% ] [90m[1mimport[22m | Running Custom Script...[39m[0m
[  99% ] [90m[1mimport[22m | Saving...[39m[0m
[92m[ DONE ][39m [1mimport[22m
[0m
[  79% ] [90m[1mreimport[22m | Table_Knife.gltf[39m[0m
[   0% ] [90m[1mimport[22m | Started Import Scene (104 steps)[39m[0m
[   0% ] [90m[1mimport[22m | Importing Scene...[39m[0m
[   1% ] [90m[1mimport[22m | Running Custom Script...[39m[0m
[  99% ] [90m[1mimport[22m | Saving...[39m[0m
[92m[ DONE ][39m [1mimport[22m
[0m
[  79% ] [90m[1mreimport[22m | Table_Knife.fbx[39m[0m
[   0% ] [90m[1mimport[22m | Started Import Scene (104 steps)[39m[0m
[   0% ] [90m[1mimport[22m | Importing Scene...[39m[0m
[   1% ] [90m[1mimport[22m | Running Custom Script...[39m[0m
[  99% ] [90m[1mimport[22m | Saving...[39m[0m
[92m[ DONE ][39m [1mimport[22m
[0m
[  80% ] [90m[1mreimport[22m | Table_Fork.gltf[39m[0m
[   0% ] [90m[1mimport[22m | Started Import Scene (104 steps)[39m[0m
[   0% ] [90m[1mimport[22m | Importing Scene...[39m[0m
[   1% ] [90m[1mimport[22m | Running Custom Script...[39m[0m
[  99% ] [90m[1mimport[22m | Saving...[39m[0m
[92m[ DONE ][39m [1mimport[22m
[0m
[  80% ] [90m[1mreimport[22m | Table_Fork.fbx[39m[0m
[   0% ] [90m[1mimport[22m | Started Import Scene (104 steps)[39m[0m
[   0% ] [90m[1mimport[22m | Importing Scene...[39m[0m
[   1% ] [90m[1mimport[22m | Running Custom Script...[39m[0m
[  99% ] [90m[1mimport[22m | Saving...[39m[0m
[92m[ DONE ][39m [1mimport[22m
[0m
[  80% ] [90m[1mreimport[22m | Sword_Bronze.gltf[39m[0m
[   0% ] [90m[1mimport[22m | Started Import Scene (104 steps)[39m[0m
[   0% ] [90m[1mimport[22m | Importing Scene...[39m[0m
[   1% ] [90m[1mimport[22m | Running Custom Script...[39m[0m
[  99% ] [90m[1mimport[22m | Saving...[39m[0m
[92m[ DONE ][39m [1mimport[22m
[0m
[  80% ] [90m[1mreimport[22m | Sword_Bronze.fbx[39m[0m
[   0% ] [90m[1mimport[22m | Started Import Scene (104 steps)[39m[0m
[   0% ] [90m[1mimport[22m | Importing Scene...[39m[0m
[   1% ] [90m[1mimport[22m | Running Custom Script...[39m[0m
[  99% ] [90m[1mimport[22m | Saving...[39m[0m
[92m[ DONE ][39m [1mimport[22m
[0m
[  80% ] [90m[1mreimport[22m | Stool.gltf[39m[0m
[   0% ] [90m[1mimport[22m | Started Import Scene (104 steps)[39m[0m
[   0% ] [90m[1mimport[22m | Importing Scene...[39m[0m
[   1% ] [90m[1mimport[22m | Running Custom Script...[39m[0m
[  99% ] [90m[1mimport[22m | Saving...[39m[0m
[92m[ DONE ][39m [1mimport[22m
[0m
[  80% ] [90m[1mreimport[22m | Stool.fbx[39m[0m
[   0% ] [90m[1mimport[22m | Started Import Scene (104 steps)[39m[0m
[   0% ] [90m[1mimport[22m | Importing Scene...[39m[0m
[   1% ] [90m[1mimport[22m | Running Custom Script...[39m[0m
[  99% ] [90m[1mimport[22m | Saving...[39m[0m
[92m[ DONE ][39m [1mimport[22m
[0m
[  80% ] [90m[1mreimport[22m | Stall_Empty.gltf[39m[0m
[   0% ] [90m[1mimport[22m | Started Import Scene (104 steps)[39m[0m
[   0% ] [90m[1mimport[22m | Importing Scene...[39m[0m
[   1% ] [90m[1mimport[22m | Running Custom Script...[39m[0m
[  99% ] [90m[1mimport[22m | Saving...[39m[0m
[92m[ DONE ][39m [1mimport[22m
[0m
[  80% ] [90m[1mreimport[22m | Stall_Empty.fbx[39m[0m
[   0% ] [90m[1mimport[22m | Started Import Scene (104 steps)[39m[0m
[   0% ] [90m[1mimport[22m | Importing Scene...[39m[0m
[   1% ] [90m[1mimport[22m | Running Custom Script...[39m[0m
[  99% ] [90m[1mimport[22m | Saving...[39m[0m
[92m[ DONE ][39m [1mimport[22m
[0m
[  80% ] [90m[1mreimport[22m | Stall_Cart_Empty.gltf[39m[0m
[   0% ] [90m[1mimport[22m | Started Import Scene (104 steps)[39m[0m
[   0% ] [90m[1mimport[22m | Importing Scene...[39m[0m
[   1% ] [90m[1mimport[22m | Running Custom Script...[39m[0m
[  99% ] [90m[1mimport[22m | Saving...[39m[0m
[92m[ DONE ][39m [1mimport[22m
[0m
[  80% ] [90m[1mreimport[22m | Stall_Cart_Empty.fbx[39m[0m
[   0% ] [90m[1mimport[22m | Started Import Scene (104 steps)[39m[0m
[   0% ] [90m[1mimport[22m | Importing Scene...[39m[0m
[   1% ] [90m[1mimport[22m | Running Custom Script...[39m[0m
[  99% ] [90m[1mimport[22m | Saving...[39m[0m
[92m[ DONE ][39m [1mimport[22m
[0m
[  80% ] [90m[1mreimport[22m | SmallBottles_1.gltf[39m[0m
[   0% ] [90m[1mimport[22m | Started Import Scene (104 steps)[39m[0m
[   0% ] [90m[1mimport[22m | Importing Scene...[39m[0m
[   1% ] [90m[1mimport[22m | Running Custom Script...[39m[0m
[  99% ] [90m[1mimport[22m | Saving...[39m[0m
[92m[ DONE ][39m [1mimport[22m
[0m
[  80% ] [90m[1mreimport[22m | SmallBottles_1.fbx[39m[0m
[   0% ] [90m[1mimport[22m | Started Import Scene (104 steps)[39m[0m
[   0% ] [90m[1mimport[22m | Importing Scene...[39m[0m
[   1% ] [90m[1mimport[22m | Running Custom Script...[39m[0m
[  99% ] [90m[1mimport[22m | Saving...[39m[0m
[92m[ DONE ][39m [1mimport[22m
[0m
[  80% ] [90m[1mreimport[22m | Vase_4.gltf[39m[0m
[   0% ] [90m[1mimport[22m | Started Import Scene (104 steps)[39m[0m
[   0% ] [90m[1mimport[22m | Importing Scene...[39m[0m
[   1% ] [90m[1mimport[22m | Running Custom Script...[39m[0m
[  99% ] [90m[1mimport[22m | Saving...[39m[0m
[92m[ DONE ][39m [1mimport[22m
[0m
[  81% ] [90m[1mreimport[22m | Vase_4.fbx[39m[0m
[   0% ] [90m[1mimport[22m | Started Import Scene (104 steps)[39m[0m
[   0% ] [90m[1mimport[22m | Importing Scene...[39m[0m
[   1% ] [90m[1mimport[22m | Running Custom Script...[39m[0m
[  99% ] [90m[1mimport[22m | Saving...[39m[0m
[92m[ DONE ][39m [1mimport[22m
[0m
[  81% ] [90m[1mreimport[22m | Vase_2.gltf[39m[0m
[   0% ] [90m[1mimport[22m | Started Import Scene (104 steps)[39m[0m
[   0% ] [90m[1mimport[22m | Importing Scene...[39m[0m
[   1% ] [90m[1mimport[22m | Running Custom Script...[39m[0m
[  99% ] [90m[1mimport[22m | Saving...[39m[0m
[92m[ DONE ][39m [1mimport[22m
[0m
[  81% ] [90m[1mreimport[22m | Vase_2.fbx[39m[0m
[   0% ] [90m[1mimport[22m | Started Import Scene (104 steps)[39m[0m
[   0% ] [90m[1mimport[22m | Importing Scene...[39m[0m
[   1% ] [90m[1mimport[22m | Running Custom Script...[39m[0m
[  99% ] [90m[1mimport[22m | Saving...[39m[0m
[92m[ DONE ][39m [1mimport[22m
[0m
[  81% ] [90m[1mreimport[22m | tree_pine_yellow_small.gltf[39m[0m
[   0% ] [90m[1mimport[22m | Started Import Scene (104 steps)[39m[0m
[   0% ] [90m[1mimport[22m | Importing Scene...[39m[0m
[   1% ] [90m[1mimport[22m | Running Custom Script...[39m[0m
[  99% ] [90m[1mimport[22m | Saving...[39m[0m
[92m[ DONE ][39m [1mimport[22m
[0m
[  81% ] [90m[1mreimport[22m | tree_pine_yellow_medium.gltf[39m[0m
[   0% ] [90m[1mimport[22m | Started Import Scene (104 steps)[39m[0m
[   0% ] [90m[1mimport[22m | Importing Scene...[39m[0m
[   1% ] [90m[1mimport[22m | Running Custom Script...[39m[0m
[  99% ] [90m[1mimport[22m | Saving...[39m[0m
[92m[ DONE ][39m [1mimport[22m
[0m
[  81% ] [90m[1mreimport[22m | tree_pine_yellow_large.gltf[39m[0m
[   0% ] [90m[1mimport[22m | Started Import Scene (104 steps)[39m[0m
[   0% ] [90m[1mimport[22m | Importing Scene...[39m[0m
[   1% ] [90m[1mimport[22m | Running Custom Script...[39m[0m
[  99% ] [90m[1mimport[22m | Saving...[39m[0m
[92m[ DONE ][39m [1mimport[22m
[0m
[  81% ] [90m[1mreimport[22m | tree_pine_orange_small.gltf[39m[0m
[   0% ] [90m[1mimport[22m | Started Import Scene (104 steps)[39m[0m
[   0% ] [90m[1mimport[22m | Importing Scene...[39m[0m
[   1% ] [90m[1mimport[22m | Running Custom Script...[39m[0m
[  99% ] [90m[1mimport[22m | Saving...[39m[0m
[92m[ DONE ][39m [1mimport[22m
[0m
[  81% ] [90m[1mreimport[22m | tree_pine_orange_medium.gltf[39m[0m
[   0% ] [90m[1mimport[22m | Started Import Scene (104 steps)[39m[0m
[   0% ] [90m[1mimport[22m | Importing Scene...[39m[0m
[   1% ] [90m[1mimport[22m | Running Custom Script...[39m[0m
[  99% ] [90m[1mimport[22m | Saving...[39m[0m
[92m[ DONE ][39m [1mimport[22m
[0m
[  81% ] [90m[1mreimport[22m | tree_pine_orange_large.gltf[39m[0m
[   0% ] [90m[1mimport[22m | Started Import Scene (104 steps)[39m[0m
[   0% ] [90m[1mimport[22m | Importing Scene...[39m[0m
[   1% ] [90m[1mimport[22m | Running Custom Script...[39m[0m
[  99% ] [90m[1mimport[22m | Saving...[39m[0m
[92m[ DONE ][39m [1mimport[22m
[0m
[  81% ] [90m[1mreimport[22m | tree_dead_small.gltf[39m[0m
[   0% ] [90m[1mimport[22m | Started Import Scene (104 steps)[39m[0m
[   0% ] [90m[1mimport[22m | Importing Scene...[39m[0m
[   1% ] [90m[1mimport[22m | Running Custom Script...[39m[0m
[  99% ] [90m[1mimport[22m | Saving...[39m[0m
[92m[ DONE ][39m [1mimport[22m
[0m
[  81% ] [90m[1mreimport[22m | tree_dead_medium.gltf[39m[0m
[   0% ] [90m[1mimport[22m | Started Import Scene (104 steps)[39m[0m
[   0% ] [90m[1mimport[22m | Importing Scene...[39m[0m
[   1% ] [90m[1mimport[22m | Running Custom Script...[39m[0m
[  99% ] [90m[1mimport[22m | Saving...[39m[0m
[92m[ DONE ][39m [1mimport[22m
[0m
[  81% ] [90m[1mreimport[22m | tree_dead_large_decorated.gltf[39m[0m
[   0% ] [90m[1mimport[22m | Started Import Scene (104 steps)[39m[0m
[   0% ] [90m[1mimport[22m | Importing Scene...[39m[0m
[   1% ] [90m[1mimport[22m | Running Custom Script...[39m[0m
[  99% ] [90m[1mimport[22m | Saving...[39m[0m
[92m[ DONE ][39m [1mimport[22m
[0m
[  82% ] [90m[1mreimport[22m | tree_dead_large.gltf[39m[0m
[   0% ] [90m[1mimport[22m | Started Import Scene (104 steps)[39m[0m
[   0% ] [90m[1mimport[22m | Importing Scene...[39m[0m
[   1% ] [90m[1mimport[22m | Running Custom Script...[39m[0m
[  99% ] [90m[1mimport[22m | Saving...[39m[0m
[92m[ DONE ][39m [1mimport[22m
[0m
[  82% ] [90m[1mreimport[22m | Torch_Metal.gltf[39m[0m
[   0% ] [90m[1mimport[22m | Started Import Scene (104 steps)[39m[0m
[   0% ] [90m[1mimport[22m | Importing Scene...[39m[0m
[   1% ] [90m[1mimport[22m | Running Custom Script...[39m[0m
[  99% ] [90m[1mimport[22m | Saving...[39m[0m
[92m[ DONE ][39m [1mimport[22m
[0m
[  82% ] [90m[1mreimport[22m | Torch_Metal.fbx[39m[0m
[   0% ] [90m[1mimport[22m | Started Import Scene (104 steps)[39m[0m
[   0% ] [90m[1mimport[22m | Importing Scene...[39m[0m
[   1% ] [90m[1mimport[22m | Running Custom Script...[39m[0m
[  99% ] [90m[1mimport[22m | Saving...[39m[0m
[92m[ DONE ][39m [1mimport[22m
[0m
[  82% ] [90m[1mreimport[22m | Table_Spoon.gltf[39m[0m
[   0% ] [90m[1mimport[22m | Started Import Scene (104 steps)[39m[0m
[   0% ] [90m[1mimport[22m | Importing Scene...[39m[0m
[   1% ] [90m[1mimport[22m | Running Custom Script...[39m[0m
[  99% ] [90m[1mimport[22m | Saving...[39m[0m
[92m[ DONE ][39m [1mimport[22m
[0m
[  82% ] [90m[1mreimport[22m | Table_Spoon.fbx[39m[0m
[   0% ] [90m[1mimport[22m | Started Import Scene (104 steps)[39m[0m
[   0% ] [90m[1mimport[22m | Importing Scene...[39m[0m
[   1% ] [90m[1mimport[22m | Running Custom Script...[39m[0m
[  99% ] [90m[1mimport[22m | Saving...[39m[0m
[92m[ DONE ][39m [1mimport[22m
[0m
[  82% ] [90m[1mreimport[22m | building_stage_B.gltf[39m[0m
[   0% ] [90m[1mimport[22m | Started Import Scene (104 steps)[39m[0m
[   0% ] [90m[1mimport[22m | Importing Scene...[39m[0m
[   1% ] [90m[1mimport[22m | Running Custom Script...[39m[0m
[  99% ] [90m[1mimport[22m | Saving...[39m[0m
[92m[ DONE ][39m [1mimport[22m
[0m
[  82% ] [90m[1mreimport[22m | building_stage_A.gltf[39m[0m
[   0% ] [90m[1mimport[22m | Started Import Scene (104 steps)[39m[0m
[   0% ] [90m[1mimport[22m | Importing Scene...[39m[0m
[   1% ] [90m[1mimport[22m | Running Custom Script...[39m[0m
[  99% ] [90m[1mimport[22m | Saving...[39m[0m
[92m[ DONE ][39m [1mimport[22m
[0m
[  82% ] [90m[1mreimport[22m | building_scaffolding.gltf[39m[0m
[   0% ] [90m[1mimport[22m | Started Import Scene (104 steps)[39m[0m
[   0% ] [90m[1mimport[22m | Importing Scene...[39m[0m
[   1% ] [90m[1mimport[22m | Running Custom Script...[39m[0m
[  99% ] [90m[1mimport[22m | Saving...[39m[0m
[92m[ DONE ][39m [1mimport[22m
[0m
[  82% ] [90m[1mreimport[22m | building_mine_yellow.gltf[39m[0m
[   0% ] [90m[1mimport[22m | Started Import Scene (104 steps)[39m[0m
[   0% ] [90m[1mimport[22m | Importing Scene...[39m[0m
[   1% ] [90m[1mimport[22m | Running Custom Script...[39m[0m
[  99% ] [90m[1mimport[22m | Saving...[39m[0m
[92m[ DONE ][39m [1mimport[22m
[0m
[  82% ] [90m[1mreimport[22m | building_mine_red.gltf[39m[0m
[   0% ] [90m[1mimport[22m | Started Import Scene (104 steps)[39m[0m
[   0% ] [90m[1mimport[22m | Importing Scene...[39m[0m
[   1% ] [90m[1mimport[22m | Running Custom Script...[39m[0m
[  99% ] [90m[1mimport[22m | Saving...[39m[0m
[92m[ DONE ][39m [1mimport[22m
[0m
[  82% ] [90m[1mreimport[22m | building_mine_green.gltf[39m[0m
[   0% ] [90m[1mimport[22m | Started Import Scene (104 steps)[39m[0m
[   0% ] [90m[1mimport[22m | Importing Scene...[39m[0m
[   1% ] [90m[1mimport[22m | Running Custom Script...[39m[0m
[  99% ] [90m[1mimport[22m | Saving...[39m[0m
[92m[ DONE ][39m [1mimport[22m
[0m
[  82% ] [90m[1mreimport[22m | building_mine_blue.gltf[39m[0m
[   0% ] [90m[1mimport[22m | Started Import Scene (104 steps)[39m[0m
[   0% ] [90m[1mimport[22m | Importing Scene...[39m[0m
[   1% ] [90m[1mimport[22m | Running Custom Script...[39m[0m
[  99% ] [90m[1mimport[22m | Saving...[39m[0m
[92m[ DONE ][39m [1mimport[22m
[0m
[  83% ] [90m[1mreimport[22m | building_market_yellow.gltf[39m[0m
[   0% ] [90m[1mimport[22m | Started Import Scene (104 steps)[39m[0m
[   0% ] [90m[1mimport[22m | Importing Scene...[39m[0m
[   1% ] [90m[1mimport[22m | Running Custom Script...[39m[0m
[  99% ] [90m[1mimport[22m | Saving...[39m[0m
[92m[ DONE ][39m [1mimport[22m
[0m
[  83% ] [90m[1mreimport[22m | building_market_red.gltf[39m[0m
[   0% ] [90m[1mimport[22m | Started Import Scene (104 steps)[39m[0m
[   0% ] [90m[1mimport[22m | Importing Scene...[39m[0m
[   1% ] [90m[1mimport[22m | Running Custom Script...[39m[0m
[  99% ] [90m[1mimport[22m | Saving...[39m[0m
[92m[ DONE ][39m [1mimport[22m
[0m
[  83% ] [90m[1mreimport[22m | building_market_green.gltf[39m[0m
[   0% ] [90m[1mimport[22m | Started Import Scene (104 steps)[39m[0m
[   0% ] [90m[1mimport[22m | Importing Scene...[39m[0m
[   1% ] [90m[1mimport[22m | Running Custom Script...[39m[0m
[  99% ] [90m[1mimport[22m | Saving...[39m[0m
[92m[ DONE ][39m [1mimport[22m
[0m
[  83% ] [90m[1mreimport[22m | building_market_blue.gltf[39m[0m
[   0% ] [90m[1mimport[22m | Started Import Scene (104 steps)[39m[0m
[   0% ] [90m[1mimport[22m | Importing Scene...[39m[0m
[   1% ] [90m[1mimport[22m | Running Custom Script...[39m[0m
[  99% ] [90m[1mimport[22m | Saving...[39m[0m
[92m[ DONE ][39m [1mimport[22m
[0m
[  83% ] [90m[1mreimport[22m | building_lumbermill_yellow.gltf[39m[0m
[   0% ] [90m[1mimport[22m | Started Import Scene (104 steps)[39m[0m
[   0% ] [90m[1mimport[22m | Importing Scene...[39m[0m
[   1% ] [90m[1mimport[22m | Running Custom Script...[39m[0m
[  99% ] [90m[1mimport[22m | Saving...[39m[0m
[92m[ DONE ][39m [1mimport[22m
[0m
[  83% ] [90m[1mreimport[22m | building_lumbermill_red.gltf[39m[0m
[   0% ] [90m[1mimport[22m | Started Import Scene (104 steps)[39m[0m
[   0% ] [90m[1mimport[22m | Importing Scene...[39m[0m
[   1% ] [90m[1mimport[22m | Running Custom Script...[39m[0m
[  99% ] [90m[1mimport[22m | Saving...[39m[0m
[92m[ DONE ][39m [1mimport[22m
[0m
[  83% ] [90m[1mreimport[22m | building_lumbermill_green.gltf[39m[0m
[   0% ] [90m[1mimport[22m | Started Import Scene (104 steps)[39m[0m
[   0% ] [90m[1mimport[22m | Importing Scene...[39m[0m
[   1% ] [90m[1mimport[22m | Running Custom Script...[39m[0m
[  99% ] [90m[1mimport[22m | Saving...[39m[0m
[92m[ DONE ][39m [1mimport[22m
[0m
[  83% ] [90m[1mreimport[22m | building_lumbermill_blue.gltf[39m[0m
[   0% ] [90m[1mimport[22m | Started Import Scene (104 steps)[39m[0m
[   0% ] [90m[1mimport[22m | Importing Scene...[39m[0m
[   1% ] [90m[1mimport[22m | Running Custom Script...[39m[0m
[  99% ] [90m[1mimport[22m | Saving...[39m[0m
[92m[ DONE ][39m [1mimport[22m
[0m
[  83% ] [90m[1mreimport[22m | building_H_withoutBase.gltf[39m[0m
[   0% ] [90m[1mimport[22m | Started Import Scene (104 steps)[39m[0m
[   0% ] [90m[1mimport[22m | Importing Scene...[39m[0m
[   1% ] [90m[1mimport[22m | Running Custom Script...[39m[0m
[  99% ] [90m[1mimport[22m | Saving...[39m[0m
[92m[ DONE ][39m [1mimport[22m
[0m
[  83% ] [90m[1mreimport[22m | building_home_B_yellow.gltf[39m[0m
[   0% ] [90m[1mimport[22m | Started Import Scene (104 steps)[39m[0m
[   0% ] [90m[1mimport[22m | Importing Scene...[39m[0m
[   1% ] [90m[1mimport[22m | Running Custom Script...[39m[0m
[  99% ] [90m[1mimport[22m | Saving...[39m[0m
[92m[ DONE ][39m [1mimport[22m
[0m
[  83% ] [90m[1mreimport[22m | building_home_B_red.gltf[39m[0m
[   0% ] [90m[1mimport[22m | Started Import Scene (104 steps)[39m[0m
[   0% ] [90m[1mimport[22m | Importing Scene...[39m[0m
[   1% ] [90m[1mimport[22m | Running Custom Script...[39m[0m
[  99% ] [90m[1mimport[22m | Saving...[39m[0m
[92m[ DONE ][39m [1mimport[22m
[0m
[  83% ] [90m[1mreimport[22m | building_tower_catapult_blue.gltf[39m[0m
[   0% ] [90m[1mimport[22m | Started Import Scene (104 steps)[39m[0m
[   0% ] [90m[1mimport[22m | Importing Scene...[39m[0m
[   1% ] [90m[1mimport[22m | Running Custom Script...[39m[0m
[  99% ] [90m[1mimport[22m | Saving...[39m[0m
[92m[ DONE ][39m [1mimport[22m
[0m
[  83% ] [90m[1mreimport[22m | building_tower_B_yellow.gltf[39m[0m
[   0% ] [90m[1mimport[22m | Started Import Scene (104 steps)[39m[0m
[   0% ] [90m[1mimport[22m | Importing Scene...[39m[0m
[   1% ] [90m[1mimport[22m | Running Custom Script...[39m[0m
[  99% ] [90m[1mimport[22m | Saving...[39m[0m
[92m[ DONE ][39m [1mimport[22m
[0m
[  84% ] [90m[1mreimport[22m | building_tower_B_red.gltf[39m[0m
[   0% ] [90m[1mimport[22m | Started Import Scene (104 steps)[39m[0m
[   0% ] [90m[1mimport[22m | Importing Scene...[39m[0m
[   1% ] [90m[1mimport[22m | Running Custom Script...[39m[0m
[  99% ] [90m[1mimport[22m | Saving...[39m[0m
[92m[ DONE ][39m [1mimport[22m
[0m
[  84% ] [90m[1mreimport[22m | building_tower_B_green.gltf[39m[0m
[   0% ] [90m[1mimport[22m | Started Import Scene (104 steps)[39m[0m
[   0% ] [90m[1mimport[22m | Importing Scene...[39m[0m
[   1% ] [90m[1mimport[22m | Running Custom Script...[39m[0m
[  99% ] [90m[1mimport[22m | Saving...[39m[0m
[92m[ DONE ][39m [1mimport[22m
[0m
[  84% ] [90m[1mreimport[22m | building_tower_B_blue.gltf[39m[0m
[   0% ] [90m[1mimport[22m | Started Import Scene (104 steps)[39m[0m
[   0% ] [90m[1mimport[22m | Importing Scene...[39m[0m
[   1% ] [90m[1mimport[22m | Running Custom Script...[39m[0m
[  99% ] [90m[1mimport[22m | Saving...[39m[0m
[92m[ DONE ][39m [1mimport[22m
[0m
[  84% ] [90m[1mreimport[22m | building_tower_base_yellow.gltf[39m[0m
[   0% ] [90m[1mimport[22m | Started Import Scene (104 steps)[39m[0m
[   0% ] [90m[1mimport[22m | Importing Scene...[39m[0m
[   1% ] [90m[1mimport[22m | Running Custom Script...[39m[0m
[  99% ] [90m[1mimport[22m | Saving...[39m[0m
[92m[ DONE ][39m [1mimport[22m
[0m
[  84% ] [90m[1mreimport[22m | building_tower_base_red.gltf[39m[0m
[   0% ] [90m[1mimport[22m | Started Import Scene (104 steps)[39m[0m
[   0% ] [90m[1mimport[22m | Importing Scene...[39m[0m
[   1% ] [90m[1mimport[22m | Running Custom Script...[39m[0m
[  99% ] [90m[1mimport[22m | Saving...[39m[0m
[92m[ DONE ][39m [1mimport[22m
[0m
[  84% ] [90m[1mreimport[22m | building_tower_base_green.gltf[39m[0m
[   0% ] [90m[1mimport[22m | Started Import Scene (104 steps)[39m[0m
[   0% ] [90m[1mimport[22m | Importing Scene...[39m[0m
[   1% ] [90m[1mimport[22m | Running Custom Script...[39m[0m
[  99% ] [90m[1mimport[22m | Saving...[39m[0m
[92m[ DONE ][39m [1mimport[22m
[0m
[  84% ] [90m[1mreimport[22m | building_tower_base_blue.gltf[39m[0m
[   0% ] [90m[1mimport[22m | Started Import Scene (104 steps)[39m[0m
[   0% ] [90m[1mimport[22m | Importing Scene...[39m[0m
[   1% ] [90m[1mimport[22m | Running Custom Script...[39m[0m
[  99% ] [90m[1mimport[22m | Saving...[39m[0m
[92m[ DONE ][39m [1mimport[22m
[0m
[  84% ] [90m[1mreimport[22m | building_tower_A_yellow.gltf[39m[0m
[   0% ] [90m[1mimport[22m | Started Import Scene (104 steps)[39m[0m
[   0% ] [90m[1mimport[22m | Importing Scene...[39m[0m
[   1% ] [90m[1mimport[22m | Running Custom Script...[39m[0m
[  99% ] [90m[1mimport[22m | Saving...[39m[0m
[92m[ DONE ][39m [1mimport[22m
[0m
[  84% ] [90m[1mreimport[22m | building_tower_A_red.gltf[39m[0m
[   0% ] [90m[1mimport[22m | Started Import Scene (104 steps)[39m[0m
[   0% ] [90m[1mimport[22m | Importing Scene...[39m[0m
[   1% ] [90m[1mimport[22m | Running Custom Script...[39m[0m
[  99% ] [90m[1mimport[22m | Saving...[39m[0m
[92m[ DONE ][39m [1mimport[22m
[0m
[  84% ] [90m[1mreimport[22m | building_tower_A_green.gltf[39m[0m
[   0% ] [90m[1mimport[22m | Started Import Scene (104 steps)[39m[0m
[   0% ] [90m[1mimport[22m | Importing Scene...[39m[0m
[   1% ] [90m[1mimport[22m | Running Custom Script...[39m[0m
[  99% ] [90m[1mimport[22m | Saving...[39m[0m
[92m[ DONE ][39m [1mimport[22m
[0m
[  84% ] [90m[1mreimport[22m | building_tower_A_blue.gltf[39m[0m
[   0% ] [90m[1mimport[22m | Started Import Scene (104 steps)[39m[0m
[   0% ] [90m[1mimport[22m | Importing Scene...[39m[0m
[   1% ] [90m[1mimport[22m | Running Custom Script...[39m[0m
[  99% ] [90m[1mimport[22m | Saving...[39m[0m
[92m[ DONE ][39m [1mimport[22m
[0m
[  84% ] [90m[1mreimport[22m | building_tavern_yellow.gltf[39m[0m
[   0% ] [90m[1mimport[22m | Started Import Scene (104 steps)[39m[0m
[   0% ] [90m[1mimport[22m | Importing Scene...[39m[0m
[   1% ] [90m[1mimport[22m | Running Custom Script...[39m[0m
[  99% ] [90m[1mimport[22m | Saving...[39m[0m
[92m[ DONE ][39m [1mimport[22m
[0m
[  85% ] [90m[1mreimport[22m | building_tavern_red.gltf[39m[0m
[   0% ] [90m[1mimport[22m | Started Import Scene (104 steps)[39m[0m
[   0% ] [90m[1mimport[22m | Importing Scene...[39m[0m
[   1% ] [90m[1mimport[22m | Running Custom Script...[39m[0m
[  99% ] [90m[1mimport[22m | Saving...[39m[0m
[92m[ DONE ][39m [1mimport[22m
[0m
[  85% ] [90m[1mreimport[22m | building_tavern_green.gltf[39m[0m
[   0% ] [90m[1mimport[22m | Started Import Scene (104 steps)[39m[0m
[   0% ] [90m[1mimport[22m | Importing Scene...[39m[0m
[   1% ] [90m[1mimport[22m | Running Custom Script...[39m[0m
[  99% ] [90m[1mimport[22m | Saving...[39m[0m
[92m[ DONE ][39m [1mimport[22m
[0m
[  85% ] [90m[1mreimport[22m | building_tavern_blue.gltf[39m[0m
[   0% ] [90m[1mimport[22m | Started Import Scene (104 steps)[39m[0m
[   0% ] [90m[1mimport[22m | Importing Scene...[39m[0m
[   1% ] [90m[1mimport[22m | Running Custom Script...[39m[0m
[  99% ] [90m[1mimport[22m | Saving...[39m[0m
[92m[ DONE ][39m [1mimport[22m
[0m
[  85% ] [90m[1mreimport[22m | building_stage_C.gltf[39m[0m
[   0% ] [90m[1mimport[22m | Started Import Scene (104 steps)[39m[0m
[   0% ] [90m[1mimport[22m | Importing Scene...[39m[0m
[   1% ] [90m[1mimport[22m | Running Custom Script...[39m[0m
[  99% ] [90m[1mimport[22m | Saving...[39m[0m
[92m[ DONE ][39m [1mimport[22m
[0m
[  85% ] [90m[1mreimport[22m | building_C_withoutBase.gltf[39m[0m
[   0% ] [90m[1mimport[22m | Started Import Scene (104 steps)[39m[0m
[   0% ] [90m[1mimport[22m | Importing Scene...[39m[0m
[   1% ] [90m[1mimport[22m | Running Custom Script...[39m[0m
[  99% ] [90m[1mimport[22m | Saving...[39m[0m
[92m[ DONE ][39m [1mimport[22m
[0m
[  85% ] [90m[1mreimport[22m | building_church_yellow.gltf[39m[0m
[   0% ] [90m[1mimport[22m | Started Import Scene (104 steps)[39m[0m
[   0% ] [90m[1mimport[22m | Importing Scene...[39m[0m
[   1% ] [90m[1mimport[22m | Running Custom Script...[39m[0m
[  99% ] [90m[1mimport[22m | Saving...[39m[0m
[92m[ DONE ][39m [1mimport[22m
[0m
[  85% ] [90m[1mreimport[22m | building_church_red.gltf[39m[0m
[   0% ] [90m[1mimport[22m | Started Import Scene (104 steps)[39m[0m
[   0% ] [90m[1mimport[22m | Importing Scene...[39m[0m
[   1% ] [90m[1mimport[22m | Running Custom Script...[39m[0m
[  99% ] [90m[1mimport[22m | Saving...[39m[0m
[92m[ DONE ][39m [1mimport[22m
[0m
[  85% ] [90m[1mreimport[22m | building_church_green.gltf[39m[0m
[   0% ] [90m[1mimport[22m | Started Import Scene (104 steps)[39m[0m
[   0% ] [90m[1mimport[22m | Importing Scene...[39m[0m
[   1% ] [90m[1mimport[22m | Running Custom Script...[39m[0m
[  99% ] [90m[1mimport[22m | Saving...[39m[0m
[92m[ DONE ][39m [1mimport[22m
[0m
[  85% ] [90m[1mreimport[22m | building_church_blue.gltf[39m[0m
[   0% ] [90m[1mimport[22m | Started Import Scene (104 steps)[39m[0m
[   0% ] [90m[1mimport[22m | Importing Scene...[39m[0m
[   1% ] [90m[1mimport[22m | Running Custom Script...[39m[0m
[  99% ] [90m[1mimport[22m | Saving...[39m[0m
[92m[ DONE ][39m [1mimport[22m
[0m
[  85% ] [90m[1mreimport[22m | building_castle_yellow.gltf[39m[0m
[   0% ] [90m[1mimport[22m | Started Import Scene (104 steps)[39m[0m
[   0% ] [90m[1mimport[22m | Importing Scene...[39m[0m
[   1% ] [90m[1mimport[22m | Running Custom Script...[39m[0m
[  99% ] [90m[1mimport[22m | Saving...[39m[0m
[92m[ DONE ][39m [1mimport[22m
[0m
[  85% ] [90m[1mreimport[22m | building_castle_red.gltf[39m[0m
[   0% ] [90m[1mimport[22m | Started Import Scene (104 steps)[39m[0m
[   0% ] [90m[1mimport[22m | Importing Scene...[39m[0m
[   1% ] [90m[1mimport[22m | Running Custom Script...[39m[0m
[  99% ] [90m[1mimport[22m | Saving...[39m[0m
[92m[ DONE ][39m [1mimport[22m
[0m
[  85% ] [90m[1mreimport[22m | building_castle_green.gltf[39m[0m
[   0% ] [90m[1mimport[22m | Started Import Scene (104 steps)[39m[0m
[   0% ] [90m[1mimport[22m | Importing Scene...[39m[0m
[   1% ] [90m[1mimport[22m | Running Custom Script...[39m[0m
[  99% ] [90m[1mimport[22m | Saving...[39m[0m
[92m[ DONE ][39m [1mimport[22m
[0m
[  86% ] [90m[1mreimport[22m | building_castle_blue.gltf[39m[0m
[   0% ] [90m[1mimport[22m | Started Import Scene (104 steps)[39m[0m
[   0% ] [90m[1mimport[22m | Importing Scene...[39m[0m
[   1% ] [90m[1mimport[22m | Running Custom Script...[39m[0m
[  99% ] [90m[1mimport[22m | Saving...[39m[0m
[92m[ DONE ][39m [1mimport[22m
[0m
[  86% ] [90m[1mreimport[22m | building_C.gltf[39m[0m
[   0% ] [90m[1mimport[22m | Started Import Scene (104 steps)[39m[0m
[   0% ] [90m[1mimport[22m | Importing Scene...[39m[0m
[   1% ] [90m[1mimport[22m | Running Custom Script...[39m[0m
[  99% ] [90m[1mimport[22m | Saving...[39m[0m
[92m[ DONE ][39m [1mimport[22m
[0m
[  86% ] [90m[1mreimport[22m | building_B_withoutBase.gltf[39m[0m
[   0% ] [90m[1mimport[22m | Started Import Scene (104 steps)[39m[0m
[   0% ] [90m[1mimport[22m | Importing Scene...[39m[0m
[   1% ] [90m[1mimport[22m | Running Custom Script...[39m[0m
[  99% ] [90m[1mimport[22m | Saving...[39m[0m
[92m[ DONE ][39m [1mimport[22m
[0m
[  86% ] [90m[1mreimport[22m | building_bridge_B.gltf[39m[0m
[   0% ] [90m[1mimport[22m | Started Import Scene (104 steps)[39m[0m
[   0% ] [90m[1mimport[22m | Importing Scene...[39m[0m
[   1% ] [90m[1mimport[22m | Running Custom Script...[39m[0m
[  99% ] [90m[1mimport[22m | Saving...[39m[0m
[92m[ DONE ][39m [1mimport[22m
[0m
[  86% ] [90m[1mreimport[22m | building_bridge_A.gltf[39m[0m
[   0% ] [90m[1mimport[22m | Started Import Scene (104 steps)[39m[0m
[   0% ] [90m[1mimport[22m | Importing Scene...[39m[0m
[   1% ] [90m[1mimport[22m | Running Custom Script...[39m[0m
[  99% ] [90m[1mimport[22m | Saving...[39m[0m
[92m[ DONE ][39m [1mimport[22m
[0m
[  86% ] [90m[1mreimport[22m | building_blacksmith_yellow.gltf[39m[0m
[   0% ] [90m[1mimport[22m | Started Import Scene (104 steps)[39m[0m
[   0% ] [90m[1mimport[22m | Importing Scene...[39m[0m
[   1% ] [90m[1mimport[22m | Running Custom Script...[39m[0m
[  99% ] [90m[1mimport[22m | Saving...[39m[0m
[92m[ DONE ][39m [1mimport[22m
[0m
[  86% ] [90m[1mreimport[22m | building_blacksmith_red.gltf[39m[0m
[   0% ] [90m[1mimport[22m | Started Import Scene (104 steps)[39m[0m
[   0% ] [90m[1mimport[22m | Importing Scene...[39m[0m
[   1% ] [90m[1mimport[22m | Running Custom Script...[39m[0m
[  99% ] [90m[1mimport[22m | Saving...[39m[0m
[92m[ DONE ][39m [1mimport[22m
[0m
[  86% ] [90m[1mreimport[22m | building_blacksmith_green.gltf[39m[0m
[   0% ] [90m[1mimport[22m | Started Import Scene (104 steps)[39m[0m
[   0% ] [90m[1mimport[22m | Importing Scene...[39m[0m
[   1% ] [90m[1mimport[22m | Running Custom Script...[39m[0m
[  99% ] [90m[1mimport[22m | Saving...[39m[0m
[92m[ DONE ][39m [1mimport[22m
[0m
[  86% ] [90m[1mreimport[22m | building_blacksmith_blue.gltf[39m[0m
[   0% ] [90m[1mimport[22m | Started Import Scene (104 steps)[39m[0m
[   0% ] [90m[1mimport[22m | Importing Scene...[39m[0m
[   1% ] [90m[1mimport[22m | Running Custom Script...[39m[0m
[  99% ] [90m[1mimport[22m | Saving...[39m[0m
[92m[ DONE ][39m [1mimport[22m
[0m
[  86% ] [90m[1mreimport[22m | building_barracks_yellow.gltf[39m[0m
[   0% ] [90m[1mimport[22m | Started Import Scene (104 steps)[39m[0m
[   0% ] [90m[1mimport[22m | Importing Scene...[39m[0m
[   1% ] [90m[1mimport[22m | Running Custom Script...[39m[0m
[  99% ] [90m[1mimport[22m | Saving...[39m[0m
[92m[ DONE ][39m [1mimport[22m
[0m
[  86% ] [90m[1mreimport[22m | building_home_B_green.gltf[39m[0m
[   0% ] [90m[1mimport[22m | Started Import Scene (104 steps)[39m[0m
[   0% ] [90m[1mimport[22m | Importing Scene...[39m[0m
[   1% ] [90m[1mimport[22m | Running Custom Script...[39m[0m
[  99% ] [90m[1mimport[22m | Saving...[39m[0m
[92m[ DONE ][39m [1mimport[22m
[0m
[  86% ] [90m[1mreimport[22m | building_home_B_blue.gltf[39m[0m
[   0% ] [90m[1mimport[22m | Started Import Scene (104 steps)[39m[0m
[   0% ] [90m[1mimport[22m | Importing Scene...[39m[0m
[   1% ] [90m[1mimport[22m | Running Custom Script...[39m[0m
[  99% ] [90m[1mimport[22m | Saving...[39m[0m
[92m[ DONE ][39m [1mimport[22m
[0m
[  86% ] [90m[1mreimport[22m | building_home_A_yellow.gltf[39m[0m
[   0% ] [90m[1mimport[22m | Started Import Scene (104 steps)[39m[0m
[   0% ] [90m[1mimport[22m | Importing Scene...[39m[0m
[   1% ] [90m[1mimport[22m | Running Custom Script...[39m[0m
[  99% ] [90m[1mimport[22m | Saving...[39m[0m
[92m[ DONE ][39m [1mimport[22m
[0m
[  87% ] [90m[1mreimport[22m | building_home_A_red.gltf[39m[0m
[   0% ] [90m[1mimport[22m | Started Import Scene (104 steps)[39m[0m
[   0% ] [90m[1mimport[22m | Importing Scene...[39m[0m
[   1% ] [90m[1mimport[22m | Running Custom Script...[39m[0m
[  99% ] [90m[1mimport[22m | Saving...[39m[0m
[92m[ DONE ][39m [1mimport[22m
[0m
[  87% ] [90m[1mreimport[22m | building_home_A_green.gltf[39m[0m
[   0% ] [90m[1mimport[22m | Started Import Scene (104 steps)[39m[0m
[   0% ] [90m[1mimport[22m | Importing Scene...[39m[0m
[   1% ] [90m[1mimport[22m | Running Custom Script...[39m[0m
[  99% ] [90m[1mimport[22m | Saving...[39m[0m
[92m[ DONE ][39m [1mimport[22m
[0m
[  87% ] [90m[1mreimport[22m | building_home_A_blue.gltf[39m[0m
[   0% ] [90m[1mimport[22m | Started Import Scene (104 steps)[39m[0m
[   0% ] [90m[1mimport[22m | Importing Scene...[39m[0m
[   1% ] [90m[1mimport[22m | Running Custom Script...[39m[0m
[  99% ] [90m[1mimport[22m | Saving...[39m[0m
[92m[ DONE ][39m [1mimport[22m
[0m
[  87% ] [90m[1mreimport[22m | building_H.gltf[39m[0m
[   0% ] [90m[1mimport[22m | Started Import Scene (104 steps)[39m[0m
[   0% ] [90m[1mimport[22m | Importing Scene...[39m[0m
[   1% ] [90m[1mimport[22m | Running Custom Script...[39m[0m
[  99% ] [90m[1mimport[22m | Saving...[39m[0m
[92m[ DONE ][39m [1mimport[22m
[0m
[  87% ] [90m[1mreimport[22m | building_G_withoutBase.gltf[39m[0m
[   0% ] [90m[1mimport[22m | Started Import Scene (104 steps)[39m[0m
[   0% ] [90m[1mimport[22m | Importing Scene...[39m[0m
[   1% ] [90m[1mimport[22m | Running Custom Script...[39m[0m
[  99% ] [90m[1mimport[22m | Saving...[39m[0m
[92m[ DONE ][39m [1mimport[22m
[0m
[  87% ] [90m[1mreimport[22m | building_grain.gltf[39m[0m
[   0% ] [90m[1mimport[22m | Started Import Scene (104 steps)[39m[0m
[   0% ] [90m[1mimport[22m | Importing Scene...[39m[0m
[   1% ] [90m[1mimport[22m | Running Custom Script...[39m[0m
[  99% ] [90m[1mimport[22m | Saving...[39m[0m
[92m[ DONE ][39m [1mimport[22m
[0m
[  87% ] [90m[1mreimport[22m | building_G.gltf[39m[0m
[   0% ] [90m[1mimport[22m | Started Import Scene (104 steps)[39m[0m
[   0% ] [90m[1mimport[22m | Importing Scene...[39m[0m
[   1% ] [90m[1mimport[22m | Running Custom Script...[39m[0m
[  99% ] [90m[1mimport[22m | Saving...[39m[0m
[92m[ DONE ][39m [1mimport[22m
[0m
[  87% ] [90m[1mreimport[22m | building_F_withoutBase.gltf[39m[0m
[   0% ] [90m[1mimport[22m | Started Import Scene (104 steps)[39m[0m
[   0% ] [90m[1mimport[22m | Importing Scene...[39m[0m
[   1% ] [90m[1mimport[22m | Running Custom Script...[39m[0m
[  99% ] [90m[1mimport[22m | Saving...[39m[0m
[92m[ DONE ][39m [1mimport[22m
[0m
[  87% ] [90m[1mreimport[22m | building_F.gltf[39m[0m
[   0% ] [90m[1mimport[22m | Started Import Scene (104 steps)[39m[0m
[   0% ] [90m[1mimport[22m | Importing Scene...[39m[0m
[   1% ] [90m[1mimport[22m | Running Custom Script...[39m[0m
[  99% ] [90m[1mimport[22m | Saving...[39m[0m
[92m[ DONE ][39m [1mimport[22m
[0m
[  87% ] [90m[1mreimport[22m | building_E_withoutBase.gltf[39m[0m
[   0% ] [90m[1mimport[22m | Started Import Scene (104 steps)[39m[0m
[   0% ] [90m[1mimport[22m | Importing Scene...[39m[0m
[   1% ] [90m[1mimport[22m | Running Custom Script...[39m[0m
[  99% ] [90m[1mimport[22m | Saving...[39m[0m
[92m[ DONE ][39m [1mimport[22m
[0m
[  87% ] [90m[1mreimport[22m | building_E.gltf[39m[0m
[   0% ] [90m[1mimport[22m | Started Import Scene (104 steps)[39m[0m
[   0% ] [90m[1mimport[22m | Importing Scene...[39m[0m
[   1% ] [90m[1mimport[22m | Running Custom Script...[39m[0m
[  99% ] [90m[1mimport[22m | Saving...[39m[0m
[92m[ DONE ][39m [1mimport[22m
[0m
[  87% ] [90m[1mreimport[22m | building_D_withoutBase.gltf[39m[0m
[   0% ] [90m[1mimport[22m | Started Import Scene (104 steps)[39m[0m
[   0% ] [90m[1mimport[22m | Importing Scene...[39m[0m
[   1% ] [90m[1mimport[22m | Running Custom Script...[39m[0m
[  99% ] [90m[1mimport[22m | Saving...[39m[0m
[92m[ DONE ][39m [1mimport[22m
[0m
[  88% ] [90m[1mreimport[22m | building_dirt.gltf[39m[0m
[   0% ] [90m[1mimport[22m | Started Import Scene (104 steps)[39m[0m
[   0% ] [90m[1mimport[22m | Importing Scene...[39m[0m
[   1% ] [90m[1mimport[22m | Running Custom Script...[39m[0m
[  99% ] [90m[1mimport[22m | Saving...[39m[0m
[92m[ DONE ][39m [1mimport[22m
[0m
[  88% ] [90m[1mreimport[22m | building_destroyed.gltf[39m[0m
[   0% ] [90m[1mimport[22m | Started Import Scene (104 steps)[39m[0m
[   0% ] [90m[1mimport[22m | Importing Scene...[39m[0m
[   1% ] [90m[1mimport[22m | Running Custom Script...[39m[0m
[  99% ] [90m[1mimport[22m | Saving...[39m[0m
[92m[ DONE ][39m [1mimport[22m
[0m
[  88% ] [90m[1mreimport[22m | building_D.gltf[39m[0m
[   0% ] [90m[1mimport[22m | Started Import Scene (104 steps)[39m[0m
[   0% ] [90m[1mimport[22m | Importing Scene...[39m[0m
[   1% ] [90m[1mimport[22m | Running Custom Script...[39m[0m
[  99% ] [90m[1mimport[22m | Saving...[39m[0m
[92m[ DONE ][39m [1mimport[22m
[0m
[  88% ] [90m[1mreimport[22m | FarmCrate_Apple.fbx[39m[0m
[   0% ] [90m[1mimport[22m | Started Import Scene (104 steps)[39m[0m
[   0% ] [90m[1mimport[22m | Importing Scene...[39m[0m
[   1% ] [90m[1mimport[22m | Running Custom Script...[39m[0m
[  99% ] [90m[1mimport[22m | Saving...[39m[0m
[92m[ DONE ][39m [1mimport[22m
[0m
[  88% ] [90m[1mreimport[22m | Dummy.gltf[39m[0m
[   0% ] [90m[1mimport[22m | Started Import Scene (104 steps)[39m[0m
[   0% ] [90m[1mimport[22m | Importing Scene...[39m[0m
[   1% ] [90m[1mimport[22m | Running Custom Script...[39m[0m
[  99% ] [90m[1mimport[22m | Saving...[39m[0m
[92m[ DONE ][39m [1mimport[22m
[0m
[  88% ] [90m[1mreimport[22m | Dummy.fbx[39m[0m
[   0% ] [90m[1mimport[22m | Started Import Scene (104 steps)[39m[0m
[   0% ] [90m[1mimport[22m | Importing Scene...[39m[0m
[   1% ] [90m[1mimport[22m | Running Custom Script...[39m[0m
[  99% ] [90m[1mimport[22m | Saving...[39m[0m
[92m[ DONE ][39m [1mimport[22m
[0m
[  88% ] [90m[1mreimport[22m | crypt.gltf[39m[0m
[   0% ] [90m[1mimport[22m | Started Import Scene (104 steps)[39m[0m
[   0% ] [90m[1mimport[22m | Importing Scene...[39m[0m
[   1% ] [90m[1mimport[22m | Running Custom Script...[39m[0m
[  99% ] [90m[1mimport[22m | Saving...[39m[0m
[92m[ DONE ][39m [1mimport[22m
[0m
[  88% ] [90m[1mreimport[22m | Crate_Wooden.gltf[39m[0m
[   0% ] [90m[1mimport[22m | Started Import Scene (104 steps)[39m[0m
[   0% ] [90m[1mimport[22m | Importing Scene...[39m[0m
[   1% ] [90m[1mimport[22m | Running Custom Script...[39m[0m
[  99% ] [90m[1mimport[22m | Saving...[39m[0m
[92m[ DONE ][39m [1mimport[22m
[0m
[  88% ] [90m[1mreimport[22m | Crate_Wooden.fbx[39m[0m
[   0% ] [90m[1mimport[22m | Started Import Scene (104 steps)[39m[0m
[   0% ] [90m[1mimport[22m | Importing Scene...[39m[0m
[   1% ] [90m[1mimport[22m | Running Custom Script...[39m[0m
[  99% ] [90m[1mimport[22m | Saving...[39m[0m
[92m[ DONE ][39m [1mimport[22m
[0m
[  88% ] [90m[1mreimport[22m | Crate_Metal.gltf[39m[0m
[   0% ] [90m[1mimport[22m | Started Import Scene (104 steps)[39m[0m
[   0% ] [90m[1mimport[22m | Importing Scene...[39m[0m
[   1% ] [90m[1mimport[22m | Running Custom Script...[39m[0m
[  99% ] [90m[1mimport[22m | Saving...[39m[0m
[92m[ DONE ][39m [1mimport[22m
[0m
[  88% ] [90m[1mreimport[22m | Crate_Metal.fbx[39m[0m
[   0% ] [90m[1mimport[22m | Started Import Scene (104 steps)[39m[0m
[   0% ] [90m[1mimport[22m | Importing Scene...[39m[0m
[   1% ] [90m[1mimport[22m | Running Custom Script...[39m[0m
[  99% ] [90m[1mimport[22m | Saving...[39m[0m
[92m[ DONE ][39m [1mimport[22m
[0m
[  88% ] [90m[1mreimport[22m | Coin_Pile_2.gltf[39m[0m
[   0% ] [90m[1mimport[22m | Started Import Scene (104 steps)[39m[0m
[   0% ] [90m[1mimport[22m | Importing Scene...[39m[0m
[   1% ] [90m[1mimport[22m | Running Custom Script...[39m[0m
[  99% ] [90m[1mimport[22m | Saving...[39m[0m
[92m[ DONE ][39m [1mimport[22m
[0m
[  88% ] [90m[1mreimport[22m | Coin_Pile_2.fbx[39m[0m
[   0% ] [90m[1mimport[22m | Started Import Scene (104 steps)[39m[0m
[   0% ] [90m[1mimport[22m | Importing Scene...[39m[0m
[   1% ] [90m[1mimport[22m | Running Custom Script...[39m[0m
[  99% ] [90m[1mimport[22m | Saving...[39m[0m
[92m[ DONE ][39m [1mimport[22m
[0m
[  89% ] [90m[1mreimport[22m | Coin_Pile.gltf[39m[0m
[   0% ] [90m[1mimport[22m | Started Import Scene (104 steps)[39m[0m
[   0% ] [90m[1mimport[22m | Importing Scene...[39m[0m
[   1% ] [90m[1mimport[22m | Running Custom Script...[39m[0m
[  99% ] [90m[1mimport[22m | Saving...[39m[0m
[92m[ DONE ][39m [1mimport[22m
[0m
[  89% ] [90m[1mreimport[22m | Coin_Pile.fbx[39m[0m
[   0% ] [90m[1mimport[22m | Started Import Scene (104 steps)[39m[0m
[   0% ] [90m[1mimport[22m | Importing Scene...[39m[0m
[   1% ] [90m[1mimport[22m | Running Custom Script...[39m[0m
[  99% ] [90m[1mimport[22m | Saving...[39m[0m
[92m[ DONE ][39m [1mimport[22m
[0m
[  89% ] [90m[1mreimport[22m | Coin.gltf[39m[0m
[   0% ] [90m[1mimport[22m | Started Import Scene (104 steps)[39m[0m
[   0% ] [90m[1mimport[22m | Importing Scene...[39m[0m
[   1% ] [90m[1mimport[22m | Running Custom Script...[39m[0m
[  99% ] [90m[1mimport[22m | Saving...[39m[0m
[92m[ DONE ][39m [1mimport[22m
[0m
[  89% ] [90m[1mreimport[22m | Coin.fbx[39m[0m
[   0% ] [90m[1mimport[22m | Started Import Scene (104 steps)[39m[0m
[   0% ] [90m[1mimport[22m | Importing Scene...[39m[0m
[   1% ] [90m[1mimport[22m | Running Custom Script...[39m[0m
[  99% ] [90m[1mimport[22m | Saving...[39m[0m
[92m[ DONE ][39m [1mimport[22m
[0m
[  89% ] [90m[1mreimport[22m | coffin_decorated.gltf[39m[0m
[   0% ] [90m[1mimport[22m | Started Import Scene (104 steps)[39m[0m
[   0% ] [90m[1mimport[22m | Importing Scene...[39m[0m
[   1% ] [90m[1mimport[22m | Running Custom Script...[39m[0m
[  99% ] [90m[1mimport[22m | Saving...[39m[0m
[92m[ DONE ][39m [1mimport[22m
[0m
[  89% ] [90m[1mreimport[22m | coffin.gltf[39m[0m
[   0% ] [90m[1mimport[22m | Started Import Scene (104 steps)[39m[0m
[   0% ] [90m[1mimport[22m | Importing Scene...[39m[0m
[   1% ] [90m[1mimport[22m | Running Custom Script...[39m[0m
[  99% ] [90m[1mimport[22m | Saving...[39m[0m
[92m[ DONE ][39m [1mimport[22m
[0m
[  89% ] [90m[1mreimport[22m | Chest_Wood.gltf[39m[0m
[   0% ] [90m[1mimport[22m | Started Import Scene (104 steps)[39m[0m
[   0% ] [90m[1mimport[22m | Importing Scene...[39m[0m
[   1% ] [90m[1mimport[22m | Running Custom Script...[39m[0m
[  99% ] [90m[1mimport[22m | Saving...[39m[0m
[92m[ DONE ][39m [1mimport[22m
[0m
[  89% ] [90m[1mreimport[22m | Chest_Wood.fbx[39m[0m
[   0% ] [90m[1mimport[22m | Started Import Scene (104 steps)[39m[0m
[   0% ] [90m[1mimport[22m | Importing Scene...[39m[0m
[   1% ] [90m[1mimport[22m | Running Custom Script...[39m[0m
[  99% ] [90m[1mimport[22m | Saving...[39m[0m
[92m[ DONE ][39m [1mimport[22m
[0m
[  89% ] [90m[1mreimport[22m | gravestone.gltf[39m[0m
[   0% ] [90m[1mimport[22m | Started Import Scene (104 steps)[39m[0m
[   0% ] [90m[1mimport[22m | Importing Scene...[39m[0m
[   1% ] [90m[1mimport[22m | Running Custom Script...[39m[0m
[  99% ] [90m[1mimport[22m | Saving...[39m[0m
[92m[ DONE ][39m [1mimport[22m
[0m
[  89% ] [90m[1mreimport[22m | gravemarker_B.gltf[39m[0m
[   0% ] [90m[1mimport[22m | Started Import Scene (104 steps)[39m[0m
[   0% ] [90m[1mimport[22m | Importing Scene...[39m[0m
[   1% ] [90m[1mimport[22m | Running Custom Script...[39m[0m
[  99% ] [90m[1mimport[22m | Saving...[39m[0m
[92m[ DONE ][39m [1mimport[22m
[0m
[  89% ] [90m[1mreimport[22m | gravemarker_A.gltf[39m[0m
[   0% ] [90m[1mimport[22m | Started Import Scene (104 steps)[39m[0m
[   0% ] [90m[1mimport[22m | Importing Scene...[39m[0m
[   1% ] [90m[1mimport[22m | Running Custom Script...[39m[0m
[  99% ] [90m[1mimport[22m | Saving...[39m[0m
[92m[ DONE ][39m [1mimport[22m
[0m
[  89% ] [90m[1mreimport[22m | floor_dirt_small.gltf[39m[0m
[   0% ] [90m[1mimport[22m | Started Import Scene (104 steps)[39m[0m
[   0% ] [90m[1mimport[22m | Importing Scene...[39m[0m
[   1% ] [90m[1mimport[22m | Running Custom Script...[39m[0m
[  99% ] [90m[1mimport[22m | Saving...[39m[0m
[92m[ DONE ][39m [1mimport[22m
[0m
[  90% ] [90m[1mreimport[22m | floor_dirt_grave.gltf[39m[0m
[   0% ] [90m[1mimport[22m | Started Import Scene (104 steps)[39m[0m
[   0% ] [90m[1mimport[22m | Importing Scene...[39m[0m
[   1% ] [90m[1mimport[22m | Running Custom Script...[39m[0m
[  99% ] [90m[1mimport[22m | Saving...[39m[0m
[92m[ DONE ][39m [1mimport[22m
[0m
[  90% ] [90m[1mreimport[22m | floor_dirt.gltf[39m[0m
[   0% ] [90m[1mimport[22m | Started Import Scene (104 steps)[39m[0m
[   0% ] [90m[1mimport[22m | Importing Scene...[39m[0m
[   1% ] [90m[1mimport[22m | Running Custom Script...[39m[0m
[  99% ] [90m[1mimport[22m | Saving...[39m[0m
[92m[ DONE ][39m [1mimport[22m
[0m
[  90% ] [90m[1mreimport[22m | fence_seperate_broken.gltf[39m[0m
[   0% ] [90m[1mimport[22m | Started Import Scene (104 steps)[39m[0m
[   0% ] [90m[1mimport[22m | Importing Scene...[39m[0m
[   1% ] [90m[1mimport[22m | Running Custom Script...[39m[0m
[  99% ] [90m[1mimport[22m | Saving...[39m[0m
[92m[ DONE ][39m [1mimport[22m
[0m
[  90% ] [90m[1mreimport[22m | fence_seperate.gltf[39m[0m
[   0% ] [90m[1mimport[22m | Started Import Scene (104 steps)[39m[0m
[   0% ] [90m[1mimport[22m | Importing Scene...[39m[0m
[   1% ] [90m[1mimport[22m | Running Custom Script...[39m[0m
[  99% ] [90m[1mimport[22m | Saving...[39m[0m
[92m[ DONE ][39m [1mimport[22m
[0m
[  90% ] [90m[1mreimport[22m | fence_pillar_broken.gltf[39m[0m
[   0% ] [90m[1mimport[22m | Started Import Scene (104 steps)[39m[0m
[   0% ] [90m[1mimport[22m | Importing Scene...[39m[0m
[   1% ] [90m[1mimport[22m | Running Custom Script...[39m[0m
[  99% ] [90m[1mimport[22m | Saving...[39m[0m
[92m[ DONE ][39m [1mimport[22m
[0m
[  90% ] [90m[1mreimport[22m | fence_pillar.gltf[39m[0m
[   0% ] [90m[1mimport[22m | Started Import Scene (104 steps)[39m[0m
[   0% ] [90m[1mimport[22m | Importing Scene...[39m[0m
[   1% ] [90m[1mimport[22m | Running Custom Script...[39m[0m
[  99% ] [90m[1mimport[22m | Saving...[39m[0m
[92m[ DONE ][39m [1mimport[22m
[0m
[  90% ] [90m[1mreimport[22m | fence_gate.gltf[39m[0m
[   0% ] [90m[1mimport[22m | Started Import Scene (104 steps)[39m[0m
[   0% ] [90m[1mimport[22m | Importing Scene...[39m[0m
[   1% ] [90m[1mimport[22m | Running Custom Script...[39m[0m
[  99% ] [90m[1mimport[22m | Saving...[39m[0m
[92m[ DONE ][39m [1mimport[22m
[0m
[  90% ] [90m[1mreimport[22m | fence_broken.gltf[39m[0m
[   0% ] [90m[1mimport[22m | Started Import Scene (104 steps)[39m[0m
[   0% ] [90m[1mimport[22m | Importing Scene...[39m[0m
[   1% ] [90m[1mimport[22m | Running Custom Script...[39m[0m
[  99% ] [90m[1mimport[22m | Saving...[39m[0m
[92m[ DONE ][39m [1mimport[22m
[0m
[  90% ] [90m[1mreimport[22m | fence.gltf[39m[0m
[   0% ] [90m[1mimport[22m | Started Import Scene (104 steps)[39m[0m
[   0% ] [90m[1mimport[22m | Importing Scene...[39m[0m
[   1% ] [90m[1mimport[22m | Running Custom Script...[39m[0m
[  99% ] [90m[1mimport[22m | Saving...[39m[0m
[92m[ DONE ][39m [1mimport[22m
[0m
[  90% ] [90m[1mreimport[22m | FarmCrate_Empty.gltf[39m[0m
[   0% ] [90m[1mimport[22m | Started Import Scene (104 steps)[39m[0m
[   0% ] [90m[1mimport[22m | Importing Scene...[39m[0m
[   1% ] [90m[1mimport[22m | Running Custom Script...[39m[0m
[  99% ] [90m[1mimport[22m | Saving...[39m[0m
[92m[ DONE ][39m [1mimport[22m
[0m
[  90% ] [90m[1mreimport[22m | FarmCrate_Empty.fbx[39m[0m
[   0% ] [90m[1mimport[22m | Started Import Scene (104 steps)[39m[0m
[   0% ] [90m[1mimport[22m | Importing Scene...[39m[0m
[   1% ] [90m[1mimport[22m | Running Custom Script...[39m[0m
[  99% ] [90m[1mimport[22m | Saving...[39m[0m
[92m[ DONE ][39m [1mimport[22m
[0m
[  90% ] [90m[1mreimport[22m | FarmCrate_Carrot.gltf[39m[0m
[   0% ] [90m[1mimport[22m | Started Import Scene (104 steps)[39m[0m
[   0% ] [90m[1mimport[22m | Importing Scene...[39m[0m
[   1% ] [90m[1mimport[22m | Running Custom Script...[39m[0m
[  99% ] [90m[1mimport[22m | Saving...[39m[0m
[92m[ DONE ][39m [1mimport[22m
[0m
[  91% ] [90m[1mreimport[22m | FarmCrate_Carrot.fbx[39m[0m
[   0% ] [90m[1mimport[22m | Started Import Scene (104 steps)[39m[0m
[   0% ] [90m[1mimport[22m | Importing Scene...[39m[0m
[   1% ] [90m[1mimport[22m | Running Custom Script...[39m[0m
[  99% ] [90m[1mimport[22m | Saving...[39m[0m
[92m[ DONE ][39m [1mimport[22m
[0m
[  91% ] [90m[1mreimport[22m | FarmCrate_Apple.gltf[39m[0m
[   0% ] [90m[1mimport[22m | Started Import Scene (104 steps)[39m[0m
[   0% ] [90m[1mimport[22m | Importing Scene...[39m[0m
[   1% ] [90m[1mimport[22m | Running Custom Script...[39m[0m
[  99% ] [90m[1mimport[22m | Saving...[39m[0m
[92m[ DONE ][39m [1mimport[22m
[0m
[  91% ] [90m[1mreimport[22m | Candle_1.fbx[39m[0m
[   0% ] [90m[1mimport[22m | Started Import Scene (104 steps)[39m[0m
[   0% ] [90m[1mimport[22m | Importing Scene...[39m[0m
[   1% ] [90m[1mimport[22m | Running Custom Script...[39m[0m
[  99% ] [90m[1mimport[22m | Saving...[39m[0m
[92m[ DONE ][39m [1mimport[22m
[0m
[  91% ] [90m[1mreimport[22m | CandleStick_Triple.gltf[39m[0m
[   0% ] [90m[1mimport[22m | Started Import Scene (104 steps)[39m[0m
[   0% ] [90m[1mimport[22m | Importing Scene...[39m[0m
[   1% ] [90m[1mimport[22m | Running Custom Script...[39m[0m
[  99% ] [90m[1mimport[22m | Saving...[39m[0m
[92m[ DONE ][39m [1mimport[22m
[0m
[  91% ] [90m[1mreimport[22m | CandleStick_Triple.fbx[39m[0m
[   0% ] [90m[1mimport[22m | Started Import Scene (104 steps)[39m[0m
[   0% ] [90m[1mimport[22m | Importing Scene...[39m[0m
[   1% ] [90m[1mimport[22m | Running Custom Script...[39m[0m
[  99% ] [90m[1mimport[22m | Saving...[39m[0m
[92m[ DONE ][39m [1mimport[22m
[0m
[  91% ] [90m[1mreimport[22m | CandleStick_Stand.gltf[39m[0m
[   0% ] [90m[1mimport[22m | Started Import Scene (104 steps)[39m[0m
[   0% ] [90m[1mimport[22m | Importing Scene...[39m[0m
[   1% ] [90m[1mimport[22m | Running Custom Script...[39m[0m
[  99% ] [90m[1mimport[22m | Saving...[39m[0m
[92m[ DONE ][39m [1mimport[22m
[0m
[  91% ] [90m[1mreimport[22m | CandleStick_Stand.fbx[39m[0m
[   0% ] [90m[1mimport[22m | Started Import Scene (104 steps)[39m[0m
[   0% ] [90m[1mimport[22m | Importing Scene...[39m[0m
[   1% ] [90m[1mimport[22m | Running Custom Script...[39m[0m
[  99% ] [90m[1mimport[22m | Saving...[39m[0m
[92m[ DONE ][39m [1mimport[22m
[0m
[  91% ] [90m[1mreimport[22m | CandleStick.gltf[39m[0m
[   0% ] [90m[1mimport[22m | Started Import Scene (104 steps)[39m[0m
[   0% ] [90m[1mimport[22m | Importing Scene...[39m[0m
[   1% ] [90m[1mimport[22m | Running Custom Script...[39m[0m
[  99% ] [90m[1mimport[22m | Saving...[39m[0m
[92m[ DONE ][39m [1mimport[22m
[0m
[  91% ] [90m[1mreimport[22m | CandleStick.fbx[39m[0m
[   0% ] [90m[1mimport[22m | Started Import Scene (104 steps)[39m[0m
[   0% ] [90m[1mimport[22m | Importing Scene...[39m[0m
[   1% ] [90m[1mimport[22m | Running Custom Script...[39m[0m
[  99% ] [90m[1mimport[22m | Saving...[39m[0m
[92m[ DONE ][39m [1mimport[22m
[0m
[  91% ] [90m[1mreimport[22m | candle.gltf[39m[0m
[   0% ] [90m[1mimport[22m | Started Import Scene (104 steps)[39m[0m
[   0% ] [90m[1mimport[22m | Importing Scene...[39m[0m
[   1% ] [90m[1mimport[22m | Running Custom Script...[39m[0m
[  99% ] [90m[1mimport[22m | Saving...[39m[0m
[92m[ DONE ][39m [1mimport[22m
[0m
[  91% ] [90m[1mreimport[22m | Cage_Small.gltf[39m[0m
[   0% ] [90m[1mimport[22m | Started Import Scene (104 steps)[39m[0m
[   0% ] [90m[1mimport[22m | Importing Scene...[39m[0m
[   1% ] [90m[1mimport[22m | Running Custom Script...[39m[0m
[  99% ] [90m[1mimport[22m | Saving...[39m[0m
[92m[ DONE ][39m [1mimport[22m
[0m
[  91% ] [90m[1mreimport[22m | Cage_Small.fbx[39m[0m
[   0% ] [90m[1mimport[22m | Started Import Scene (104 steps)[39m[0m
[   0% ] [90m[1mimport[22m | Importing Scene...[39m[0m
[   1% ] [90m[1mimport[22m | Running Custom Script...[39m[0m
[  99% ] [90m[1mimport[22m | Saving...[39m[0m
[92m[ DONE ][39m [1mimport[22m
[0m
[  91% ] [90m[1mreimport[22m | Cabinet.gltf[39m[0m
[   0% ] [90m[1mimport[22m | Started Import Scene (104 steps)[39m[0m
[   0% ] [90m[1mimport[22m | Importing Scene...[39m[0m
[   1% ] [90m[1mimport[22m | Running Custom Script...[39m[0m
[  99% ] [90m[1mimport[22m | Saving...[39m[0m
[92m[ DONE ][39m [1mimport[22m
[0m
[  92% ] [90m[1mreimport[22m | Cabinet.fbx[39m[0m
[   0% ] [90m[1mimport[22m | Started Import Scene (104 steps)[39m[0m
[   0% ] [90m[1mimport[22m | Importing Scene...[39m[0m
[   1% ] [90m[1mimport[22m | Running Custom Script...[39m[0m
[  99% ] [90m[1mimport[22m | Saving...[39m[0m
[92m[ DONE ][39m [1mimport[22m
[0m
[  92% ] [90m[1mreimport[22m | Bucket_Wooden_1.gltf[39m[0m
[   0% ] [90m[1mimport[22m | Started Import Scene (104 steps)[39m[0m
[   0% ] [90m[1mimport[22m | Importing Scene...[39m[0m
[   1% ] [90m[1mimport[22m | Running Custom Script...[39m[0m
[  99% ] [90m[1mimport[22m | Saving...[39m[0m
[92m[ DONE ][39m [1mimport[22m
[0m
[  92% ] [90m[1mreimport[22m | Bucket_Wooden_1.fbx[39m[0m
[   0% ] [90m[1mimport[22m | Started Import Scene (104 steps)[39m[0m
[   0% ] [90m[1mimport[22m | Importing Scene...[39m[0m
[   1% ] [90m[1mimport[22m | Running Custom Script...[39m[0m
[  99% ] [90m[1mimport[22m | Saving...[39m[0m
[92m[ DONE ][39m [1mimport[22m
[0m
[  92% ] [90m[1mreimport[22m | Bucket_Metal.gltf[39m[0m
[   0% ] [90m[1mimport[22m | Started Import Scene (104 steps)[39m[0m
[   0% ] [90m[1mimport[22m | Importing Scene...[39m[0m
[   1% ] [90m[1mimport[22m | Running Custom Script...[39m[0m
[  99% ] [90m[1mimport[22m | Saving...[39m[0m
[92m[ DONE ][39m [1mimport[22m
[0m
[  92% ] [90m[1mreimport[22m | Bucket_Metal.fbx[39m[0m
[   0% ] [90m[1mimport[22m | Started Import Scene (104 steps)[39m[0m
[   0% ] [90m[1mimport[22m | Importing Scene...[39m[0m
[   1% ] [90m[1mimport[22m | Running Custom Script...[39m[0m
[  99% ] [90m[1mimport[22m | Saving...[39m[0m
[92m[ DONE ][39m [1mimport[22m
[0m
[  92% ] [90m[1mreimport[22m | Bottle_1.gltf[39m[0m
[   0% ] [90m[1mimport[22m | Started Import Scene (104 steps)[39m[0m
[   0% ] [90m[1mimport[22m | Importing Scene...[39m[0m
[   1% ] [90m[1mimport[22m | Running Custom Script...[39m[0m
[  99% ] [90m[1mimport[22m | Saving...[39m[0m
[92m[ DONE ][39m [1mimport[22m
[0m
[  92% ] [90m[1mreimport[22m | Bottle_1.fbx[39m[0m
[   0% ] [90m[1mimport[22m | Started Import Scene (104 steps)[39m[0m
[   0% ] [90m[1mimport[22m | Importing Scene...[39m[0m
[   1% ] [90m[1mimport[22m | Running Custom Script...[39m[0m
[  99% ] [90m[1mimport[22m | Saving...[39m[0m
[92m[ DONE ][39m [1mimport[22m
[0m
[  92% ] [90m[1mreimport[22m | Chandelier.gltf[39m[0m
[   0% ] [90m[1mimport[22m | Started Import Scene (104 steps)[39m[0m
[   0% ] [90m[1mimport[22m | Importing Scene...[39m[0m
[   1% ] [90m[1mimport[22m | Running Custom Script...[39m[0m
[  99% ] [90m[1mimport[22m | Saving...[39m[0m
[92m[ DONE ][39m [1mimport[22m
[0m
[  92% ] [90m[1mreimport[22m | Chandelier.fbx[39m[0m
[   0% ] [90m[1mimport[22m | Started Import Scene (104 steps)[39m[0m
[   0% ] [90m[1mimport[22m | Importing Scene...[39m[0m
[   1% ] [90m[1mimport[22m | Running Custom Script...[39m[0m
[  99% ] [90m[1mimport[22m | Saving...[39m[0m
[92m[ DONE ][39m [1mimport[22m
[0m
[  92% ] [90m[1mreimport[22m | Chalice.gltf[39m[0m
[   0% ] [90m[1mimport[22m | Started Import Scene (104 steps)[39m[0m
[   0% ] [90m[1mimport[22m | Importing Scene...[39m[0m
[   1% ] [90m[1mimport[22m | Running Custom Script...[39m[0m
[  99% ] [90m[1mimport[22m | Saving...[39m[0m
[92m[ DONE ][39m [1mimport[22m
[0m
[  92% ] [90m[1mreimport[22m | Chalice.fbx[39m[0m
[   0% ] [90m[1mimport[22m | Started Import Scene (104 steps)[39m[0m
[   0% ] [90m[1mimport[22m | Importing Scene...[39m[0m
[   1% ] [90m[1mimport[22m | Running Custom Script...[39m[0m
[  99% ] [90m[1mimport[22m | Saving...[39m[0m
[92m[ DONE ][39m [1mimport[22m
[0m
[  92% ] [90m[1mreimport[22m | Chair_1.gltf[39m[0m
[   0% ] [90m[1mimport[22m | Started Import Scene (104 steps)[39m[0m
[   0% ] [90m[1mimport[22m | Importing Scene...[39m[0m
[   1% ] [90m[1mimport[22m | Running Custom Script...[39m[0m
[  99% ] [90m[1mimport[22m | Saving...[39m[0m
[92m[ DONE ][39m [1mimport[22m
[0m
[  93% ] [90m[1mreimport[22m | Chair_1.fbx[39m[0m
[   0% ] [90m[1mimport[22m | Started Import Scene (104 steps)[39m[0m
[   0% ] [90m[1mimport[22m | Importing Scene...[39m[0m
[   1% ] [90m[1mimport[22m | Running Custom Script...[39m[0m
[  99% ] [90m[1mimport[22m | Saving...[39m[0m
[92m[ DONE ][39m [1mimport[22m
[0m
[  93% ] [90m[1mreimport[22m | Chain_Coil.gltf[39m[0m
[   0% ] [90m[1mimport[22m | Started Import Scene (104 steps)[39m[0m
[   0% ] [90m[1mimport[22m | Importing Scene...[39m[0m
[   1% ] [90m[1mimport[22m | Running Custom Script...[39m[0m
[  99% ] [90m[1mimport[22m | Saving...[39m[0m
[92m[ DONE ][39m [1mimport[22m
[0m
[  93% ] [90m[1mreimport[22m | Chain_Coil.fbx[39m[0m
[   0% ] [90m[1mimport[22m | Started Import Scene (104 steps)[39m[0m
[   0% ] [90m[1mimport[22m | Importing Scene...[39m[0m
[   1% ] [90m[1mimport[22m | Running Custom Script...[39m[0m
[  99% ] [90m[1mimport[22m | Saving...[39m[0m
[92m[ DONE ][39m [1mimport[22m
[0m
[  93% ] [90m[1mreimport[22m | Cauldron.gltf[39m[0m
[   0% ] [90m[1mimport[22m | Started Import Scene (104 steps)[39m[0m
[   0% ] [90m[1mimport[22m | Importing Scene...[39m[0m
[   1% ] [90m[1mimport[22m | Running Custom Script...[39m[0m
[  99% ] [90m[1mimport[22m | Saving...[39m[0m
[92m[ DONE ][39m [1mimport[22m
[0m
[  93% ] [90m[1mreimport[22m | Cauldron.fbx[39m[0m
[   0% ] [90m[1mimport[22m | Started Import Scene (104 steps)[39m[0m
[   0% ] [90m[1mimport[22m | Importing Scene...[39m[0m
[   1% ] [90m[1mimport[22m | Running Custom Script...[39m[0m
[  99% ] [90m[1mimport[22m | Saving...[39m[0m
[92m[ DONE ][39m [1mimport[22m
[0m
[  93% ] [90m[1mreimport[22m | Carrot.gltf[39m[0m
[   0% ] [90m[1mimport[22m | Started Import Scene (104 steps)[39m[0m
[   0% ] [90m[1mimport[22m | Importing Scene...[39m[0m
[   1% ] [90m[1mimport[22m | Running Custom Script...[39m[0m
[  99% ] [90m[1mimport[22m | Saving...[39m[0m
[92m[ DONE ][39m [1mimport[22m
[0m
[  93% ] [90m[1mreimport[22m | Carrot.fbx[39m[0m
[   0% ] [90m[1mimport[22m | Started Import Scene (104 steps)[39m[0m
[   0% ] [90m[1mimport[22m | Importing Scene...[39m[0m
[   1% ] [90m[1mimport[22m | Running Custom Script...[39m[0m
[  99% ] [90m[1mimport[22m | Saving...[39m[0m
[92m[ DONE ][39m [1mimport[22m
[0m
[  93% ] [90m[1mreimport[22m | candle_triple.gltf[39m[0m
[   0% ] [90m[1mimport[22m | Started Import Scene (104 steps)[39m[0m
[   0% ] [90m[1mimport[22m | Importing Scene...[39m[0m
[   1% ] [90m[1mimport[22m | Running Custom Script...[39m[0m
[  99% ] [90m[1mimport[22m | Saving...[39m[0m
[92m[ DONE ][39m [1mimport[22m
[0m
[  93% ] [90m[1mreimport[22m | candle_thin.gltf[39m[0m
[   0% ] [90m[1mimport[22m | Started Import Scene (104 steps)[39m[0m
[   0% ] [90m[1mimport[22m | Importing Scene...[39m[0m
[   1% ] [90m[1mimport[22m | Running Custom Script...[39m[0m
[  99% ] [90m[1mimport[22m | Saving...[39m[0m
[92m[ DONE ][39m [1mimport[22m
[0m
[  93% ] [90m[1mreimport[22m | candle_melted.gltf[39m[0m
[   0% ] [90m[1mimport[22m | Started Import Scene (104 steps)[39m[0m
[   0% ] [90m[1mimport[22m | Importing Scene...[39m[0m
[   1% ] [90m[1mimport[22m | Running Custom Script...[39m[0m
[  99% ] [90m[1mimport[22m | Saving...[39m[0m
[92m[ DONE ][39m [1mimport[22m
[0m
[  93% ] [90m[1mreimport[22m | Candle_2.gltf[39m[0m
[   0% ] [90m[1mimport[22m | Started Import Scene (104 steps)[39m[0m
[   0% ] [90m[1mimport[22m | Importing Scene...[39m[0m
[   1% ] [90m[1mimport[22m | Running Custom Script...[39m[0m
[  99% ] [90m[1mimport[22m | Saving...[39m[0m
[92m[ DONE ][39m [1mimport[22m
[0m
[  93% ] [90m[1mreimport[22m | Candle_2.fbx[39m[0m
[   0% ] [90m[1mimport[22m | Started Import Scene (104 steps)[39m[0m
[   0% ] [90m[1mimport[22m | Importing Scene...[39m[0m
[   1% ] [90m[1mimport[22m | Running Custom Script...[39m[0m
[  99% ] [90m[1mimport[22m | Saving...[39m[0m
[92m[ DONE ][39m [1mimport[22m
[0m
[  94% ] [90m[1mreimport[22m | Candle_1.gltf[39m[0m
[   0% ] [90m[1mimport[22m | Started Import Scene (104 steps)[39m[0m
[   0% ] [90m[1mimport[22m | Importing Scene...[39m[0m
[   1% ] [90m[1mimport[22m | Running Custom Script...[39m[0m
[  99% ] [90m[1mimport[22m | Saving...[39m[0m
[92m[ DONE ][39m [1mimport[22m
[0m
[  94% ] [90m[1mreimport[22m | Rope_3.gltf[39m[0m
[   0% ] [90m[1mimport[22m | Started Import Scene (104 steps)[39m[0m
[   0% ] [90m[1mimport[22m | Importing Scene...[39m[0m
[   1% ] [90m[1mimport[22m | Running Custom Script...[39m[0m
[  99% ] [90m[1mimport[22m | Saving...[39m[0m
[92m[ DONE ][39m [1mimport[22m
[0m
[  94% ] [90m[1mreimport[22m | Rope_3.fbx[39m[0m
[   0% ] [90m[1mimport[22m | Started Import Scene (104 steps)[39m[0m
[   0% ] [90m[1mimport[22m | Importing Scene...[39m[0m
[   1% ] [90m[1mimport[22m | Running Custom Script...[39m[0m
[  99% ] [90m[1mimport[22m | Saving...[39m[0m
[92m[ DONE ][39m [1mimport[22m
[0m
[  94% ] [90m[1mreimport[22m | Rope_2.gltf[39m[0m
[   0% ] [90m[1mimport[22m | Started Import Scene (104 steps)[39m[0m
[   0% ] [90m[1mimport[22m | Importing Scene...[39m[0m
[   1% ] [90m[1mimport[22m | Running Custom Script...[39m[0m
[  99% ] [90m[1mimport[22m | Saving...[39m[0m
[92m[ DONE ][39m [1mimport[22m
[0m
[  94% ] [90m[1mreimport[22m | Rope_2.fbx[39m[0m
[   0% ] [90m[1mimport[22m | Started Import Scene (104 steps)[39m[0m
[   0% ] [90m[1mimport[22m | Importing Scene...[39m[0m
[   1% ] [90m[1mimport[22m | Running Custom Script...[39m[0m
[  99% ] [90m[1mimport[22m | Saving...[39m[0m
[92m[ DONE ][39m [1mimport[22m
[0m
[  94% ] [90m[1mreimport[22m | Rope_1.gltf[39m[0m
[   0% ] [90m[1mimport[22m | Started Import Scene (104 steps)[39m[0m
[   0% ] [90m[1mimport[22m | Importing Scene...[39m[0m
[   1% ] [90m[1mimport[22m | Running Custom Script...[39m[0m
[  99% ] [90m[1mimport[22m | Saving...[39m[0m
[92m[ DONE ][39m [1mimport[22m
[0m
[  94% ] [90m[1mreimport[22m | Rope_1.fbx[39m[0m
[   0% ] [90m[1mimport[22m | Started Import Scene (104 steps)[39m[0m
[   0% ] [90m[1mimport[22m | Importing Scene...[39m[0m
[   1% ] [90m[1mimport[22m | Running Custom Script...[39m[0m
[  99% ] [90m[1mimport[22m | Saving...[39m[0m
[92m[ DONE ][39m [1mimport[22m
[0m
[  94% ] [90m[1mreimport[22m | ribcage.gltf[39m[0m
[   0% ] [90m[1mimport[22m | Started Import Scene (104 steps)[39m[0m
[   0% ] [90m[1mimport[22m | Importing Scene...[39m[0m
[   1% ] [90m[1mimport[22m | Running Custom Script...[39m[0m
[  99% ] [90m[1mimport[22m | Saving...[39m[0m
[92m[ DONE ][39m [1mimport[22m
[0m
[  94% ] [90m[1mreimport[22m | pumpkin_yellow_small.gltf[39m[0m
[   0% ] [90m[1mimport[22m | Started Import Scene (104 steps)[39m[0m
[   0% ] [90m[1mimport[22m | Importing Scene...[39m[0m
[   1% ] [90m[1mimport[22m | Running Custom Script...[39m[0m
[  99% ] [90m[1mimport[22m | Saving...[39m[0m
[92m[ DONE ][39m [1mimport[22m
[0m
[  94% ] [90m[1mreimport[22m | pumpkin_yellow_jackolantern.gltf[39m[0m
[   0% ] [90m[1mimport[22m | Started Import Scene (104 steps)[39m[0m
[   0% ] [90m[1mimport[22m | Importing Scene...[39m[0m
[   1% ] [90m[1mimport[22m | Running Custom Script...[39m[0m
[  99% ] [90m[1mimport[22m | Saving...[39m[0m
[92m[ DONE ][39m [1mimport[22m
[0m
[  94% ] [90m[1mreimport[22m | pumpkin_yellow.gltf[39m[0m
[   0% ] [90m[1mimport[22m | Started Import Scene (104 steps)[39m[0m
[   0% ] [90m[1mimport[22m | Importing Scene...[39m[0m
[   1% ] [90m[1mimport[22m | Running Custom Script...[39m[0m
[  99% ] [90m[1mimport[22m | Saving...[39m[0m
[92m[ DONE ][39m [1mimport[22m
[0m
[  94% ] [90m[1mreimport[22m | pumpkin_orange_small.gltf[39m[0m
[   0% ] [90m[1mimport[22m | Started Import Scene (104 steps)[39m[0m
[   0% ] [90m[1mimport[22m | Importing Scene...[39m[0m
[   1% ] [90m[1mimport[22m | Running Custom Script...[39m[0m
[  99% ] [90m[1mimport[22m | Saving...[39m[0m
[92m[ DONE ][39m [1mimport[22m
[0m
[  94% ] [90m[1mreimport[22m | pumpkin_orange_jackolantern.gltf[39m[0m
[   0% ] [90m[1mimport[22m | Started Import Scene (104 steps)[39m[0m
[   0% ] [90m[1mimport[22m | Importing Scene...[39m[0m
[   1% ] [90m[1mimport[22m | Running Custom Script...[39m[0m
[  99% ] [90m[1mimport[22m | Saving...[39m[0m
[92m[ DONE ][39m [1mimport[22m
[0m
[  95% ] [90m[1mreimport[22m | pumpkin_orange.gltf[39m[0m
[   0% ] [90m[1mimport[22m | Started Import Scene (104 steps)[39m[0m
[   0% ] [90m[1mimport[22m | Importing Scene...[39m[0m
[   1% ] [90m[1mimport[22m | Running Custom Script...[39m[0m
[  99% ] [90m[1mimport[22m | Saving...[39m[0m
[92m[ DONE ][39m [1mimport[22m
[0m
[  95% ] [90m[1mreimport[22m | Pouch_Large.gltf[39m[0m
[   0% ] [90m[1mimport[22m | Started Import Scene (104 steps)[39m[0m
[   0% ] [90m[1mimport[22m | Importing Scene...[39m[0m
[   1% ] [90m[1mimport[22m | Running Custom Script...[39m[0m
[  99% ] [90m[1mimport[22m | Saving...[39m[0m
[92m[ DONE ][39m [1mimport[22m
[0m
[  95% ] [90m[1mreimport[22m | Pouch_Large.fbx[39m[0m
[   0% ] [90m[1mimport[22m | Started Import Scene (104 steps)[39m[0m
[   0% ] [90m[1mimport[22m | Importing Scene...[39m[0m
[   1% ] [90m[1mimport[22m | Running Custom Script...[39m[0m
[  99% ] [90m[1mimport[22m | Saving...[39m[0m
[92m[ DONE ][39m [1mimport[22m
[0m
[  95% ] [90m[1mreimport[22m | Pot_1_Lid.gltf[39m[0m
[   0% ] [90m[1mimport[22m | Started Import Scene (104 steps)[39m[0m
[   0% ] [90m[1mimport[22m | Importing Scene...[39m[0m
[   1% ] [90m[1mimport[22m | Running Custom Script...[39m[0m
[  99% ] [90m[1mimport[22m | Saving...[39m[0m
[92m[ DONE ][39m [1mimport[22m
[0m
[  95% ] [90m[1mreimport[22m | Pot_1_Lid.fbx[39m[0m
[   0% ] [90m[1mimport[22m | Started Import Scene (104 steps)[39m[0m
[   0% ] [90m[1mimport[22m | Importing Scene...[39m[0m
[   1% ] [90m[1mimport[22m | Running Custom Script...[39m[0m
[  99% ] [90m[1mimport[22m | Saving...[39m[0m
[92m[ DONE ][39m [1mimport[22m
[0m
[  95% ] [90m[1mreimport[22m | Pot_1.gltf[39m[0m
[   0% ] [90m[1mimport[22m | Started Import Scene (104 steps)[39m[0m
[   0% ] [90m[1mimport[22m | Importing Scene...[39m[0m
[   1% ] [90m[1mimport[22m | Running Custom Script...[39m[0m
[  99% ] [90m[1mimport[22m | Saving...[39m[0m
[92m[ DONE ][39m [1mimport[22m
[0m
[  95% ] [90m[1mreimport[22m | SmallBottle.gltf[39m[0m
[   0% ] [90m[1mimport[22m | Started Import Scene (104 steps)[39m[0m
[   0% ] [90m[1mimport[22m | Importing Scene...[39m[0m
[   1% ] [90m[1mimport[22m | Running Custom Script...[39m[0m
[  99% ] [90m[1mimport[22m | Saving...[39m[0m
[92m[ DONE ][39m [1mimport[22m
[0m
[  95% ] [90m[1mreimport[22m | SmallBottle.fbx[39m[0m
[   0% ] [90m[1mimport[22m | Started Import Scene (104 steps)[39m[0m
[   0% ] [90m[1mimport[22m | Importing Scene...[39m[0m
[   1% ] [90m[1mimport[22m | Running Custom Script...[39m[0m
[  99% ] [90m[1mimport[22m | Saving...[39m[0m
[92m[ DONE ][39m [1mimport[22m
[0m
[  95% ] [90m[1mreimport[22m | skull_candle.gltf[39m[0m
[   0% ] [90m[1mimport[22m | Started Import Scene (104 steps)[39m[0m
[   0% ] [90m[1mimport[22m | Importing Scene...[39m[0m
[   1% ] [90m[1mimport[22m | Running Custom Script...[39m[0m
[  99% ] [90m[1mimport[22m | Saving...[39m[0m
[92m[ DONE ][39m [1mimport[22m
[0m
[  95% ] [90m[1mreimport[22m | skull.gltf[39m[0m
[   0% ] [90m[1mimport[22m | Started Import Scene (104 steps)[39m[0m
[   0% ] [90m[1mimport[22m | Importing Scene...[39m[0m
[   1% ] [90m[1mimport[22m | Running Custom Script...[39m[0m
[  99% ] [90m[1mimport[22m | Saving...[39m[0m
[92m[ DONE ][39m [1mimport[22m
[0m
[  95% ] [90m[1mreimport[22m | shrine_candles.gltf[39m[0m
[   0% ] [90m[1mimport[22m | Started Import Scene (104 steps)[39m[0m
[   0% ] [90m[1mimport[22m | Importing Scene...[39m[0m
[   1% ] [90m[1mimport[22m | Running Custom Script...[39m[0m
[  99% ] [90m[1mimport[22m | Saving...[39m[0m
[92m[ DONE ][39m [1mimport[22m
[0m
[  95% ] [90m[1mreimport[22m | shrine.gltf[39m[0m
[   0% ] [90m[1mimport[22m | Started Import Scene (104 steps)[39m[0m
[   0% ] [90m[1mimport[22m | Importing Scene...[39m[0m
[   1% ] [90m[1mimport[22m | Running Custom Script...[39m[0m
[  99% ] [90m[1mimport[22m | Saving...[39m[0m
[92m[ DONE ][39m [1mimport[22m
[0m
[  96% ] [90m[1mreimport[22m | Shield_Wooden.gltf[39m[0m
[   0% ] [90m[1mimport[22m | Started Import Scene (104 steps)[39m[0m
[   0% ] [90m[1mimport[22m | Importing Scene...[39m[0m
[   1% ] [90m[1mimport[22m | Running Custom Script...[39m[0m
[  99% ] [90m[1mimport[22m | Saving...[39m[0m
[92m[ DONE ][39m [1mimport[22m
[0m
[  96% ] [90m[1mreimport[22m | Shield_Wooden.fbx[39m[0m
[   0% ] [90m[1mimport[22m | Started Import Scene (104 steps)[39m[0m
[   0% ] [90m[1mimport[22m | Importing Scene...[39m[0m
[   1% ] [90m[1mimport[22m | Running Custom Script...[39m[0m
[  99% ] [90m[1mimport[22m | Saving...[39m[0m
[92m[ DONE ][39m [1mimport[22m
[0m
[  96% ] [90m[1mreimport[22m | Shelf_Small_Bottles.gltf[39m[0m
[   0% ] [90m[1mimport[22m | Started Import Scene (104 steps)[39m[0m
[   0% ] [90m[1mimport[22m | Importing Scene...[39m[0m
[   1% ] [90m[1mimport[22m | Running Custom Script...[39m[0m
[  99% ] [90m[1mimport[22m | Saving...[39m[0m
[92m[ DONE ][39m [1mimport[22m
[0m
[  96% ] [90m[1mreimport[22m | Shelf_Small_Bottles.fbx[39m[0m
[   0% ] [90m[1mimport[22m | Started Import Scene (104 steps)[39m[0m
[   0% ] [90m[1mimport[22m | Importing Scene...[39m[0m
[   1% ] [90m[1mimport[22m | Running Custom Script...[39m[0m
[  99% ] [90m[1mimport[22m | Saving...[39m[0m
[92m[ DONE ][39m [1mimport[22m
[0m
[  96% ] [90m[1mreimport[22m | Shelf_Simple.gltf[39m[0m
[   0% ] [90m[1mimport[22m | Started Import Scene (104 steps)[39m[0m
[   0% ] [90m[1mimport[22m | Importing Scene...[39m[0m
[   1% ] [90m[1mimport[22m | Running Custom Script...[39m[0m
[  99% ] [90m[1mimport[22m | Saving...[39m[0m
[92m[ DONE ][39m [1mimport[22m
[0m
[  96% ] [90m[1mreimport[22m | Shelf_Simple.fbx[39m[0m
[   0% ] [90m[1mimport[22m | Started Import Scene (104 steps)[39m[0m
[   0% ] [90m[1mimport[22m | Importing Scene...[39m[0m
[   1% ] [90m[1mimport[22m | Running Custom Script...[39m[0m
[  99% ] [90m[1mimport[22m | Saving...[39m[0m
[92m[ DONE ][39m [1mimport[22m
[0m
[  96% ] [90m[1mreimport[22m | Shelf_Arch.gltf[39m[0m
[   0% ] [90m[1mimport[22m | Started Import Scene (104 steps)[39m[0m
[   0% ] [90m[1mimport[22m | Importing Scene...[39m[0m
[   1% ] [90m[1mimport[22m | Running Custom Script...[39m[0m
[  99% ] [90m[1mimport[22m | Saving...[39m[0m
[92m[ DONE ][39m [1mimport[22m
[0m
[  96% ] [90m[1mreimport[22m | Shelf_Arch.fbx[39m[0m
[   0% ] [90m[1mimport[22m | Started Import Scene (104 steps)[39m[0m
[   0% ] [90m[1mimport[22m | Importing Scene...[39m[0m
[   1% ] [90m[1mimport[22m | Running Custom Script...[39m[0m
[  99% ] [90m[1mimport[22m | Saving...[39m[0m
[92m[ DONE ][39m [1mimport[22m
[0m
[  96% ] [90m[1mreimport[22m | Scroll_2.gltf[39m[0m
[   0% ] [90m[1mimport[22m | Started Import Scene (104 steps)[39m[0m
[   0% ] [90m[1mimport[22m | Importing Scene...[39m[0m
[   1% ] [90m[1mimport[22m | Running Custom Script...[39m[0m
[  99% ] [90m[1mimport[22m | Saving...[39m[0m
[92m[ DONE ][39m [1mimport[22m
[0m
[  96% ] [90m[1mreimport[22m | Scroll_2.fbx[39m[0m
[   0% ] [90m[1mimport[22m | Started Import Scene (104 steps)[39m[0m
[   0% ] [90m[1mimport[22m | Importing Scene...[39m[0m
[   1% ] [90m[1mimport[22m | Running Custom Script...[39m[0m
[  99% ] [90m[1mimport[22m | Saving...[39m[0m
[92m[ DONE ][39m [1mimport[22m
[0m
[  96% ] [90m[1mreimport[22m | Scroll_1.gltf[39m[0m
[   0% ] [90m[1mimport[22m | Started Import Scene (104 steps)[39m[0m
[   0% ] [90m[1mimport[22m | Importing Scene...[39m[0m
[   1% ] [90m[1mimport[22m | Running Custom Script...[39m[0m
[  99% ] [90m[1mimport[22m | Saving...[39m[0m
[92m[ DONE ][39m [1mimport[22m
[0m
[  96% ] [90m[1mreimport[22m | Scroll_1.fbx[39m[0m
[   0% ] [90m[1mimport[22m | Started Import Scene (104 steps)[39m[0m
[   0% ] [90m[1mimport[22m | Importing Scene...[39m[0m
[   1% ] [90m[1mimport[22m | Running Custom Script...[39m[0m
[  99% ] [90m[1mimport[22m | Saving...[39m[0m
[92m[ DONE ][39m [1mimport[22m
[0m
[  97% ] [90m[1mreimport[22m | path_C.gltf[39m[0m
[   0% ] [90m[1mimport[22m | Started Import Scene (104 steps)[39m[0m
[   0% ] [90m[1mimport[22m | Importing Scene...[39m[0m
[   1% ] [90m[1mimport[22m | Running Custom Script...[39m[0m
[  99% ] [90m[1mimport[22m | Saving...[39m[0m
[92m[ DONE ][39m [1mimport[22m
[0m
[  97% ] [90m[1mreimport[22m | path_B.gltf[39m[0m
[   0% ] [90m[1mimport[22m | Started Import Scene (104 steps)[39m[0m
[   0% ] [90m[1mimport[22m | Importing Scene...[39m[0m
[   1% ] [90m[1mimport[22m | Running Custom Script...[39m[0m
[  99% ] [90m[1mimport[22m | Saving...[39m[0m
[92m[ DONE ][39m [1mimport[22m
[0m
[  97% ] [90m[1mreimport[22m | path_A.gltf[39m[0m
[   0% ] [90m[1mimport[22m | Started Import Scene (104 steps)[39m[0m
[   0% ] [90m[1mimport[22m | Importing Scene...[39m[0m
[   1% ] [90m[1mimport[22m | Running Custom Script...[39m[0m
[  99% ] [90m[1mimport[22m | Saving...[39m[0m
[92m[ DONE ][39m [1mimport[22m
[0m
[  97% ] [90m[1mreimport[22m | Nightstand_Shelf.gltf[39m[0m
[   0% ] [90m[1mimport[22m | Started Import Scene (104 steps)[39m[0m
[   0% ] [90m[1mimport[22m | Importing Scene...[39m[0m
[   1% ] [90m[1mimport[22m | Running Custom Script...[39m[0m
[  99% ] [90m[1mimport[22m | Saving...[39m[0m
[92m[ DONE ][39m [1mimport[22m
[0m
[  97% ] [90m[1mreimport[22m | Nightstand_Shelf.fbx[39m[0m
[   0% ] [90m[1mimport[22m | Started Import Scene (104 steps)[39m[0m
[   0% ] [90m[1mimport[22m | Importing Scene...[39m[0m
[   1% ] [90m[1mimport[22m | Running Custom Script...[39m[0m
[  99% ] [90m[1mimport[22m | Saving...[39m[0m
[92m[ DONE ][39m [1mimport[22m
[0m
[  97% ] [90m[1mreimport[22m | Mug.gltf[39m[0m
[   0% ] [90m[1mimport[22m | Started Import Scene (104 steps)[39m[0m
[   0% ] [90m[1mimport[22m | Importing Scene...[39m[0m
[   1% ] [90m[1mimport[22m | Running Custom Script...[39m[0m
[  99% ] [90m[1mimport[22m | Saving...[39m[0m
[92m[ DONE ][39m [1mimport[22m
[0m
[  97% ] [90m[1mreimport[22m | Mug.fbx[39m[0m
[   0% ] [90m[1mimport[22m | Started Import Scene (104 steps)[39m[0m
[   0% ] [90m[1mimport[22m | Importing Scene...[39m[0m
[   1% ] [90m[1mimport[22m | Running Custom Script...[39m[0m
[  99% ] [90m[1mimport[22m | Saving...[39m[0m
[92m[ DONE ][39m [1mimport[22m
[0m
[  97% ] [90m[1mreimport[22m | Lantern_Wall.gltf[39m[0m
[   0% ] [90m[1mimport[22m | Started Import Scene (104 steps)[39m[0m
[   0% ] [90m[1mimport[22m | Importing Scene...[39m[0m
[   1% ] [90m[1mimport[22m | Running Custom Script...[39m[0m
[  99% ] [90m[1mimport[22m | Saving...[39m[0m
[92m[ DONE ][39m [1mimport[22m
[0m
[  97% ] [90m[1mreimport[22m | Lantern_Wall.fbx[39m[0m
[   0% ] [90m[1mimport[22m | Started Import Scene (104 steps)[39m[0m
[   0% ] [90m[1mimport[22m | Importing Scene...[39m[0m
[   1% ] [90m[1mimport[22m | Running Custom Script...[39m[0m
[  99% ] [90m[1mimport[22m | Saving...[39m[0m
[92m[ DONE ][39m [1mimport[22m
[0m
[  97% ] [90m[1mreimport[22m | lantern_standing.gltf[39m[0m
[   0% ] [90m[1mimport[22m | Started Import Scene (104 steps)[39m[0m
[   0% ] [90m[1mimport[22m | Importing Scene...[39m[0m
[   1% ] [90m[1mimport[22m | Running Custom Script...[39m[0m
[  99% ] [90m[1mimport[22m | Saving...[39m[0m
[92m[ DONE ][39m [1mimport[22m
[0m
[  97% ] [90m[1mreimport[22m | lantern_hanging.gltf[39m[0m
[   0% ] [90m[1mimport[22m | Started Import Scene (104 steps)[39m[0m
[   0% ] [90m[1mimport[22m | Importing Scene...[39m[0m
[   1% ] [90m[1mimport[22m | Running Custom Script...[39m[0m
[  99% ] [90m[1mimport[22m | Saving...[39m[0m
[92m[ DONE ][39m [1mimport[22m
[0m
[  97% ] [90m[1mreimport[22m | Key_Metal.gltf[39m[0m
[   0% ] [90m[1mimport[22m | Started Import Scene (104 steps)[39m[0m
[   0% ] [90m[1mimport[22m | Importing Scene...[39m[0m
[   1% ] [90m[1mimport[22m | Running Custom Script...[39m[0m
[  99% ] [90m[1mimport[22m | Saving...[39m[0m
[92m[ DONE ][39m [1mimport[22m
[0m
[  97% ] [90m[1mreimport[22m | Key_Metal.fbx[39m[0m
[   0% ] [90m[1mimport[22m | Started Import Scene (104 steps)[39m[0m
[   0% ] [90m[1mimport[22m | Importing Scene...[39m[0m
[   1% ] [90m[1mimport[22m | Running Custom Script...[39m[0m
[  99% ] [90m[1mimport[22m | Saving...[39m[0m
[92m[ DONE ][39m [1mimport[22m
[0m
[  98% ] [90m[1mreimport[22m | Key_Gold.gltf[39m[0m
[   0% ] [90m[1mimport[22m | Started Import Scene (104 steps)[39m[0m
[   0% ] [90m[1mimport[22m | Importing Scene...[39m[0m
[   1% ] [90m[1mimport[22m | Running Custom Script...[39m[0m
[  99% ] [90m[1mimport[22m | Saving...[39m[0m
[92m[ DONE ][39m [1mimport[22m
[0m
[  98% ] [90m[1mreimport[22m | Key_Gold.fbx[39m[0m
[   0% ] [90m[1mimport[22m | Started Import Scene (104 steps)[39m[0m
[   0% ] [90m[1mimport[22m | Importing Scene...[39m[0m
[   1% ] [90m[1mimport[22m | Running Custom Script...[39m[0m
[  99% ] [90m[1mimport[22m | Saving...[39m[0m
[92m[ DONE ][39m [1mimport[22m
[0m
[  98% ] [90m[1mreimport[22m | grave_B.gltf[39m[0m
[   0% ] [90m[1mimport[22m | Started Import Scene (104 steps)[39m[0m
[   0% ] [90m[1mimport[22m | Importing Scene...[39m[0m
[   1% ] [90m[1mimport[22m | Running Custom Script...[39m[0m
[  99% ] [90m[1mimport[22m | Saving...[39m[0m
[92m[ DONE ][39m [1mimport[22m
[0m
[  98% ] [90m[1mreimport[22m | grave_A_destroyed.gltf[39m[0m
[   0% ] [90m[1mimport[22m | Started Import Scene (104 steps)[39m[0m
[   0% ] [90m[1mimport[22m | Importing Scene...[39m[0m
[   1% ] [90m[1mimport[22m | Running Custom Script...[39m[0m
[  99% ] [90m[1mimport[22m | Saving...[39m[0m
[92m[ DONE ][39m [1mimport[22m
[0m
[  98% ] [90m[1mreimport[22m | grave_A.gltf[39m[0m
[   0% ] [90m[1mimport[22m | Started Import Scene (104 steps)[39m[0m
[   0% ] [90m[1mimport[22m | Importing Scene...[39m[0m
[   1% ] [90m[1mimport[22m | Running Custom Script...[39m[0m
[  99% ] [90m[1mimport[22m | Saving...[39m[0m
[92m[ DONE ][39m [1mimport[22m
[0m
[  98% ] [90m[1mreimport[22m | Pot_1.fbx[39m[0m
[   0% ] [90m[1mimport[22m | Started Import Scene (104 steps)[39m[0m
[   0% ] [90m[1mimport[22m | Importing Scene...[39m[0m
[   1% ] [90m[1mimport[22m | Running Custom Script...[39m[0m
[  99% ] [90m[1mimport[22m | Saving...[39m[0m
[92m[ DONE ][39m [1mimport[22m
[0m
[  98% ] [90m[1mreimport[22m | Potion_4.gltf[39m[0m
[   0% ] [90m[1mimport[22m | Started Import Scene (104 steps)[39m[0m
[   0% ] [90m[1mimport[22m | Importing Scene...[39m[0m
[   1% ] [90m[1mimport[22m | Running Custom Script...[39m[0m
[  99% ] [90m[1mimport[22m | Saving...[39m[0m
[92m[ DONE ][39m [1mimport[22m
[0m
[  98% ] [90m[1mreimport[22m | Potion_4.fbx[39m[0m
[   0% ] [90m[1mimport[22m | Started Import Scene (104 steps)[39m[0m
[   0% ] [90m[1mimport[22m | Importing Scene...[39m[0m
[   1% ] [90m[1mimport[22m | Running Custom Script...[39m[0m
[  99% ] [90m[1mimport[22m | Saving...[39m[0m
[92m[ DONE ][39m [1mimport[22m
[0m
[  98% ] [90m[1mreimport[22m | Potion_2.gltf[39m[0m
[   0% ] [90m[1mimport[22m | Started Import Scene (104 steps)[39m[0m
[   0% ] [90m[1mimport[22m | Importing Scene...[39m[0m
[   1% ] [90m[1mimport[22m | Running Custom Script...[39m[0m
[  99% ] [90m[1mimport[22m | Saving...[39m[0m
[92m[ DONE ][39m [1mimport[22m
[0m
[  98% ] [90m[1mreimport[22m | Potion_2.fbx[39m[0m
[   0% ] [90m[1mimport[22m | Started Import Scene (104 steps)[39m[0m
[   0% ] [90m[1mimport[22m | Importing Scene...[39m[0m
[   1% ] [90m[1mimport[22m | Running Custom Script...[39m[0m
[  99% ] [90m[1mimport[22m | Saving...[39m[0m
[92m[ DONE ][39m [1mimport[22m
[0m
[  98% ] [90m[1mreimport[22m | Potion_1.gltf[39m[0m
[   0% ] [90m[1mimport[22m | Started Import Scene (104 steps)[39m[0m
[   0% ] [90m[1mimport[22m | Importing Scene...[39m[0m
[   1% ] [90m[1mimport[22m | Running Custom Script...[39m[0m
[  99% ] [90m[1mimport[22m | Saving...[39m[0m
[92m[ DONE ][39m [1mimport[22m
[0m
[  98% ] [90m[1mreimport[22m | Potion_1.fbx[39m[0m
[   0% ] [90m[1mimport[22m | Started Import Scene (104 steps)[39m[0m
[   0% ] [90m[1mimport[22m | Importing Scene...[39m[0m
[   1% ] [90m[1mimport[22m | Running Custom Script...[39m[0m
[  99% ] [90m[1mimport[22m | Saving...[39m[0m
[92m[ DONE ][39m [1mimport[22m
[0m
[  99% ] [90m[1mreimport[22m | post_skull.gltf[39m[0m
[   0% ] [90m[1mimport[22m | Started Import Scene (104 steps)[39m[0m
[   0% ] [90m[1mimport[22m | Importing Scene...[39m[0m
[   1% ] [90m[1mimport[22m | Running Custom Script...[39m[0m
[  99% ] [90m[1mimport[22m | Saving...[39m[0m
[92m[ DONE ][39m [1mimport[22m
[0m
[  99% ] [90m[1mreimport[22m | post_lantern.gltf[39m[0m
[   0% ] [90m[1mimport[22m | Started Import Scene (104 steps)[39m[0m
[   0% ] [90m[1mimport[22m | Importing Scene...[39m[0m
[   1% ] [90m[1mimport[22m | Running Custom Script...[39m[0m
[  99% ] [90m[1mimport[22m | Saving...[39m[0m
[92m[ DONE ][39m [1mimport[22m
[0m
[  99% ] [90m[1mreimport[22m | post.gltf[39m[0m
[   0% ] [90m[1mimport[22m | Started Import Scene (104 steps)[39m[0m
[   0% ] [90m[1mimport[22m | Importing Scene...[39m[0m
[   1% ] [90m[1mimport[22m | Running Custom Script...[39m[0m
[  99% ] [90m[1mimport[22m | Saving...[39m[0m
[92m[ DONE ][39m [1mimport[22m
[0m
[  99% ] [90m[1mreimport[22m | plaque_candles.gltf[39m[0m
[   0% ] [90m[1mimport[22m | Started Import Scene (104 steps)[39m[0m
[   0% ] [90m[1mimport[22m | Importing Scene...[39m[0m
[   1% ] [90m[1mimport[22m | Running Custom Script...[39m[0m
[  99% ] [90m[1mimport[22m | Saving...[39m[0m
[92m[ DONE ][39m [1mimport[22m
[0m
[  99% ] [90m[1mreimport[22m | plaque.gltf[39m[0m
[   0% ] [90m[1mimport[22m | Started Import Scene (104 steps)[39m[0m
[   0% ] [90m[1mimport[22m | Importing Scene...[39m[0m
[   1% ] [90m[1mimport[22m | Running Custom Script...[39m[0m
[  99% ] [90m[1mimport[22m | Saving...[39m[0m
[92m[ DONE ][39m [1mimport[22m
[0m
[  99% ] [90m[1mreimport[22m | pillar.gltf[39m[0m
[   0% ] [90m[1mimport[22m | Started Import Scene (104 steps)[39m[0m
[   0% ] [90m[1mimport[22m | Importing Scene...[39m[0m
[   1% ] [90m[1mimport[22m | Running Custom Script...[39m[0m
[  99% ] [90m[1mimport[22m | Saving...[39m[0m
[92m[ DONE ][39m [1mimport[22m
[0m
[  99% ] [90m[1mreimport[22m | Pickaxe_Bronze.gltf[39m[0m
[   0% ] [90m[1mimport[22m | Started Import Scene (104 steps)[39m[0m
[   0% ] [90m[1mimport[22m | Importing Scene...[39m[0m
[   1% ] [90m[1mimport[22m | Running Custom Script...[39m[0m
[  99% ] [90m[1mimport[22m | Saving...[39m[0m
[92m[ DONE ][39m [1mimport[22m
[0m
[  99% ] [90m[1mreimport[22m | Pickaxe_Bronze.fbx[39m[0m
[   0% ] [90m[1mimport[22m | Started Import Scene (104 steps)[39m[0m
[   0% ] [90m[1mimport[22m | Importing Scene...[39m[0m
[   1% ] [90m[1mimport[22m | Running Custom Script...[39m[0m
[  99% ] [90m[1mimport[22m | Saving...[39m[0m
[92m[ DONE ][39m [1mimport[22m
[0m
[  99% ] [90m[1mreimport[22m | Peg_Rack.gltf[39m[0m
[   0% ] [90m[1mimport[22m | Started Import Scene (104 steps)[39m[0m
[   0% ] [90m[1mimport[22m | Importing Scene...[39m[0m
[   1% ] [90m[1mimport[22m | Running Custom Script...[39m[0m
[  99% ] [90m[1mimport[22m | Saving...[39m[0m
[92m[ DONE ][39m [1mimport[22m
[0m
[  99% ] [90m[1mreimport[22m | Peg_Rack.fbx[39m[0m
[   0% ] [90m[1mimport[22m | Started Import Scene (104 steps)[39m[0m
[   0% ] [90m[1mimport[22m | Importing Scene...[39m[0m
[   1% ] [90m[1mimport[22m | Running Custom Script...[39m[0m
[  99% ] [90m[1mimport[22m | Saving...[39m[0m
[92m[ DONE ][39m [1mimport[22m
[0m
[  99% ] [90m[1mreimport[22m | path_D.gltf[39m[0m
[   0% ] [90m[1mimport[22m | Started Import Scene (104 steps)[39m[0m
[   0% ] [90m[1mimport[22m | Importing Scene...[39m[0m
[   1% ] [90m[1mimport[22m | Running Custom Script...[39m[0m
[  99% ] [90m[1mimport[22m | Saving...[39m[0m
[92m[ DONE ][39m [1mimport[22m
[0m
[  99% ] [90m[1mreimport[22m | Finalizing Asset Import...[39m[0m
[92m[ DONE ][39m [1mreimport[22m
[0m
[   0% ] [90m[1mreimport[22m | Started (Re)Importing Assets (1235 steps)[39m[0m
[   0% ] [90m[1mreimport[22m | Executing post-reimport operations...[39m[0m
[92m[ DONE ][39m [1mreimport[22m
[0m
[   0% ] [90m[1mdotnet_publish_project[22m | Started Publishing .NET project... (1 steps)[39m[0m
[   0% ] [90m[1mdotnet_publish_project[22m | Running dotnet publish[39m[0m
[92m[ DONE ][39m [1mdotnet_publish_project[22m
[0m
[   0% ] [90m[1msavepack[22m | Started Packing (102 steps)[39m[0m
[   1% ] [90m[1msavepack[22m | Storing File: res://.godot/imported/UAL1_Standard.glb-4d224badc0223e2177a620f023495cf9.scn[39m[0m
[   1% ] [90m[1msavepack[22m | Storing File: res://assets/models/animations/UAL1_Standard.glb.import[39m[0m
[   1% ] [90m[1msavepack[22m | Storing File: res://.godot/imported/UAL1_Standard_RM.glb-2dc6a645072520121ccfab5eed5397d9.scn[39m[0m
[   1% ] [90m[1msavepack[22m | Storing File: res://assets/models/animations/UAL1_Standard_RM.glb.import[39m[0m
[   1% ] [90m[1msavepack[22m | Storing File: res://.godot/imported/Adventurer.gltf-94e5c91aa8241dadf2ad9304f0b91d6d.scn[39m[0m
[   1% ] [90m[1msavepack[22m | Storing File: res://assets/models/characters/Adventurer.gltf.import[39m[0m
[   1% ] [90m[1msavepack[22m | Storing File: res://.godot/imported/Barbarian_barbarian_texture.png-7bb9c02a9e7b2ef9d8598402a0f9d716.s3tc.ctex[39m[0m
[   1% ] [90m[1msavepack[22m | Storing File: res://assets/models/characters/Barbarian_barbarian_texture.png.import[39m[0m
[   1% ] [90m[1msavepack[22m | Storing File: res://.godot/imported/barbarian_texture.png-db5db12c8d3539f4a164f37e74c08042.s3tc.ctex[39m[0m
[   1% ] [90m[1msavepack[22m | Storing File: res://assets/models/characters/barbarian_texture.png.import[39m[0m
[   1% ] [90m[1msavepack[22m | Storing File: res://.godot/imported/Beach.gltf-e1328e0fec0bd44f69f01c4a2da86b0b.scn[39m[0m
[   1% ] [90m[1msavepack[22m | Storing File: res://assets/models/characters/Beach.gltf.import[39m[0m
[   1% ] [90m[1msavepack[22m | Storing File: res://.godot/imported/Casual.gltf-06d0c94f387500de5156524a397a302a.scn[39m[0m
[   1% ] [90m[1msavepack[22m | Storing File: res://assets/models/characters/Casual.gltf.import[39m[0m
[   1% ] [90m[1msavepack[22m | Storing File: res://.godot/imported/Casual_2.gltf-e883f3993fe8c7b3072834ec462f9b1b.scn[39m[0m
[   1% ] [90m[1msavepack[22m | Storing File: res://assets/models/characters/Casual_2.gltf.import[39m[0m
[   1% ] [90m[1msavepack[22m | Storing File: res://.godot/imported/Casual_Hoodie.gltf-dd0a82ef50d5244b6fba102a383155d7.scn[39m[0m
[   1% ] [90m[1msavepack[22m | Storing File: res://assets/models/characters/Casual_Hoodie.gltf.import[39m[0m
[   1% ] [90m[1msavepack[22m | Storing File: res://.godot/imported/Eyebrows_Female.fbx-10c1df52498e827cd125a2a35ff2baba.scn[39m[0m
[   1% ] [90m[1msavepack[22m | Storing File: res://assets/models/characters/Eyebrows_Female.fbx.import[39m[0m
[   1% ] [90m[1msavepack[22m | Storing File: res://.godot/imported/Eyebrows_Female.gltf-681bb079a1d149d7f4ff20dffc048f96.scn[39m[0m
[   1% ] [90m[1msavepack[22m | Storing File: res://assets/models/characters/Eyebrows_Female.gltf.import[39m[0m
[   1% ] [90m[1msavepack[22m | Storing File: res://.godot/imported/Eyebrows_Regular.fbx-29d10c748cae5dcf00c185c1234b0879.scn[39m[0m
[   1% ] [90m[1msavepack[22m | Storing File: res://assets/models/characters/Eyebrows_Regular.fbx.import[39m[0m
[   1% ] [90m[1msavepack[22m | Storing File: res://.godot/imported/Eyebrows_Regular.gltf-823ef1847ec591f967628ec2744be9a6.scn[39m[0m
[   1% ] [90m[1msavepack[22m | Storing File: res://assets/models/characters/Eyebrows_Regular.gltf.import[39m[0m
[   2% ] [90m[1msavepack[22m | Storing File: res://.godot/imported/Farmer.gltf-62ff551ae7fe70128f02dca3c9ce2d91.scn[39m[0m
[   2% ] [90m[1msavepack[22m | Storing File: res://assets/models/characters/Farmer.gltf.import[39m[0m
[   2% ] [90m[1msavepack[22m | Storing File: res://.godot/imported/Female_Peasant.fbx-df6341f4a5ebcec31e2913eee5297c46.scn[39m[0m
[   2% ] [90m[1msavepack[22m | Storing File: res://assets/models/characters/Female_Peasant.fbx.import[39m[0m
[   2% ] [90m[1msavepack[22m | Storing File: res://.godot/imported/Female_Peasant.gltf-64a3954a8791228d0d0cbe0f145c1f97.scn[39m[0m
[   2% ] [90m[1msavepack[22m | Storing File: res://assets/models/characters/Female_Peasant.gltf.import[39m[0m
[   2% ] [90m[1msavepack[22m | Storing File: res://.godot/imported/Female_Peasant_Arms.fbx-9093be38d207a7dcb594a5c0399ee3ae.scn[39m[0m
[   2% ] [90m[1msavepack[22m | Storing File: res://assets/models/characters/Female_Peasant_Arms.fbx.import[39m[0m
[   2% ] [90m[1msavepack[22m | Storing File: res://.godot/imported/Female_Peasant_Arms.gltf-bf9841cedd2ad576eef621b04a68f300.scn[39m[0m
[   2% ] [90m[1msavepack[22m | Storing File: res://assets/models/characters/Female_Peasant_Arms.gltf.import[39m[0m
[   2% ] [90m[1msavepack[22m | Storing File: res://.godot/imported/Female_Peasant_Body.fbx-b1bb698cff07f0bd55bf04b0c0474072.scn[39m[0m
[   2% ] [90m[1msavepack[22m | Storing File: res://assets/models/characters/Female_Peasant_Body.fbx.import[39m[0m
[   2% ] [90m[1msavepack[22m | Storing File: res://.godot/imported/Female_Peasant_Body.gltf-ad5dc3fc2539889997beb132849b3e59.scn[39m[0m
[   2% ] [90m[1msavepack[22m | Storing File: res://assets/models/characters/Female_Peasant_Body.gltf.import[39m[0m
[   2% ] [90m[1msavepack[22m | Storing File: res://.godot/imported/Female_Peasant_Feet.fbx-28c0b0dc578eff16e46d7af7d230939c.scn[39m[0m
[   2% ] [90m[1msavepack[22m | Storing File: res://assets/models/characters/Female_Peasant_Feet.fbx.import[39m[0m
[   2% ] [90m[1msavepack[22m | Storing File: res://.godot/imported/Female_Peasant_Feet.gltf-fac53ead00344d965d87ec8abca318f0.scn[39m[0m
[   2% ] [90m[1msavepack[22m | Storing File: res://assets/models/characters/Female_Peasant_Feet.gltf.import[39m[0m
[   2% ] [90m[1msavepack[22m | Storing File: res://.godot/imported/Female_Peasant_Legs.fbx-eea2cf7528714a61a4333ba7293ac3dd.scn[39m[0m
[   2% ] [90m[1msavepack[22m | Storing File: res://assets/models/characters/Female_Peasant_Legs.fbx.import[39m[0m
[   2% ] [90m[1msavepack[22m | Storing File: res://.godot/imported/Female_Peasant_Legs.gltf-05b38991f594545c80732a68cdab8090.scn[39m[0m
[   2% ] [90m[1msavepack[22m | Storing File: res://assets/models/characters/Female_Peasant_Legs.gltf.import[39m[0m
[   2% ] [90m[1msavepack[22m | Storing File: res://.godot/imported/Female_Ranger.fbx-211cdeab8b9119ae3423da9d4f2232c6.scn[39m[0m
[   2% ] [90m[1msavepack[22m | Storing File: res://assets/models/characters/Female_Ranger.fbx.import[39m[0m
[   3% ] [90m[1msavepack[22m | Storing File: res://.godot/imported/Female_Ranger.gltf-c46c4baa7a6c6e6e4e3209e6c169c83b.scn[39m[0m
[   3% ] [90m[1msavepack[22m | Storing File: res://assets/models/characters/Female_Ranger.gltf.import[39m[0m
[   3% ] [90m[1msavepack[22m | Storing File: res://.godot/imported/Female_Ranger_Acc_Pauldrons.fbx-7d223cbff008904664294539c0c9fa52.scn[39m[0m
[   3% ] [90m[1msavepack[22m | Storing File: res://assets/models/characters/Female_Ranger_Acc_Pauldrons.fbx.import[39m[0m
[   3% ] [90m[1msavepack[22m | Storing File: res://.godot/imported/Female_Ranger_Acc_Pauldrons.gltf-5a1fc26037875561e855716df72af548.scn[39m[0m
[   3% ] [90m[1msavepack[22m | Storing File: res://assets/models/characters/Female_Ranger_Acc_Pauldrons.gltf.import[39m[0m
[   3% ] [90m[1msavepack[22m | Storing File: res://.godot/imported/Female_Ranger_Arms.fbx-d1f61ee3ade110803c83173b0425e54a.scn[39m[0m
[   3% ] [90m[1msavepack[22m | Storing File: res://assets/models/characters/Female_Ranger_Arms.fbx.import[39m[0m
[   3% ] [90m[1msavepack[22m | Storing File: res://.godot/imported/Female_Ranger_Arms.gltf-ce24c357d111fda7e3cc112fcb5cdc92.scn[39m[0m
[   3% ] [90m[1msavepack[22m | Storing File: res://assets/models/characters/Female_Ranger_Arms.gltf.import[39m[0m
[   3% ] [90m[1msavepack[22m | Storing File: res://.godot/imported/Female_Ranger_Body.fbx-3e4552ed2c30b92841813a079d82eea8.scn[39m[0m
[   3% ] [90m[1msavepack[22m | Storing File: res://assets/models/characters/Female_Ranger_Body.fbx.import[39m[0m
[   3% ] [90m[1msavepack[22m | Storing File: res://.godot/imported/Female_Ranger_Body.gltf-7a492a7e69c5d29bab9d897e9b37a2e6.scn[39m[0m
[   3% ] [90m[1msavepack[22m | Storing File: res://assets/models/characters/Female_Ranger_Body.gltf.import[39m[0m
[   3% ] [90m[1msavepack[22m | Storing File: res://.godot/imported/Female_Ranger_Feet.fbx-5a65fa147a7eb0365d95b4b9b606cb6d.scn[39m[0m
[   3% ] [90m[1msavepack[22m | Storing File: res://assets/models/characters/Female_Ranger_Feet.fbx.import[39m[0m
[   3% ] [90m[1msavepack[22m | Storing File: res://.godot/imported/Female_Ranger_Feet.gltf-9bf332b85da96686bd7b5d2a6533c51f.scn[39m[0m
[   3% ] [90m[1msavepack[22m | Storing File: res://assets/models/characters/Female_Ranger_Feet.gltf.import[39m[0m
[   3% ] [90m[1msavepack[22m | Storing File: res://.godot/imported/Female_Ranger_Head_Hood.fbx-eb02812bc1d6fc1634a1d984737a66ed.scn[39m[0m
[   3% ] [90m[1msavepack[22m | Storing File: res://assets/models/characters/Female_Ranger_Head_Hood.fbx.import[39m[0m
[   3% ] [90m[1msavepack[22m | Storing File: res://.godot/imported/Female_Ranger_Head_Hood.gltf-f32fda192c423b263fe4f24c84df135d.scn[39m[0m
[   3% ] [90m[1msavepack[22m | Storing File: res://assets/models/characters/Female_Ranger_Head_Hood.gltf.import[39m[0m
[   3% ] [90m[1msavepack[22m | Storing File: res://.godot/imported/Female_Ranger_Legs.fbx-3b119eda34ba38baa637b38bc6c80264.scn[39m[0m
[   3% ] [90m[1msavepack[22m | Storing File: res://assets/models/characters/Female_Ranger_Legs.fbx.import[39m[0m
[   3% ] [90m[1msavepack[22m | Storing File: res://.godot/imported/Female_Ranger_Legs.gltf-5fd544d2b3568246e8b4c850d80aeead.scn[39m[0m
[   3% ] [90m[1msavepack[22m | Storing File: res://assets/models/characters/Female_Ranger_Legs.gltf.import[39m[0m
[   4% ] [90m[1msavepack[22m | Storing File: res://.godot/imported/Formal.gltf-2ef29afbed55af5e3babf9d0f25702e9.scn[39m[0m
[   4% ] [90m[1msavepack[22m | Storing File: res://assets/models/characters/Formal.gltf.import[39m[0m
[   4% ] [90m[1msavepack[22m | Storing File: res://.godot/imported/Hair_Beard.fbx-1a0b0964817d0e480a87f7dfae408eff.scn[39m[0m
[   4% ] [90m[1msavepack[22m | Storing File: res://assets/models/characters/Hair_Beard.fbx.import[39m[0m
[   4% ] [90m[1msavepack[22m | Storing File: res://.godot/imported/Hair_Beard.gltf-30e3c07e2f9bedfe4cd0cd8fa7171c21.scn[39m[0m
[   4% ] [90m[1msavepack[22m | Storing File: res://assets/models/characters/Hair_Beard.gltf.import[39m[0m
[   4% ] [90m[1msavepack[22m | Storing File: res://.godot/imported/Hair_Buns.fbx-0edd258bdd90d715d642408dfd884a27.scn[39m[0m
[   4% ] [90m[1msavepack[22m | Storing File: res://assets/models/characters/Hair_Buns.fbx.import[39m[0m
[   4% ] [90m[1msavepack[22m | Storing File: res://.godot/imported/Hair_Buns.gltf-7447db6480b1d11098668a38e7ee053f.scn[39m[0m
[   4% ] [90m[1msavepack[22m | Storing File: res://assets/models/characters/Hair_Buns.gltf.import[39m[0m
[   4% ] [90m[1msavepack[22m | Storing File: res://.godot/imported/Hair_Buzzed.fbx-8f640e5cf60f0d46e70673e518a154a5.scn[39m[0m
[   4% ] [90m[1msavepack[22m | Storing File: res://assets/models/characters/Hair_Buzzed.fbx.import[39m[0m
[   4% ] [90m[1msavepack[22m | Storing File: res://.godot/imported/Hair_Buzzed.gltf-3dab565830f26dd7578230ac43cb8b93.scn[39m[0m
[   4% ] [90m[1msavepack[22m | Storing File: res://assets/models/characters/Hair_Buzzed.gltf.import[39m[0m
[   4% ] [90m[1msavepack[22m | Storing File: res://.godot/imported/Hair_BuzzedFemale.fbx-b313b846adc373313e3dd865b4cdeb5f.scn[39m[0m
[   4% ] [90m[1msavepack[22m | Storing File: res://assets/models/characters/Hair_BuzzedFemale.fbx.import[39m[0m
[   4% ] [90m[1msavepack[22m | Storing File: res://.godot/imported/Hair_BuzzedFemale.gltf-5af191e5ce6ae45b9340a626b2f3a8b4.scn[39m[0m
[   4% ] [90m[1msavepack[22m | Storing File: res://assets/models/characters/Hair_BuzzedFemale.gltf.import[39m[0m
[   4% ] [90m[1msavepack[22m | Storing File: res://.godot/imported/Hair_Long.fbx-1c461b12f827b41b93d9a12103bdfc11.scn[39m[0m
[   4% ] [90m[1msavepack[22m | Storing File: res://assets/models/characters/Hair_Long.fbx.import[39m[0m
[   4% ] [90m[1msavepack[22m | Storing File: res://.godot/imported/Hair_Long.gltf-42f374c6a97e4acbeebc852d949c01b1.scn[39m[0m
[   4% ] [90m[1msavepack[22m | Storing File: res://assets/models/characters/Hair_Long.gltf.import[39m[0m
[   4% ] [90m[1msavepack[22m | Storing File: res://.godot/imported/Hair_SimpleParted.fbx-61ac0996f24cc8bbf0f0ab80b0604c57.scn[39m[0m
[   4% ] [90m[1msavepack[22m | Storing File: res://assets/models/characters/Hair_SimpleParted.fbx.import[39m[0m
[   5% ] [90m[1msavepack[22m | Storing File: res://.godot/imported/Hair_SimpleParted.gltf-26f53b0a5cb75e3b9e24fa33b0f17586.scn[39m[0m
[   5% ] [90m[1msavepack[22m | Storing File: res://assets/models/characters/Hair_SimpleParted.gltf.import[39m[0m
[   5% ] [90m[1msavepack[22m | Storing File: res://.godot/imported/King.gltf-657643eaf5dba5df8388f20915b4422a.scn[39m[0m
[   5% ] [90m[1msavepack[22m | Storing File: res://assets/models/characters/King.gltf.import[39m[0m
[   5% ] [90m[1msavepack[22m | Storing File: res://.godot/imported/Knight_knight_texture.png-fbfd6db275b893706e62960fa115ac3a.s3tc.ctex[39m[0m
[   5% ] [90m[1msavepack[22m | Storing File: res://assets/models/characters/Knight_knight_texture.png.import[39m[0m
[   5% ] [90m[1msavepack[22m | Storing File: res://.godot/imported/knight_texture.png-63bf7dfbf09d359a92a99870ddd8695f.s3tc.ctex[39m[0m
[   5% ] [90m[1msavepack[22m | Storing File: res://assets/models/characters/knight_texture.png.import[39m[0m
[   5% ] [90m[1msavepack[22m | Storing File: res://.godot/imported/mace.gltf-cac930754650f3ec246a834b388c26ec.scn[39m[0m
[   5% ] [90m[1msavepack[22m | Storing File: res://assets/models/characters/mace.gltf.import[39m[0m
[   5% ] [90m[1msavepack[22m | Storing File: res://.godot/imported/Mage_mage_texture.png-4182d647f8b0f3d86aad5529fe14911e.s3tc.ctex[39m[0m
[   5% ] [90m[1msavepack[22m | Storing File: res://assets/models/characters/Mage_mage_texture.png.import[39m[0m
[   5% ] [90m[1msavepack[22m | Storing File: res://.godot/imported/mage_texture.png-25b6922e3a64f9e65b1d217c8c7880da.s3tc.ctex[39m[0m
[   5% ] [90m[1msavepack[22m | Storing File: res://assets/models/characters/mage_texture.png.import[39m[0m
[   5% ] [90m[1msavepack[22m | Storing File: res://.godot/imported/Male_Peasant.fbx-54f8c10fa34a0f08ea58ca61d43f656b.scn[39m[0m
[   5% ] [90m[1msavepack[22m | Storing File: res://assets/models/characters/Male_Peasant.fbx.import[39m[0m
[   5% ] [90m[1msavepack[22m | Storing File: res://.godot/imported/Male_Peasant.gltf-9201d37e0385384261f3530a37157f62.scn[39m[0m
[   5% ] [90m[1msavepack[22m | Storing File: res://assets/models/characters/Male_Peasant.gltf.import[39m[0m
[   5% ] [90m[1msavepack[22m | Storing File: res://.godot/imported/Male_Peasant_Arms.fbx-3f3d0baf74468f1f4eace665999bc4cd.scn[39m[0m
[   5% ] [90m[1msavepack[22m | Storing File: res://assets/models/characters/Male_Peasant_Arms.fbx.import[39m[0m
[   5% ] [90m[1msavepack[22m | Storing File: res://.godot/imported/Male_Peasant_Arms.gltf-a8de0536de7ee586d60caefee76a647e.scn[39m[0m
[   5% ] [90m[1msavepack[22m | Storing File: res://assets/models/characters/Male_Peasant_Arms.gltf.import[39m[0m
[   5% ] [90m[1msavepack[22m | Storing File: res://.godot/imported/Male_Peasant_Body.fbx-12d30d5527117eda7cd06fa0e5000fc5.scn[39m[0m
[   5% ] [90m[1msavepack[22m | Storing File: res://assets/models/characters/Male_Peasant_Body.fbx.import[39m[0m
[   5% ] [90m[1msavepack[22m | Storing File: res://.godot/imported/Male_Peasant_Body.gltf-36d2dce3e82981babe29e94f4ff03c1f.scn[39m[0m
[   5% ] [90m[1msavepack[22m | Storing File: res://assets/models/characters/Male_Peasant_Body.gltf.import[39m[0m
[   6% ] [90m[1msavepack[22m | Storing File: res://.godot/imported/Male_Peasant_Feet.fbx-2bdf29f078334633bf3405e72e11181d.scn[39m[0m
[   6% ] [90m[1msavepack[22m | Storing File: res://assets/models/characters/Male_Peasant_Feet.fbx.import[39m[0m
[   6% ] [90m[1msavepack[22m | Storing File: res://.godot/imported/Male_Peasant_Feet.gltf-033410db85c6609d58c9f4af786a885e.scn[39m[0m
[   6% ] [90m[1msavepack[22m | Storing File: res://assets/models/characters/Male_Peasant_Feet.gltf.import[39m[0m
[   6% ] [90m[1msavepack[22m | Storing File: res://.godot/imported/Male_Peasant_Legs.fbx-9354f0ce65895aa22747264cf382ee3e.scn[39m[0m
[   6% ] [90m[1msavepack[22m | Storing File: res://assets/models/characters/Male_Peasant_Legs.fbx.import[39m[0m
[   6% ] [90m[1msavepack[22m | Storing File: res://.godot/imported/Male_Peasant_Legs.gltf-04866e47fa936da22f9b2ddb041afb70.scn[39m[0m
[   6% ] [90m[1msavepack[22m | Storing File: res://assets/models/characters/Male_Peasant_Legs.gltf.import[39m[0m
[   6% ] [90m[1msavepack[22m | Storing File: res://.godot/imported/Male_Ranger.fbx-151b76726767035cbcbb6f167b5ac6df.scn[39m[0m
[   6% ] [90m[1msavepack[22m | Storing File: res://assets/models/characters/Male_Ranger.fbx.import[39m[0m
[   6% ] [90m[1msavepack[22m | Storing File: res://.godot/imported/Male_Ranger.gltf-68b794ceb5ff1c2305e8fdf83e3c8737.scn[39m[0m
[   6% ] [90m[1msavepack[22m | Storing File: res://assets/models/characters/Male_Ranger.gltf.import[39m[0m
[   6% ] [90m[1msavepack[22m | Storing File: res://.godot/imported/Male_Ranger_Acc_Pauldron.fbx-b7f711da51c3a2160571ff62ece579f3.scn[39m[0m
[   6% ] [90m[1msavepack[22m | Storing File: res://assets/models/characters/Male_Ranger_Acc_Pauldron.fbx.import[39m[0m
[   6% ] [90m[1msavepack[22m | Storing File: res://.godot/imported/Male_Ranger_Acc_Pauldron.gltf-0b60955560b39d202a948df93bc84d76.scn[39m[0m
[   6% ] [90m[1msavepack[22m | Storing File: res://assets/models/characters/Male_Ranger_Acc_Pauldron.gltf.import[39m[0m
[   6% ] [90m[1msavepack[22m | Storing File: res://.godot/imported/Male_Ranger_Arms.fbx-6973c885a6fcf58be892f34c0fe48992.scn[39m[0m
[   6% ] [90m[1msavepack[22m | Storing File: res://assets/models/characters/Male_Ranger_Arms.fbx.import[39m[0m
[   6% ] [90m[1msavepack[22m | Storing File: res://.godot/imported/Male_Ranger_Arms.gltf-33de0322ecb667b87f9e6afba67fbcde.scn[39m[0m
[   6% ] [90m[1msavepack[22m | Storing File: res://assets/models/characters/Male_Ranger_Arms.gltf.import[39m[0m
[   6% ] [90m[1msavepack[22m | Storing File: res://.godot/imported/Male_Ranger_Body.fbx-9baf999b3efcf994b18ef509c079a199.scn[39m[0m
[   6% ] [90m[1msavepack[22m | Storing File: res://assets/models/characters/Male_Ranger_Body.fbx.import[39m[0m
[   6% ] [90m[1msavepack[22m | Storing File: res://.godot/imported/Male_Ranger_Body.gltf-d370acf0c216ab88f1b4f8b0f0b0e1bc.scn[39m[0m
[   6% ] [90m[1msavepack[22m | Storing File: res://assets/models/characters/Male_Ranger_Body.gltf.import[39m[0m
[   7% ] [90m[1msavepack[22m | Storing File: res://.godot/imported/Male_Ranger_Feet_Boots.fbx-b5bb3ac70e8ed2ae43ce37f26f499e14.scn[39m[0m
[   7% ] [90m[1msavepack[22m | Storing File: res://assets/models/characters/Male_Ranger_Feet_Boots.fbx.import[39m[0m
[   7% ] [90m[1msavepack[22m | Storing File: res://.godot/imported/Male_Ranger_Feet_Boots.gltf-5625c171577ec3a0c3d88ab21327845d.scn[39m[0m
[   7% ] [90m[1msavepack[22m | Storing File: res://assets/models/characters/Male_Ranger_Feet_Boots.gltf.import[39m[0m
[   7% ] [90m[1msavepack[22m | Storing File: res://.godot/imported/Male_Ranger_Head_Hood.fbx-a0e296e0abcba09b6bd2c05fd24268fd.scn[39m[0m
[   7% ] [90m[1msavepack[22m | Storing File: res://assets/models/characters/Male_Ranger_Head_Hood.fbx.import[39m[0m
[   7% ] [90m[1msavepack[22m | Storing File: res://.godot/imported/Male_Ranger_Head_Hood.gltf-5e64799afdc461eb114d466afe4ed144.scn[39m[0m
[   7% ] [90m[1msavepack[22m | Storing File: res://assets/models/characters/Male_Ranger_Head_Hood.gltf.import[39m[0m
[   7% ] [90m[1msavepack[22m | Storing File: res://.godot/imported/Male_Ranger_Legs.fbx-e65648bd6864ca17f3839d264a5c7194.scn[39m[0m
[   7% ] [90m[1msavepack[22m | Storing File: res://assets/models/characters/Male_Ranger_Legs.fbx.import[39m[0m
[   7% ] [90m[1msavepack[22m | Storing File: res://.godot/imported/Male_Ranger_Legs.gltf-472789bd7ffc5d40dd69a4a249585f03.scn[39m[0m
[   7% ] [90m[1msavepack[22m | Storing File: res://assets/models/characters/Male_Ranger_Legs.gltf.import[39m[0m
[   7% ] [90m[1msavepack[22m | Storing File: res://.godot/imported/Medieval.gltf-d8185f73d7c62b226bb84353268240af.scn[39m[0m
[   7% ] [90m[1msavepack[22m | Storing File: res://assets/models/characters/Medieval.gltf.import[39m[0m
[   7% ] [90m[1msavepack[22m | Storing File: res://.godot/imported/mug_empty.gltf-894cdbfed8b9d053a29ffb4d509445e2.scn[39m[0m
[   7% ] [90m[1msavepack[22m | Storing File: res://assets/models/characters/mug_empty.gltf.import[39m[0m
[   7% ] [90m[1msavepack[22m | Storing File: res://.godot/imported/mug_full.gltf-d06b2a61ce9eb6e56a317e9aef9ac579.scn[39m[0m
[   7% ] [90m[1msavepack[22m | Storing File: res://assets/models/characters/mug_full.gltf.import[39m[0m
[   7% ] [90m[1msavepack[22m | Storing File: res://.godot/imported/Preview.png-1a38709513ea5a4f82d310fbb282962e.ctex[39m[0m
[   7% ] [90m[1msavepack[22m | Storing File: res://assets/models/characters/Preview.png.import[39m[0m
[   7% ] [90m[1msavepack[22m | Storing File: res://.godot/imported/Punk.gltf-8cdfe76053bbd4092908e5c9fee23aca.scn[39m[0m
[   7% ] [90m[1msavepack[22m | Storing File: res://assets/models/characters/Punk.gltf.import[39m[0m
[   7% ] [90m[1msavepack[22m | Storing File: res://.godot/imported/quiver.gltf-b5970769ef539d4c534a59993f3bfa8f.scn[39m[0m
[   7% ] [90m[1msavepack[22m | Storing File: res://assets/models/characters/quiver.gltf.import[39m[0m
[   7% ] [90m[1msavepack[22m | Storing File: res://.godot/imported/Rogue_Hooded_rogue_texture.png-c8deba7d6492cbb019316f3a702aef06.s3tc.ctex[39m[0m
[   7% ] [90m[1msavepack[22m | Storing File: res://assets/models/characters/Rogue_Hooded_rogue_texture.png.import[39m[0m
[   8% ] [90m[1msavepack[22m | Storing File: res://.godot/imported/Rogue_rogue_texture.png-2b9064fe8c6b3270417fd671c219642d.s3tc.ctex[39m[0m
[   8% ] [90m[1msavepack[22m | Storing File: res://assets/models/characters/Rogue_rogue_texture.png.import[39m[0m
[   8% ] [90m[1msavepack[22m | Storing File: res://.godot/imported/rogue_texture.png-2771ce65ef8233199a8ef4d03266d077.s3tc.ctex[39m[0m
[   8% ] [90m[1msavepack[22m | Storing File: res://assets/models/characters/rogue_texture.png.import[39m[0m
[   8% ] [90m[1msavepack[22m | Storing File: res://.godot/imported/SciFi.gltf-a0aba89f789b3ff04dbf487806ec2e11.scn[39m[0m
[   8% ] [90m[1msavepack[22m | Storing File: res://assets/models/characters/SciFi.gltf.import[39m[0m
[   8% ] [90m[1msavepack[22m | Storing File: res://.godot/imported/shield_badge_color.gltf-9fcbde01ffa12cf0c27dfbe349a1e998.scn[39m[0m
[   8% ] [90m[1msavepack[22m | Storing File: res://assets/models/characters/shield_badge_color.gltf.import[39m[0m
[   8% ] [90m[1msavepack[22m | Storing File: res://.godot/imported/shield_round_color.gltf-fa171a14ed931a864ba5239a32a6810a.scn[39m[0m
[   8% ] [90m[1msavepack[22m | Storing File: res://assets/models/characters/shield_round_color.gltf.import[39m[0m
[   8% ] [90m[1msavepack[22m | Storing File: res://.godot/imported/shield_spikes_color.gltf-2495c9866cb54f7dbb5ea95734774c94.scn[39m[0m
[   8% ] [90m[1msavepack[22m | Storing File: res://assets/models/characters/shield_spikes_color.gltf.import[39m[0m
[   8% ] [90m[1msavepack[22m | Storing File: res://.godot/imported/shield_square.gltf-81b4c978f15814b21ffbda5e742887a2.scn[39m[0m
[   8% ] [90m[1msavepack[22m | Storing File: res://assets/models/characters/shield_square.gltf.import[39m[0m
[   8% ] [90m[1msavepack[22m | Storing File: res://.godot/imported/shield_square_color.gltf-48fd9ae0ebc6db245cd9d0964ba36bdc.scn[39m[0m
[   8% ] [90m[1msavepack[22m | Storing File: res://assets/models/characters/shield_square_color.gltf.import[39m[0m
[   8% ] [90m[1msavepack[22m | Storing File: res://.godot/imported/Skeleton_Arrow.gltf-86d42623d33ca9da7e0dcf9135d567fe.scn[39m[0m
[   8% ] [90m[1msavepack[22m | Storing File: res://assets/models/characters/Skeleton_Arrow.gltf.import[39m[0m
[   8% ] [90m[1msavepack[22m | Storing File: res://.godot/imported/Skeleton_Arrow_Broken.gltf-0b1ac3c49a457320f5b0e692d5ef663e.scn[39m[0m
[   8% ] [90m[1msavepack[22m | Storing File: res://assets/models/characters/Skeleton_Arrow_Broken.gltf.import[39m[0m
[   8% ] [90m[1msavepack[22m | Storing File: res://.godot/imported/Skeleton_Arrow_Broken_Half.gltf-e4f57fd1986c819b07c3f7c245570aa2.scn[39m[0m
[   8% ] [90m[1msavepack[22m | Storing File: res://assets/models/characters/Skeleton_Arrow_Broken_Half.gltf.import[39m[0m
[   8% ] [90m[1msavepack[22m | Storing File: res://.godot/imported/Skeleton_Arrow_Half.gltf-bf66f19c55453a07e4347e926c30b4be.scn[39m[0m
[   8% ] [90m[1msavepack[22m | Storing File: res://assets/models/characters/Skeleton_Arrow_Half.gltf.import[39m[0m
[   9% ] [90m[1msavepack[22m | Storing File: res://.godot/imported/Skeleton_Axe.gltf-ec77717120a6741ee7d3516facfe6d7d.scn[39m[0m
[   9% ] [90m[1msavepack[22m | Storing File: res://assets/models/characters/Skeleton_Axe.gltf.import[39m[0m
[   9% ] [90m[1msavepack[22m | Storing File: res://.godot/imported/Skeleton_Blade.gltf-357ad67073f88bb337ca43aa9639bc9d.scn[39m[0m
[   9% ] [90m[1msavepack[22m | Storing File: res://assets/models/characters/Skeleton_Blade.gltf.import[39m[0m
[   9% ] [90m[1msavepack[22m | Storing File: res://.godot/imported/Skeleton_Crossbow.gltf-c813acf589353d517b4bf92d979ff460.scn[39m[0m
[   9% ] [90m[1msavepack[22m | Storing File: res://assets/models/characters/Skeleton_Crossbow.gltf.import[39m[0m
[   9% ] [90m[1msavepack[22m | Storing File: res://.godot/imported/Skeleton_Mage_skeleton_texture.png-ddebdfcfc8bd13280cab68f2d8b07b2b.s3tc.ctex[39m[0m
[   9% ] [90m[1msavepack[22m | Storing File: res://assets/models/characters/Skeleton_Mage_skeleton_texture.png.import[39m[0m
[   9% ] [90m[1msavepack[22m | Storing File: res://.godot/imported/Skeleton_Minion_skeleton_texture.png-9dcb8889e4229fae505e24dc5a110852.s3tc.ctex[39m[0m
[   9% ] [90m[1msavepack[22m | Storing File: res://assets/models/characters/Skeleton_Minion_skeleton_texture.png.import[39m[0m
[   9% ] [90m[1msavepack[22m | Storing File: res://.godot/imported/Skeleton_Quiver.gltf-c0f9219814c9675cce1480f24a9f9410.scn[39m[0m
[   9% ] [90m[1msavepack[22m | Storing File: res://assets/models/characters/Skeleton_Quiver.gltf.import[39m[0m
[   9% ] [90m[1msavepack[22m | Storing File: res://.godot/imported/Skeleton_Rogue_skeleton_texture.png-eaad4413b57cb6ca15eb2a04edf72664.s3tc.ctex[39m[0m
[   9% ] [90m[1msavepack[22m | Storing File: res://assets/models/characters/Skeleton_Rogue_skeleton_texture.png.import[39m[0m
[   9% ] [90m[1msavepack[22m | Storing File: res://.godot/imported/Skeleton_Shield_Large_A.gltf-afbf98651269e2df0133f2b6f5173dfc.scn[39m[0m
[   9% ] [90m[1msavepack[22m | Storing File: res://assets/models/characters/Skeleton_Shield_Large_A.gltf.import[39m[0m
[   9% ] [90m[1msavepack[22m | Storing File: res://.godot/imported/Skeleton_Shield_Large_B.gltf-d5be1894fb42fe533a810c5175d5fe50.scn[39m[0m
[   9% ] [90m[1msavepack[22m | Storing File: res://assets/models/characters/Skeleton_Shield_Large_B.gltf.import[39m[0m
[   9% ] [90m[1msavepack[22m | Storing File: res://.godot/imported/Skeleton_Shield_Small_A.gltf-16d299922ca4aa5f206084356879cb5c.scn[39m[0m
[   9% ] [90m[1msavepack[22m | Storing File: res://assets/models/characters/Skeleton_Shield_Small_A.gltf.import[39m[0m
[   9% ] [90m[1msavepack[22m | Storing File: res://.godot/imported/Skeleton_Shield_Small_B.gltf-7d8f433afaedc802af959efcd901be8e.scn[39m[0m
[   9% ] [90m[1msavepack[22m | Storing File: res://assets/models/characters/Skeleton_Shield_Small_B.gltf.import[39m[0m
[   9% ] [90m[1msavepack[22m | Storing File: res://.godot/imported/Skeleton_Staff.gltf-08a34c1deb6ca479e3f1407d9f9d1f6b.scn[39m[0m
[   9% ] [90m[1msavepack[22m | Storing File: res://assets/models/characters/Skeleton_Staff.gltf.import[39m[0m
[   9% ] [90m[1msavepack[22m | Storing File: res://.godot/imported/skeleton_texture.png-74142cb3ee686d59d8b1c8aa8f3e4d03.s3tc.ctex[39m[0m
[   9% ] [90m[1msavepack[22m | Storing File: res://assets/models/characters/skeleton_texture.png.import[39m[0m
[  10% ] [90m[1msavepack[22m | Storing File: res://.godot/imported/Skeleton_Warrior_skeleton_texture.png-66c57b76e95467b6ce503b8825ef03ca.s3tc.ctex[39m[0m
[  10% ] [90m[1msavepack[22m | Storing File: res://assets/models/characters/Skeleton_Warrior_skeleton_texture.png.import[39m[0m
[  10% ] [90m[1msavepack[22m | Storing File: res://.godot/imported/smokebomb.gltf-61a82fe57f1266d5da232d09a3a2366d.scn[39m[0m
[  10% ] [90m[1msavepack[22m | Storing File: res://assets/models/characters/smokebomb.gltf.import[39m[0m
[  10% ] [90m[1msavepack[22m | Storing File: res://.godot/imported/Soldier.gltf-0dd2523c8489c5674d22dfc12b7e291e.scn[39m[0m
[  10% ] [90m[1msavepack[22m | Storing File: res://assets/models/characters/Soldier.gltf.import[39m[0m
[  10% ] [90m[1msavepack[22m | Storing File: res://.godot/imported/Spacesuit.gltf-30f9fac2a633e827bf159ee8b2eba286.scn[39m[0m
[  10% ] [90m[1msavepack[22m | Storing File: res://assets/models/characters/Spacesuit.gltf.import[39m[0m
[  10% ] [90m[1msavepack[22m | Storing File: res://.godot/imported/Suit.gltf-8569d132fcf6654fe88cd6c5f93793fb.scn[39m[0m
[  10% ] [90m[1msavepack[22m | Storing File: res://assets/models/characters/Suit.gltf.import[39m[0m
[  10% ] [90m[1msavepack[22m | Storing File: res://.godot/imported/Superhero_Female_FullBody.fbx-2749ba0f1565b4e583980a2d86ed7a14.scn[39m[0m
[  10% ] [90m[1msavepack[22m | Storing File: res://assets/models/characters/Superhero_Female_FullBody.fbx.import[39m[0m
[  10% ] [90m[1msavepack[22m | Storing File: res://.godot/imported/Superhero_Female_FullBody.gltf-7015e26431f5dafbd4d410bd31767603.scn[39m[0m
[  10% ] [90m[1msavepack[22m | Storing File: res://assets/models/characters/Superhero_Female_FullBody.gltf.import[39m[0m
[  10% ] [90m[1msavepack[22m | Storing File: res://.godot/imported/Superhero_Male_FullBody.fbx-de38631ae84d433eb8a1fc9d63fa1d94.scn[39m[0m
[  10% ] [90m[1msavepack[22m | Storing File: res://assets/models/characters/Superhero_Male_FullBody.fbx.import[39m[0m
[  10% ] [90m[1msavepack[22m | Storing File: res://.godot/imported/Superhero_Male_FullBody.gltf-8f2553e5eb890843e467ee9bb5078bfa.scn[39m[0m
[  10% ] [90m[1msavepack[22m | Storing File: res://assets/models/characters/Superhero_Male_FullBody.gltf.import[39m[0m
[  10% ] [90m[1msavepack[22m | Storing File: res://.godot/imported/Swat.gltf-94f2deb087458c93b4c2ccd120b8c97c.scn[39m[0m
[  10% ] [90m[1msavepack[22m | Storing File: res://assets/models/characters/Swat.gltf.import[39m[0m
[  10% ] [90m[1msavepack[22m | Storing File: res://.godot/imported/sword_2handed_color.gltf-a892c2050b5b9d3bb5a947c0b78add20.scn[39m[0m
[  10% ] [90m[1msavepack[22m | Storing File: res://assets/models/characters/sword_2handed_color.gltf.import[39m[0m
[  10% ] [90m[1msavepack[22m | Storing File: res://.godot/imported/T_Eye_Brown.png-89af3b555570153eddb6a2f3a2ba1b4f.ctex[39m[0m
[  10% ] [90m[1msavepack[22m | Storing File: res://assets/models/characters/T_Eye_Brown.png.import[39m[0m
[  11% ] [90m[1msavepack[22m | Storing File: res://.godot/imported/T_Eye_Normal.png-f9497b01003ca69a192703cf9d848b89.ctex[39m[0m
[  11% ] [90m[1msavepack[22m | Storing File: res://assets/models/characters/T_Eye_Normal.png.import[39m[0m
[  11% ] [90m[1msavepack[22m | Storing File: res://.godot/imported/T_Hair_1_BaseColor.png-616465e39610abe457edcb7462abf8a0.ctex[39m[0m
[  11% ] [90m[1msavepack[22m | Storing File: res://assets/models/characters/T_Hair_1_BaseColor.png.import[39m[0m
[  11% ] [90m[1msavepack[22m | Storing File: res://.godot/imported/T_Hair_1_BaseColor_png.png-881d67ff26e4a64b7a2f1344bfa6a61c.ctex[39m[0m
[  11% ] [90m[1msavepack[22m | Storing File: res://assets/models/characters/T_Hair_1_BaseColor_png.png.import[39m[0m
[  11% ] [90m[1msavepack[22m | Storing File: res://.godot/imported/T_Hair_1_Normal.png-8eead18f5ad61f79702773609194d8ce.ctex[39m[0m
[  11% ] [90m[1msavepack[22m | Storing File: res://assets/models/characters/T_Hair_1_Normal.png.import[39m[0m
[  11% ] [90m[1msavepack[22m | Storing File: res://.godot/imported/T_Hair_2_BaseColor.png-c77bf6abfbf1a5abff14a91a76a68507.ctex[39m[0m
[  11% ] [90m[1msavepack[22m | Storing File: res://assets/models/characters/T_Hair_2_BaseColor.png.import[39m[0m
[  11% ] [90m[1msavepack[22m | Storing File: res://.godot/imported/T_Hair_2_BaseColor_png.png-df5a60e97355fc683d710305e41b7098.ctex[39m[0m
[  11% ] [90m[1msavepack[22m | Storing File: res://assets/models/characters/T_Hair_2_BaseColor_png.png.import[39m[0m
[  11% ] [90m[1msavepack[22m | Storing File: res://.godot/imported/T_Hair_2_Normal.png-2556aa62ef83431c78ad236132fe1488.ctex[39m[0m
[  11% ] [90m[1msavepack[22m | Storing File: res://assets/models/characters/T_Hair_2_Normal.png.import[39m[0m
[  11% ] [90m[1msavepack[22m | Storing File: res://.godot/imported/T_Peasant_2_BaseColor.png-54611b5b3f03b63a9abe51adc6f08e7f.ctex[39m[0m
[  11% ] [90m[1msavepack[22m | Storing File: res://assets/models/characters/T_Peasant_2_BaseColor.png.import[39m[0m
[  11% ] [90m[1msavepack[22m | Storing File: res://.godot/imported/T_Peasant_BaseColor.png-4512fc6c270ee456518ac2e1462f24ef.ctex[39m[0m
[  11% ] [90m[1msavepack[22m | Storing File: res://assets/models/characters/T_Peasant_BaseColor.png.import[39m[0m
[  11% ] [90m[1msavepack[22m | Storing File: res://.godot/imported/T_Peasant_Normal.png-cb794512abfa39dd99df73e901ac1119.ctex[39m[0m
[  11% ] [90m[1msavepack[22m | Storing File: res://assets/models/characters/T_Peasant_Normal.png.import[39m[0m
[  11% ] [90m[1msavepack[22m | Storing File: res://.godot/imported/T_Peasant_ORM.png-536f887a093661aefe35d2ac1a2e034e.ctex[39m[0m
[  11% ] [90m[1msavepack[22m | Storing File: res://assets/models/characters/T_Peasant_ORM.png.import[39m[0m
[  11% ] [90m[1msavepack[22m | Storing File: res://.godot/imported/T_Ranger_3_BaseColor.png-013fb383e0027a1893a32aed38ac9f4d.ctex[39m[0m
[  11% ] [90m[1msavepack[22m | Storing File: res://assets/models/characters/T_Ranger_3_BaseColor.png.import[39m[0m
[  11% ] [90m[1msavepack[22m | Storing File: res://.godot/imported/T_Ranger_BaseColor.png-d91715a42c2561bcaed5fa628a8a198a.ctex[39m[0m
[  11% ] [90m[1msavepack[22m | Storing File: res://assets/models/characters/T_Ranger_BaseColor.png.import[39m[0m
[  12% ] [90m[1msavepack[22m | Storing File: res://.godot/imported/T_Ranger_Normal.png-aa13a074b2101b723db9af7a2e785b49.ctex[39m[0m
[  12% ] [90m[1msavepack[22m | Storing File: res://assets/models/characters/T_Ranger_Normal.png.import[39m[0m
[  12% ] [90m[1msavepack[22m | Storing File: res://.godot/imported/T_Ranger_ORM.png-96bbdb374bf4dd4d3b874cd7192a7b8a.ctex[39m[0m
[  12% ] [90m[1msavepack[22m | Storing File: res://assets/models/characters/T_Ranger_ORM.png.import[39m[0m
[  12% ] [90m[1msavepack[22m | Storing File: res://.godot/imported/T_Regular_Female_Dark_BaseColor.png-19b691a175fcbb0dc873b9187b9a142c.ctex[39m[0m
[  12% ] [90m[1msavepack[22m | Storing File: res://assets/models/characters/T_Regular_Female_Dark_BaseColor.png.import[39m[0m
[  12% ] [90m[1msavepack[22m | Storing File: res://.godot/imported/T_Regular_Female_Normal.png-82cb81ed2b02c84dddccfeb69cefe445.ctex[39m[0m
[  12% ] [90m[1msavepack[22m | Storing File: res://assets/models/characters/T_Regular_Female_Normal.png.import[39m[0m
[  12% ] [90m[1msavepack[22m | Storing File: res://.godot/imported/T_Regular_Female_Roughness.png-33ff49240905590ec98fca127715e0c9.ctex[39m[0m
[  12% ] [90m[1msavepack[22m | Storing File: res://assets/models/characters/T_Regular_Female_Roughness.png.import[39m[0m
[  12% ] [90m[1msavepack[22m | Storing File: res://.godot/imported/T_Regular_Male_Dark_BaseColor.png-2625c1d0e15d2f1a88fb5ea9f3562a8c.ctex[39m[0m
[  12% ] [90m[1msavepack[22m | Storing File: res://assets/models/characters/T_Regular_Male_Dark_BaseColor.png.import[39m[0m
[  12% ] [90m[1msavepack[22m | Storing File: res://.godot/imported/T_Regular_Male_Normal.png-08ed525e70de0a9932e1664fd22232f9.ctex[39m[0m
[  12% ] [90m[1msavepack[22m | Storing File: res://assets/models/characters/T_Regular_Male_Normal.png.import[39m[0m
[  12% ] [90m[1msavepack[22m | Storing File: res://.godot/imported/T_Regular_Male_Roughness.png-ba24c598fcfc30b0c58aef422a05a052.ctex[39m[0m
[  12% ] [90m[1msavepack[22m | Storing File: res://assets/models/characters/T_Regular_Male_Roughness.png.import[39m[0m
[  12% ] [90m[1msavepack[22m | Storing File: res://.godot/imported/T_Superhero_Female_Dark_BaseColor.png-5d6ab521f3f8399f01761d22da96a675.ctex[39m[0m
[  12% ] [90m[1msavepack[22m | Storing File: res://assets/models/characters/T_Superhero_Female_Dark_BaseColor.png.import[39m[0m
[  12% ] [90m[1msavepack[22m | Storing File: res://.godot/imported/T_Superhero_Female_Light_BaseColor.png-c8af23e5e93a6da6719129ce7be303bb.ctex[39m[0m
[  12% ] [90m[1msavepack[22m | Storing File: res://assets/models/characters/T_Superhero_Female_Light_BaseColor.png.import[39m[0m
[  12% ] [90m[1msavepack[22m | Storing File: res://.godot/imported/T_Superhero_Female_Normal.png-33f050b0ca94a160219d20201dc53113.ctex[39m[0m
[  12% ] [90m[1msavepack[22m | Storing File: res://assets/models/characters/T_Superhero_Female_Normal.png.import[39m[0m
[  12% ] [90m[1msavepack[22m | Storing File: res://.godot/imported/T_Superhero_Female_Roughness.png-cc0aad26fa1d996716e644279f6d1de0.ctex[39m[0m
[  12% ] [90m[1msavepack[22m | Storing File: res://assets/models/characters/T_Superhero_Female_Roughness.png.import[39m[0m
[  13% ] [90m[1msavepack[22m | Storing File: res://.godot/imported/T_Superhero_Male_Dark.png-5efd2c1e15646c83e14ba2b80f9c5c20.ctex[39m[0m
[  13% ] [90m[1msavepack[22m | Storing File: res://assets/models/characters/T_Superhero_Male_Dark.png.import[39m[0m
[  13% ] [90m[1msavepack[22m | Storing File: res://.godot/imported/T_Superhero_Male_Ligh.png-625a714f92322f24830dbe3d49ee120c.ctex[39m[0m
[  13% ] [90m[1msavepack[22m | Storing File: res://assets/models/characters/T_Superhero_Male_Ligh.png.import[39m[0m
[  13% ] [90m[1msavepack[22m | Storing File: res://.godot/imported/T_Superhero_Male_Normal.png-7c67a9b51f688f30932c3601999f8ef6.ctex[39m[0m
[  13% ] [90m[1msavepack[22m | Storing File: res://assets/models/characters/T_Superhero_Male_Normal.png.import[39m[0m
[  13% ] [90m[1msavepack[22m | Storing File: res://.godot/imported/T_Superhero_Male_Roughness.png-06aa013f2b6f72f81a96d0bd60429537.ctex[39m[0m
[  13% ] [90m[1msavepack[22m | Storing File: res://assets/models/characters/T_Superhero_Male_Roughness.png.import[39m[0m
[  13% ] [90m[1msavepack[22m | Storing File: res://.godot/imported/Witch.gltf-41b3b2da7090e41394e87f4b29c058a5.scn[39m[0m
[  13% ] [90m[1msavepack[22m | Storing File: res://assets/models/characters/Witch.gltf.import[39m[0m
[  13% ] [90m[1msavepack[22m | Storing File: res://.godot/imported/Worker.gltf-25d34230237e9d4966919261db35085e.scn[39m[0m
[  13% ] [90m[1msavepack[22m | Storing File: res://assets/models/characters/Worker.gltf.import[39m[0m
[  13% ] [90m[1msavepack[22m | Storing File: res://.godot/imported/Armor_Black.fbx-a7e6b0f2b64b73542ad7b1734c7d2cbc.scn[39m[0m
[  13% ] [90m[1msavepack[22m | Storing File: res://assets/models/items/Armor_Black.fbx.import[39m[0m
[  13% ] [90m[1msavepack[22m | Storing File: res://.godot/imported/Armor_Golden.fbx-ebb6637f4cc5298c0b23904963d1ab1b.scn[39m[0m
[  13% ] [90m[1msavepack[22m | Storing File: res://assets/models/items/Armor_Golden.fbx.import[39m[0m
[  13% ] [90m[1msavepack[22m | Storing File: res://.godot/imported/Armor_Leather.fbx-592f287bb3473b8a795aef87db1a74d1.scn[39m[0m
[  13% ] [90m[1msavepack[22m | Storing File: res://assets/models/items/Armor_Leather.fbx.import[39m[0m
[  13% ] [90m[1msavepack[22m | Storing File: res://.godot/imported/Armor_Metal2.fbx-9f9fb2e898abd0bea8509d38da278a2b.scn[39m[0m
[  13% ] [90m[1msavepack[22m | Storing File: res://assets/models/items/Armor_Metal2.fbx.import[39m[0m
[  13% ] [90m[1msavepack[22m | Storing File: res://.godot/imported/Armor_Metal.fbx-18236d93234fb2a4c922b383d04afb32.scn[39m[0m
[  13% ] [90m[1msavepack[22m | Storing File: res://assets/models/items/Armor_Metal.fbx.import[39m[0m
[  13% ] [90m[1msavepack[22m | Storing File: res://.godot/imported/Arrow.fbx-7973d36e04a6b5281fd3efde0613c591.scn[39m[0m
[  13% ] [90m[1msavepack[22m | Storing File: res://assets/models/items/Arrow.fbx.import[39m[0m
[  13% ] [90m[1msavepack[22m | Storing File: res://.godot/imported/Arrow_Golden.fbx-3565cfe7105b9333bef4b3dd56ab8f1f.scn[39m[0m
[  13% ] [90m[1msavepack[22m | Storing File: res://assets/models/items/Arrow_Golden.fbx.import[39m[0m
[  14% ] [90m[1msavepack[22m | Storing File: res://.godot/imported/Axe_Double.fbx-3bc6366f31d9e335d3a727416aefcbe8.scn[39m[0m
[  14% ] [90m[1msavepack[22m | Storing File: res://assets/models/items/Axe_Double.fbx.import[39m[0m
[  14% ] [90m[1msavepack[22m | Storing File: res://.godot/imported/Axe_Double_Golden.fbx-38c9df763ae5445dae427eb9342bdca3.scn[39m[0m
[  14% ] [90m[1msavepack[22m | Storing File: res://assets/models/items/Axe_Double_Golden.fbx.import[39m[0m
[  14% ] [90m[1msavepack[22m | Storing File: res://.godot/imported/Axe_small.fbx-8de47022d92d71899f9bf8ddcf68f6f5.scn[39m[0m
[  14% ] [90m[1msavepack[22m | Storing File: res://assets/models/items/Axe_small.fbx.import[39m[0m
[  14% ] [90m[1msavepack[22m | Storing File: res://.godot/imported/Axe_small_Golden.fbx-b6fbb29896131488d2b81853d5607bd0.scn[39m[0m
[  14% ] [90m[1msavepack[22m | Storing File: res://assets/models/items/Axe_small_Golden.fbx.import[39m[0m
[  14% ] [90m[1msavepack[22m | Storing File: res://.godot/imported/Backpack.fbx-9d7b93d2f0a103c3d1c76b648094ec54.scn[39m[0m
[  14% ] [90m[1msavepack[22m | Storing File: res://assets/models/items/Backpack.fbx.import[39m[0m
[  14% ] [90m[1msavepack[22m | Storing File: res://.godot/imported/Bag.fbx-82aaa4b5d9f6cd4f9df8f8f78ccedf97.scn[39m[0m
[  14% ] [90m[1msavepack[22m | Storing File: res://assets/models/items/Bag.fbx.import[39m[0m
[  14% ] [90m[1msavepack[22m | Storing File: res://.godot/imported/Bone.fbx-e8e6c56ddd65c589c39c8a745b162ee8.scn[39m[0m
[  14% ] [90m[1msavepack[22m | Storing File: res://assets/models/items/Bone.fbx.import[39m[0m
[  14% ] [90m[1msavepack[22m | Storing File: res://.godot/imported/Book1_Closed.fbx-12ccdb20cfd76d8b958cafc4e9537eb2.scn[39m[0m
[  14% ] [90m[1msavepack[22m | Storing File: res://assets/models/items/Book1_Closed.fbx.import[39m[0m
[  14% ] [90m[1msavepack[22m | Storing File: res://.godot/imported/Book1_Open.fbx-1a3295b6236a3e8fd4663d6ed8a28638.scn[39m[0m
[  14% ] [90m[1msavepack[22m | Storing File: res://assets/models/items/Book1_Open.fbx.import[39m[0m
[  14% ] [90m[1msavepack[22m | Storing File: res://.godot/imported/Book2_Closed.fbx-f77dc2906fc6c5f67e9469c02ab70809.scn[39m[0m
[  14% ] [90m[1msavepack[22m | Storing File: res://assets/models/items/Book2_Closed.fbx.import[39m[0m
[  14% ] [90m[1msavepack[22m | Storing File: res://.godot/imported/Book2_Open.fbx-7fcd3cef60db9b175c730616394885f0.scn[39m[0m
[  14% ] [90m[1msavepack[22m | Storing File: res://assets/models/items/Book2_Open.fbx.import[39m[0m
[  14% ] [90m[1msavepack[22m | Storing File: res://.godot/imported/Book3_Closed.fbx-6436067e795557065328fb05102d0bba.scn[39m[0m
[  14% ] [90m[1msavepack[22m | Storing File: res://assets/models/items/Book3_Closed.fbx.import[39m[0m
[  15% ] [90m[1msavepack[22m | Storing File: res://.godot/imported/Book3_Open.fbx-5d2050a36af1573e870228292de778e2.scn[39m[0m
[  15% ] [90m[1msavepack[22m | Storing File: res://assets/models/items/Book3_Open.fbx.import[39m[0m
[  15% ] [90m[1msavepack[22m | Storing File: res://.godot/imported/Book4_Closed.fbx-a0c4d3e4e17d383d42f363ea653a4bb1.scn[39m[0m
[  15% ] [90m[1msavepack[22m | Storing File: res://assets/models/items/Book4_Closed.fbx.import[39m[0m
[  15% ] [90m[1msavepack[22m | Storing File: res://.godot/imported/Book4_Open.fbx-db96e6c067817a5a08280e6e8a8a15fc.scn[39m[0m
[  15% ] [90m[1msavepack[22m | Storing File: res://assets/models/items/Book4_Open.fbx.import[39m[0m
[  15% ] [90m[1msavepack[22m | Storing File: res://.godot/imported/Bow_Golden.fbx-5eb16941ff2b30b1c3b9e8de86e92d18.scn[39m[0m
[  15% ] [90m[1msavepack[22m | Storing File: res://assets/models/items/Bow_Golden.fbx.import[39m[0m
[  15% ] [90m[1msavepack[22m | Storing File: res://.godot/imported/Bow_Wooden.fbx-fb24940cd40759f8dcd82e53b3b648aa.scn[39m[0m
[  15% ] [90m[1msavepack[22m | Storing File: res://assets/models/items/Bow_Wooden.fbx.import[39m[0m
[  15% ] [90m[1msavepack[22m | Storing File: res://.godot/imported/Chalice.fbx-af6cc97efab9234b7525afba1a4c4d60.scn[39m[0m
[  15% ] [90m[1msavepack[22m | Storing File: res://assets/models/items/Chalice.fbx.import[39m[0m
[  15% ] [90m[1msavepack[22m | Storing File: res://.godot/imported/Chest_Closed.fbx-5066649e266444fef6ae79d6f3b0ea0c.scn[39m[0m
[  15% ] [90m[1msavepack[22m | Storing File: res://assets/models/items/Chest_Closed.fbx.import[39m[0m
[  15% ] [90m[1msavepack[22m | Storing File: res://.godot/imported/Chest_Ingots.fbx-12fead663481db844cf2dfc27775a28d.scn[39m[0m
[  15% ] [90m[1msavepack[22m | Storing File: res://assets/models/items/Chest_Ingots.fbx.import[39m[0m
[  15% ] [90m[1msavepack[22m | Storing File: res://.godot/imported/Chest_Open.fbx-a1b6132ff01d812f39721af382fa6e30.scn[39m[0m
[  15% ] [90m[1msavepack[22m | Storing File: res://assets/models/items/Chest_Open.fbx.import[39m[0m
[  15% ] [90m[1msavepack[22m | Storing File: res://.godot/imported/ChickenLeg.fbx-409cecaa231d9b56dbf4c4580e886e63.scn[39m[0m
[  15% ] [90m[1msavepack[22m | Storing File: res://assets/models/items/ChickenLeg.fbx.import[39m[0m
[  15% ] [90m[1msavepack[22m | Storing File: res://.godot/imported/Coin.fbx-17ac347f6b7b2a6eba6d76c7bbeb0d5d.scn[39m[0m
[  15% ] [90m[1msavepack[22m | Storing File: res://assets/models/items/Coin.fbx.import[39m[0m
[  15% ] [90m[1msavepack[22m | Storing File: res://.godot/imported/Coin_Skull.fbx-d4b3c80f8d1aff7ae0b16760f9a7bc76.scn[39m[0m
[  15% ] [90m[1msavepack[22m | Storing File: res://assets/models/items/Coin_Skull.fbx.import[39m[0m
[  15% ] [90m[1msavepack[22m | Storing File: res://.godot/imported/Coin_Star.fbx-b5f57c78772273042b90a92925afe30c.scn[39m[0m
[  15% ] [90m[1msavepack[22m | Storing File: res://assets/models/items/Coin_Star.fbx.import[39m[0m
[  16% ] [90m[1msavepack[22m | Storing File: res://.godot/imported/Crown2.fbx-c31497dc9a884e56390d35c3f6085dcd.scn[39m[0m
[  16% ] [90m[1msavepack[22m | Storing File: res://assets/models/items/Crown2.fbx.import[39m[0m
[  16% ] [90m[1msavepack[22m | Storing File: res://.godot/imported/Crown.fbx-32bfb77a836d77c5a24d89680d2826aa.scn[39m[0m
[  16% ] [90m[1msavepack[22m | Storing File: res://assets/models/items/Crown.fbx.import[39m[0m
[  16% ] [90m[1msavepack[22m | Storing File: res://.godot/imported/Crystal1.fbx-f361c92157151bc789b282021f3e1db2.scn[39m[0m
[  16% ] [90m[1msavepack[22m | Storing File: res://assets/models/items/Crystal1.fbx.import[39m[0m
[  16% ] [90m[1msavepack[22m | Storing File: res://.godot/imported/Crystal1_Damaged.fbx-f8578e8a6471a53461dd233423ad3f67.scn[39m[0m
[  16% ] [90m[1msavepack[22m | Storing File: res://assets/models/items/Crystal1_Damaged.fbx.import[39m[0m
[  16% ] [90m[1msavepack[22m | Storing File: res://.godot/imported/Crystal2.fbx-5dcbc2ff588fa0b7f732945f5a1ea2c5.scn[39m[0m
[  16% ] [90m[1msavepack[22m | Storing File: res://assets/models/items/Crystal2.fbx.import[39m[0m
[  16% ] [90m[1msavepack[22m | Storing File: res://.godot/imported/Crystal2_Damaged.fbx-6e0a842e688efed7fc96f31765659965.scn[39m[0m
[  16% ] [90m[1msavepack[22m | Storing File: res://assets/models/items/Crystal2_Damaged.fbx.import[39m[0m
[  16% ] [90m[1msavepack[22m | Storing File: res://.godot/imported/Crystal3.fbx-86772b9c1edd09fa044d7cb1027d4a52.scn[39m[0m
[  16% ] [90m[1msavepack[22m | Storing File: res://assets/models/items/Crystal3.fbx.import[39m[0m
[  16% ] [90m[1msavepack[22m | Storing File: res://.godot/imported/Crystal3_Damaged.fbx-0f95934829ae286dc3074dc95068855c.scn[39m[0m
[  16% ] [90m[1msavepack[22m | Storing File: res://assets/models/items/Crystal3_Damaged.fbx.import[39m[0m
[  16% ] [90m[1msavepack[22m | Storing File: res://.godot/imported/Crystal4.fbx-37a60b1b3a44a84ef715b1d4b758665b.scn[39m[0m
[  16% ] [90m[1msavepack[22m | Storing File: res://assets/models/items/Crystal4.fbx.import[39m[0m
[  16% ] [90m[1msavepack[22m | Storing File: res://.godot/imported/Crystal5.fbx-3d4fff81159be4913acb04360d95c7a9.scn[39m[0m
[  16% ] [90m[1msavepack[22m | Storing File: res://assets/models/items/Crystal5.fbx.import[39m[0m
[  16% ] [90m[1msavepack[22m | Storing File: res://.godot/imported/Crystal5_Damaged.fbx-5af257050de20cdabc3e5fac10b09bc4.scn[39m[0m
[  16% ] [90m[1msavepack[22m | Storing File: res://assets/models/items/Crystal5_Damaged.fbx.import[39m[0m
[  16% ] [90m[1msavepack[22m | Storing File: res://.godot/imported/Dagger.fbx-61e1be79c8eaeed5a2aa146f17050296.scn[39m[0m
[  16% ] [90m[1msavepack[22m | Storing File: res://assets/models/items/Dagger.fbx.import[39m[0m
[  17% ] [90m[1msavepack[22m | Storing File: res://.godot/imported/Dagger_Golden.fbx-e67e0acaba16ee82d7834f70d5060873.scn[39m[0m
[  17% ] [90m[1msavepack[22m | Storing File: res://assets/models/items/Dagger_Golden.fbx.import[39m[0m
[  17% ] [90m[1msavepack[22m | Storing File: res://.godot/imported/Dart.fbx-5716447977a5e89d8c4a7bf51b94882f.scn[39m[0m
[  17% ] [90m[1msavepack[22m | Storing File: res://assets/models/items/Dart.fbx.import[39m[0m
[  17% ] [90m[1msavepack[22m | Storing File: res://.godot/imported/Dart_Golden.fbx-151e0aa59f4d45433d7551d6bd65c4cc.scn[39m[0m
[  17% ] [90m[1msavepack[22m | Storing File: res://assets/models/items/Dart_Golden.fbx.import[39m[0m
[  17% ] [90m[1msavepack[22m | Storing File: res://.godot/imported/FishBone.fbx-d6161f0b3d253d562a24afddfc6ac735.scn[39m[0m
[  17% ] [90m[1msavepack[22m | Storing File: res://assets/models/items/FishBone.fbx.import[39m[0m
[  17% ] [90m[1msavepack[22m | Storing File: res://.godot/imported/Glove.fbx-1ffa4841bc7a09e0b655d4702ea8f0c6.scn[39m[0m
[  17% ] [90m[1msavepack[22m | Storing File: res://assets/models/items/Glove.fbx.import[39m[0m
[  17% ] [90m[1msavepack[22m | Storing File: res://.godot/imported/Gold_Ingots.fbx-af1ceb5c6acce97251fbac1dee757193.scn[39m[0m
[  17% ] [90m[1msavepack[22m | Storing File: res://assets/models/items/Gold_Ingots.fbx.import[39m[0m
[  17% ] [90m[1msavepack[22m | Storing File: res://.godot/imported/Hammer_Double.fbx-19792d7738839b3709c0fdfc52864ad5.scn[39m[0m
[  17% ] [90m[1msavepack[22m | Storing File: res://assets/models/items/Hammer_Double.fbx.import[39m[0m
[  17% ] [90m[1msavepack[22m | Storing File: res://.godot/imported/Hammer_Double_Golden.fbx-595de6ec34f5271a72071e200d290aa8.scn[39m[0m
[  17% ] [90m[1msavepack[22m | Storing File: res://assets/models/items/Hammer_Double_Golden.fbx.import[39m[0m
[  17% ] [90m[1msavepack[22m | Storing File: res://.godot/imported/Heart.fbx-e96fa74e336d6f14cf4a1bd470394366.scn[39m[0m
[  17% ] [90m[1msavepack[22m | Storing File: res://assets/models/items/Heart.fbx.import[39m[0m
[  17% ] [90m[1msavepack[22m | Storing File: res://.godot/imported/Heart_Broken.fbx-3cbe7e0ae0474f844011539b8303e60c.scn[39m[0m
[  17% ] [90m[1msavepack[22m | Storing File: res://assets/models/items/Heart_Broken.fbx.import[39m[0m
[  17% ] [90m[1msavepack[22m | Storing File: res://.godot/imported/Heart_Half.fbx-fbe414815b898edd1acad048ad5164b8.scn[39m[0m
[  17% ] [90m[1msavepack[22m | Storing File: res://assets/models/items/Heart_Half.fbx.import[39m[0m
[  17% ] [90m[1msavepack[22m | Storing File: res://.godot/imported/Key1.fbx-bdc634ac9919d732347a51797a489ac0.scn[39m[0m
[  17% ] [90m[1msavepack[22m | Storing File: res://assets/models/items/Key1.fbx.import[39m[0m
[  18% ] [90m[1msavepack[22m | Storing File: res://.godot/imported/Key2.fbx-ac324e49cee40b44b471970a6404d36b.scn[39m[0m
[  18% ] [90m[1msavepack[22m | Storing File: res://assets/models/items/Key2.fbx.import[39m[0m
[  18% ] [90m[1msavepack[22m | Storing File: res://.godot/imported/Key3.fbx-7608c6497c6b82f98b5c6c3a1616d4dc.scn[39m[0m
[  18% ] [90m[1msavepack[22m | Storing File: res://assets/models/items/Key3.fbx.import[39m[0m
[  18% ] [90m[1msavepack[22m | Storing File: res://.godot/imported/Key4.fbx-f4c33eb0ab942a53f5a67719bfcba743.scn[39m[0m
[  18% ] [90m[1msavepack[22m | Storing File: res://assets/models/items/Key4.fbx.import[39m[0m
[  18% ] [90m[1msavepack[22m | Storing File: res://.godot/imported/Mineral.fbx-f6e235d476a6f051f2c46531422513a4.scn[39m[0m
[  18% ] [90m[1msavepack[22m | Storing File: res://assets/models/items/Mineral.fbx.import[39m[0m
[  18% ] [90m[1msavepack[22m | Storing File: res://.godot/imported/Necklace1.fbx-e2036a2c28f2b2d38e92e67bdabf9dca.scn[39m[0m
[  18% ] [90m[1msavepack[22m | Storing File: res://assets/models/items/Necklace1.fbx.import[39m[0m
[  18% ] [90m[1msavepack[22m | Storing File: res://.godot/imported/Necklace2.fbx-4a52bb04ad615f4b1e09b255a35b1252.scn[39m[0m
[  18% ] [90m[1msavepack[22m | Storing File: res://assets/models/items/Necklace2.fbx.import[39m[0m
[  18% ] [90m[1msavepack[22m | Storing File: res://.godot/imported/Necklace3.fbx-6b6e6b27837a5b520698641c0358fa2e.scn[39m[0m
[  18% ] [90m[1msavepack[22m | Storing File: res://assets/models/items/Necklace3.fbx.import[39m[0m
[  18% ] [90m[1msavepack[22m | Storing File: res://.godot/imported/Padlock.fbx-9878b70b1f847931b2e3f2cc1e73d947.scn[39m[0m
[  18% ] [90m[1msavepack[22m | Storing File: res://assets/models/items/Padlock.fbx.import[39m[0m
[  18% ] [90m[1msavepack[22m | Storing File: res://.godot/imported/Parchment.fbx-2226d967d87787893de3468485497309.scn[39m[0m
[  18% ] [90m[1msavepack[22m | Storing File: res://assets/models/items/Parchment.fbx.import[39m[0m
[  18% ] [90m[1msavepack[22m | Storing File: res://.godot/imported/Potion1_Empty.fbx-ff018705fdff07006bb948f0568dff35.scn[39m[0m
[  18% ] [90m[1msavepack[22m | Storing File: res://assets/models/items/Potion1_Empty.fbx.import[39m[0m
[  18% ] [90m[1msavepack[22m | Storing File: res://.godot/imported/Potion1_Filled.fbx-55f4975a736aa2fb65f76cb0cfa8aa93.scn[39m[0m
[  18% ] [90m[1msavepack[22m | Storing File: res://assets/models/items/Potion1_Filled.fbx.import[39m[0m
[  18% ] [90m[1msavepack[22m | Storing File: res://.godot/imported/Potion2_Empty.fbx-6a7e08bee6b8e32c5e594633dabc5800.scn[39m[0m
[  18% ] [90m[1msavepack[22m | Storing File: res://assets/models/items/Potion2_Empty.fbx.import[39m[0m
[  18% ] [90m[1msavepack[22m | Storing File: res://.godot/imported/Potion2_Filled.fbx-c8f6b0ab514fe2b080323af3063a5bb3.scn[39m[0m
[  18% ] [90m[1msavepack[22m | Storing File: res://assets/models/items/Potion2_Filled.fbx.import[39m[0m
[  19% ] [90m[1msavepack[22m | Storing File: res://.godot/imported/Potion3_Empty.fbx-8111d49e1855c87565a073f9ed77cbfb.scn[39m[0m
[  19% ] [90m[1msavepack[22m | Storing File: res://assets/models/items/Potion3_Empty.fbx.import[39m[0m
[  19% ] [90m[1msavepack[22m | Storing File: res://.godot/imported/Potion3_Filled.fbx-a2353faf305aa44aca5b9267c6def806.scn[39m[0m
[  19% ] [90m[1msavepack[22m | Storing File: res://assets/models/items/Potion3_Filled.fbx.import[39m[0m
[  19% ] [90m[1msavepack[22m | Storing File: res://.godot/imported/Potion4_Empty.fbx-c8a7dc8dda35e82f3e38e636c021fdf8.scn[39m[0m
[  19% ] [90m[1msavepack[22m | Storing File: res://assets/models/items/Potion4_Empty.fbx.import[39m[0m
[  19% ] [90m[1msavepack[22m | Storing File: res://.godot/imported/Potion4_Filled.fbx-c012fa84ca9f085b9079333943e92715.scn[39m[0m
[  19% ] [90m[1msavepack[22m | Storing File: res://assets/models/items/Potion4_Filled.fbx.import[39m[0m
[  19% ] [90m[1msavepack[22m | Storing File: res://.godot/imported/Potion5_Empty.fbx-742c6cb161a93ef19dc42e3dbbf7fc08.scn[39m[0m
[  19% ] [90m[1msavepack[22m | Storing File: res://assets/models/items/Potion5_Empty.fbx.import[39m[0m
[  19% ] [90m[1msavepack[22m | Storing File: res://.godot/imported/Potion5_Filled.fbx-ed6a188f28958daa4a53f0a40d8667d9.scn[39m[0m
[  19% ] [90m[1msavepack[22m | Storing File: res://assets/models/items/Potion5_Filled.fbx.import[39m[0m
[  19% ] [90m[1msavepack[22m | Storing File: res://.godot/imported/Potion6_Empty.fbx-e4a868c50bc8c408b2557401ee7a8017.scn[39m[0m
[  19% ] [90m[1msavepack[22m | Storing File: res://assets/models/items/Potion6_Empty.fbx.import[39m[0m
[  19% ] [90m[1msavepack[22m | Storing File: res://.godot/imported/Potion6_Filled.fbx-742c90abf0256a111d8fd98e7ba14be9.scn[39m[0m
[  19% ] [90m[1msavepack[22m | Storing File: res://assets/models/items/Potion6_Filled.fbx.import[39m[0m
[  19% ] [90m[1msavepack[22m | Storing File: res://.godot/imported/Potion7_Empty.fbx-4cf0136d884d5613786022f44d01cc53.scn[39m[0m
[  19% ] [90m[1msavepack[22m | Storing File: res://assets/models/items/Potion7_Empty.fbx.import[39m[0m
[  19% ] [90m[1msavepack[22m | Storing File: res://.godot/imported/Potion7_Filled.fbx-6a655b0faa61eb362349d4e4d57c1921.scn[39m[0m
[  19% ] [90m[1msavepack[22m | Storing File: res://assets/models/items/Potion7_Filled.fbx.import[39m[0m
[  19% ] [90m[1msavepack[22m | Storing File: res://.godot/imported/Potion8_Empty.fbx-2e018a2f98127d2cf340ec2e4fff888d.scn[39m[0m
[  19% ] [90m[1msavepack[22m | Storing File: res://assets/models/items/Potion8_Empty.fbx.import[39m[0m
[  19% ] [90m[1msavepack[22m | Storing File: res://.godot/imported/Potion8_Filled.fbx-342ab91490c21d88defb4b04185bb8ff.scn[39m[0m
[  19% ] [90m[1msavepack[22m | Storing File: res://assets/models/items/Potion8_Filled.fbx.import[39m[0m
[  20% ] [90m[1msavepack[22m | Storing File: res://.godot/imported/Potion9_Empty.fbx-7e96811c3576ed842e586cdb96ec5aab.scn[39m[0m
[  20% ] [90m[1msavepack[22m | Storing File: res://assets/models/items/Potion9_Empty.fbx.import[39m[0m
[  20% ] [90m[1msavepack[22m | Storing File: res://.godot/imported/Potion9_Filled.fbx-d9e1f66c06159caa5c6a230f734acf54.scn[39m[0m
[  20% ] [90m[1msavepack[22m | Storing File: res://assets/models/items/Potion9_Filled.fbx.import[39m[0m
[  20% ] [90m[1msavepack[22m | Storing File: res://.godot/imported/Potion10_Empty.fbx-6aa874a5cf6715b879bccd567e7a02e5.scn[39m[0m
[  20% ] [90m[1msavepack[22m | Storing File: res://assets/models/items/Potion10_Empty.fbx.import[39m[0m
[  20% ] [90m[1msavepack[22m | Storing File: res://.godot/imported/Potion10_Filled.fbx-b6b3eca2e2b960c50e5d9dfb7ed6906d.scn[39m[0m
[  20% ] [90m[1msavepack[22m | Storing File: res://assets/models/items/Potion10_Filled.fbx.import[39m[0m
[  20% ] [90m[1msavepack[22m | Storing File: res://.godot/imported/Potion11_Empty.fbx-a6c61ce62645866ce288dc3ef250aebb.scn[39m[0m
[  20% ] [90m[1msavepack[22m | Storing File: res://assets/models/items/Potion11_Empty.fbx.import[39m[0m
[  20% ] [90m[1msavepack[22m | Storing File: res://.godot/imported/Potion11_Filled.fbx-f6aa3a885a66381be350ec75f3b0caf6.scn[39m[0m
[  20% ] [90m[1msavepack[22m | Storing File: res://assets/models/items/Potion11_Filled.fbx.import[39m[0m
[  20% ] [90m[1msavepack[22m | Storing File: res://.godot/imported/Pouch.fbx-deb4119eed345f33c2fd0d89419af4a9.scn[39m[0m
[  20% ] [90m[1msavepack[22m | Storing File: res://assets/models/items/Pouch.fbx.import[39m[0m
[  20% ] [90m[1msavepack[22m | Storing File: res://.godot/imported/Ring1.fbx-161cc3d45343e1dc883e6957df8878d0.scn[39m[0m
[  20% ] [90m[1msavepack[22m | Storing File: res://assets/models/items/Ring1.fbx.import[39m[0m
[  20% ] [90m[1msavepack[22m | Storing File: res://.godot/imported/Ring2.fbx-8535578a48d369f2b78160a4bbef4f26.scn[39m[0m
[  20% ] [90m[1msavepack[22m | Storing File: res://assets/models/items/Ring2.fbx.import[39m[0m
[  20% ] [90m[1msavepack[22m | Storing File: res://.godot/imported/Ring3.fbx-11f57ee5cbe3fa4b5dc506565524e911.scn[39m[0m
[  20% ] [90m[1msavepack[22m | Storing File: res://assets/models/items/Ring3.fbx.import[39m[0m
[  20% ] [90m[1msavepack[22m | Storing File: res://.godot/imported/Ring4.fbx-551789a708e023bc5719e3016ad176ca.scn[39m[0m
[  20% ] [90m[1msavepack[22m | Storing File: res://assets/models/items/Ring4.fbx.import[39m[0m
[  20% ] [90m[1msavepack[22m | Storing File: res://.godot/imported/Ring5.fbx-cfb7da1fa9372a7bd15d9dcb8dc5c480.scn[39m[0m
[  20% ] [90m[1msavepack[22m | Storing File: res://assets/models/items/Ring5.fbx.import[39m[0m
[  20% ] [90m[1msavepack[22m | Storing File: res://.godot/imported/Ring6.fbx-9b1a886155082cec8ab4f659f78e993d.scn[39m[0m
[  20% ] [90m[1msavepack[22m | Storing File: res://assets/models/items/Ring6.fbx.import[39m[0m
[  21% ] [90m[1msavepack[22m | Storing File: res://.godot/imported/Ring7.fbx-94a1c4b25836abb6a7dcb4f7edeb17e8.scn[39m[0m
[  21% ] [90m[1msavepack[22m | Storing File: res://assets/models/items/Ring7.fbx.import[39m[0m
[  21% ] [90m[1msavepack[22m | Storing File: res://.godot/imported/Scroll.fbx-4c7947e5b3c9521bddb9588f896a1022.scn[39m[0m
[  21% ] [90m[1msavepack[22m | Storing File: res://assets/models/items/Scroll.fbx.import[39m[0m
[  21% ] [90m[1msavepack[22m | Storing File: res://.godot/imported/Skull2.fbx-25a496fa5692044666ed2ca5b0bceafc.scn[39m[0m
[  21% ] [90m[1msavepack[22m | Storing File: res://assets/models/items/Skull2.fbx.import[39m[0m
[  21% ] [90m[1msavepack[22m | Storing File: res://.godot/imported/Skull.fbx-55a05c2ee3f1f196bb5b4c85fa899a99.scn[39m[0m
[  21% ] [90m[1msavepack[22m | Storing File: res://assets/models/items/Skull.fbx.import[39m[0m
[  21% ] [90m[1msavepack[22m | Storing File: res://.godot/imported/Snowflake1.fbx-6151a602ead999be2f770f62d8206c83.scn[39m[0m
[  21% ] [90m[1msavepack[22m | Storing File: res://assets/models/items/Snowflake1.fbx.import[39m[0m
[  21% ] [90m[1msavepack[22m | Storing File: res://.godot/imported/Snowflake2.fbx-cc4ec428102fdb191372dc036ed5093e.scn[39m[0m
[  21% ] [90m[1msavepack[22m | Storing File: res://assets/models/items/Snowflake2.fbx.import[39m[0m
[  21% ] [90m[1msavepack[22m | Storing File: res://.godot/imported/Snowflake3.fbx-59ed1ac70a5e65203d91a3ce28f05751.scn[39m[0m
[  21% ] [90m[1msavepack[22m | Storing File: res://assets/models/items/Snowflake3.fbx.import[39m[0m
[  21% ] [90m[1msavepack[22m | Storing File: res://.godot/imported/Star.fbx-590d9e391e24685a59226fbdda1f8ee9.scn[39m[0m
[  21% ] [90m[1msavepack[22m | Storing File: res://assets/models/items/Star.fbx.import[39m[0m
[  21% ] [90m[1msavepack[22m | Storing File: res://.godot/imported/Sword.fbx-59a8d1a36b5d637039614ef6c9b1b986.scn[39m[0m
[  21% ] [90m[1msavepack[22m | Storing File: res://assets/models/items/Sword.fbx.import[39m[0m
[  21% ] [90m[1msavepack[22m | Storing File: res://.godot/imported/Sword_big.fbx-0cc636097230e12c35977b2fa9406faa.scn[39m[0m
[  21% ] [90m[1msavepack[22m | Storing File: res://assets/models/items/Sword_big.fbx.import[39m[0m
[  21% ] [90m[1msavepack[22m | Storing File: res://.godot/imported/Sword_big_Golden.fbx-cf03dcc8512398a828e906ada5976f78.scn[39m[0m
[  21% ] [90m[1msavepack[22m | Storing File: res://assets/models/items/Sword_big_Golden.fbx.import[39m[0m
[  21% ] [90m[1msavepack[22m | Storing File: res://.godot/imported/Sword_Golden.fbx-ab6055753b549ee95874a9662ef086d4.scn[39m[0m
[  21% ] [90m[1msavepack[22m | Storing File: res://assets/models/items/Sword_Golden.fbx.import[39m[0m
[  22% ] [90m[1msavepack[22m | Storing File: res://.godot/imported/Imp.fbx-97c82a7db879feb2288fa84085c330af.scn[39m[0m
[  22% ] [90m[1msavepack[22m | Storing File: res://assets/models/monsters/bestiary/Imp.fbx.import[39m[0m
[  22% ] [90m[1msavepack[22m | Storing File: res://.godot/imported/Imp.glb-e0ef45f60b0a37d1d9db37b51e470471.scn[39m[0m
[  22% ] [90m[1msavepack[22m | Storing File: res://assets/models/monsters/bestiary/Imp.glb.import[39m[0m
[  22% ] [90m[1msavepack[22m | Storing File: res://.godot/imported/Imp_T_Imp_BaseColor_1.png-8c8950077c5bc41663284e5443242362.ctex[39m[0m
[  22% ] [90m[1msavepack[22m | Storing File: res://assets/models/monsters/bestiary/Imp_T_Imp_BaseColor_1.png.import[39m[0m
[  22% ] [90m[1msavepack[22m | Storing File: res://.godot/imported/Imp_T_Imp_Emissive.png-ebfd2fbddef9aeb1ea8a7256a71f8b67.ctex[39m[0m
[  22% ] [90m[1msavepack[22m | Storing File: res://assets/models/monsters/bestiary/Imp_T_Imp_Emissive.png.import[39m[0m
[  22% ] [90m[1msavepack[22m | Storing File: res://.godot/imported/Imp_T_Imp_Normal.png-60496676a0807b2026f2ce6dca81a5a7.ctex[39m[0m
[  22% ] [90m[1msavepack[22m | Storing File: res://assets/models/monsters/bestiary/Imp_T_Imp_Normal.png.import[39m[0m
[  22% ] [90m[1msavepack[22m | Storing File: res://.godot/imported/Imp_T_Imp_ORM.png-dc84f28a372118a3d4c62f5841bf3432.ctex[39m[0m
[  22% ] [90m[1msavepack[22m | Storing File: res://assets/models/monsters/bestiary/Imp_T_Imp_ORM.png.import[39m[0m
[  22% ] [90m[1msavepack[22m | Storing File: res://.godot/imported/Puglin.fbx-161ef7fef6ec881717162b49e123c964.scn[39m[0m
[  22% ] [90m[1msavepack[22m | Storing File: res://assets/models/monsters/bestiary/Puglin.fbx.import[39m[0m
[  22% ] [90m[1msavepack[22m | Storing File: res://.godot/imported/Puglin.glb-4faefda5edfb17065e2c547102668cfd.scn[39m[0m
[  22% ] [90m[1msavepack[22m | Storing File: res://assets/models/monsters/bestiary/Puglin.glb.import[39m[0m
[  22% ] [90m[1msavepack[22m | Storing File: res://.godot/imported/Puglin_T_Puglin_BaseColor_1.png-fbb13e7dbd5cd80c3a4c75f8224f0721.ctex[39m[0m
[  22% ] [90m[1msavepack[22m | Storing File: res://assets/models/monsters/bestiary/Puglin_T_Puglin_BaseColor_1.png.import[39m[0m
[  22% ] [90m[1msavepack[22m | Storing File: res://.godot/imported/Puglin_T_Puglin_Emissive.png-9e52e24caa5d4041c85f6ef9e224178f.ctex[39m[0m
[  22% ] [90m[1msavepack[22m | Storing File: res://assets/models/monsters/bestiary/Puglin_T_Puglin_Emissive.png.import[39m[0m
[  22% ] [90m[1msavepack[22m | Storing File: res://.godot/imported/Puglin_T_Puglin_Normal.png-9000351c420f519b181a39d72acf8767.ctex[39m[0m
[  22% ] [90m[1msavepack[22m | Storing File: res://assets/models/monsters/bestiary/Puglin_T_Puglin_Normal.png.import[39m[0m
[  22% ] [90m[1msavepack[22m | Storing File: res://.godot/imported/Puglin_T_Puglin_ORM.png-e0125fefc33d97715a116b6dffaa12a7.ctex[39m[0m
[  22% ] [90m[1msavepack[22m | Storing File: res://assets/models/monsters/bestiary/Puglin_T_Puglin_ORM.png.import[39m[0m
[  22% ] [90m[1msavepack[22m | Storing File: res://.godot/imported/T_Imp_BaseColor_1.png-10ce18f58befca1d8184f3b6be609241.ctex[39m[0m
[  22% ] [90m[1msavepack[22m | Storing File: res://assets/models/monsters/bestiary/T_Imp_BaseColor_1.png.import[39m[0m
[  23% ] [90m[1msavepack[22m | Storing File: res://.godot/imported/T_Imp_BaseColor_2.png-aaaa098a6d6a025065dd9ee3bc05e79c.ctex[39m[0m
[  23% ] [90m[1msavepack[22m | Storing File: res://assets/models/monsters/bestiary/T_Imp_BaseColor_2.png.import[39m[0m
[  23% ] [90m[1msavepack[22m | Storing File: res://.godot/imported/T_Imp_BaseColor_3.png-63ea7bdf93d07ce50e7c29960c8de61a.ctex[39m[0m
[  23% ] [90m[1msavepack[22m | Storing File: res://assets/models/monsters/bestiary/T_Imp_BaseColor_3.png.import[39m[0m
[  23% ] [90m[1msavepack[22m | Storing File: res://.godot/imported/T_Imp_Emissive.png-8a914a725e2aece7fa6f85b9f370c22f.ctex[39m[0m
[  23% ] [90m[1msavepack[22m | Storing File: res://assets/models/monsters/bestiary/T_Imp_Emissive.png.import[39m[0m
[  23% ] [90m[1msavepack[22m | Storing File: res://.godot/imported/T_Imp_Normal.png-6c72efbcc724e0d936374cd0d5e0fd2c.ctex[39m[0m
[  23% ] [90m[1msavepack[22m | Storing File: res://assets/models/monsters/bestiary/T_Imp_Normal.png.import[39m[0m
[  23% ] [90m[1msavepack[22m | Storing File: res://.godot/imported/T_Imp_ORM.png-5de3e1f1d0b906441d0c571ddb6113ca.ctex[39m[0m
[  23% ] [90m[1msavepack[22m | Storing File: res://assets/models/monsters/bestiary/T_Imp_ORM.png.import[39m[0m
[  23% ] [90m[1msavepack[22m | Storing File: res://.godot/imported/T_Puglin_BaseColor_1.png-4d90ce062788d852fdc573d83cb414d1.ctex[39m[0m
[  23% ] [90m[1msavepack[22m | Storing File: res://assets/models/monsters/bestiary/T_Puglin_BaseColor_1.png.import[39m[0m
[  23% ] [90m[1msavepack[22m | Storing File: res://.godot/imported/T_Puglin_BaseColor_2.png-5c598607c298462b728bc94f7f2573d4.ctex[39m[0m
[  23% ] [90m[1msavepack[22m | Storing File: res://assets/models/monsters/bestiary/T_Puglin_BaseColor_2.png.import[39m[0m
[  23% ] [90m[1msavepack[22m | Storing File: res://.godot/imported/T_Puglin_BaseColor_3.png-219412d616dfc045616f964e01af29f7.ctex[39m[0m
[  23% ] [90m[1msavepack[22m | Storing File: res://assets/models/monsters/bestiary/T_Puglin_BaseColor_3.png.import[39m[0m
[  23% ] [90m[1msavepack[22m | Storing File: res://.godot/imported/T_Puglin_Emissive.png-1e7c9f8ce7169c38de55d822c6be830b.ctex[39m[0m
[  23% ] [90m[1msavepack[22m | Storing File: res://assets/models/monsters/bestiary/T_Puglin_Emissive.png.import[39m[0m
[  23% ] [90m[1msavepack[22m | Storing File: res://.godot/imported/T_Puglin_Normal.png-c028189706890d6e11850ea5f1b9f8c0.ctex[39m[0m
[  23% ] [90m[1msavepack[22m | Storing File: res://assets/models/monsters/bestiary/T_Puglin_Normal.png.import[39m[0m
[  23% ] [90m[1msavepack[22m | Storing File: res://.godot/imported/T_Puglin_ORM.png-5d62bec40c787c89929b41689d2f6833.ctex[39m[0m
[  23% ] [90m[1msavepack[22m | Storing File: res://assets/models/monsters/bestiary/T_Puglin_ORM.png.import[39m[0m
[  23% ] [90m[1msavepack[22m | Storing File: res://.godot/imported/Frog.fbx-f50297a36dc74ff436cba983ae32a532.scn[39m[0m
[  23% ] [90m[1msavepack[22m | Storing File: res://assets/models/monsters/enemies/Frog.fbx.import[39m[0m
[  24% ] [90m[1msavepack[22m | Storing File: res://.godot/imported/Rat.fbx-711ead37e133d726648ca691af1dae9b.scn[39m[0m
[  24% ] [90m[1msavepack[22m | Storing File: res://assets/models/monsters/enemies/Rat.fbx.import[39m[0m
[  24% ] [90m[1msavepack[22m | Storing File: res://.godot/imported/Snake.fbx-44d80434ea323883ed0e7d7c78a7757a.scn[39m[0m
[  24% ] [90m[1msavepack[22m | Storing File: res://assets/models/monsters/enemies/Snake.fbx.import[39m[0m
[  24% ] [90m[1msavepack[22m | Storing File: res://.godot/imported/Snake_angry.fbx-4236df3fa582dae4cb100540701823bc.scn[39m[0m
[  24% ] [90m[1msavepack[22m | Storing File: res://assets/models/monsters/enemies/Snake_angry.fbx.import[39m[0m
[  24% ] [90m[1msavepack[22m | Storing File: res://.godot/imported/Spider.fbx-e4eaa8e23bef74d757884b2e8e5a50e4.scn[39m[0m
[  24% ] [90m[1msavepack[22m | Storing File: res://assets/models/monsters/enemies/Spider.fbx.import[39m[0m
[  24% ] [90m[1msavepack[22m | Storing File: res://.godot/imported/Wasp.fbx-4d4d5ee42339266e6d9e0cb1ad2ac71b.scn[39m[0m
[  24% ] [90m[1msavepack[22m | Storing File: res://assets/models/monsters/enemies/Wasp.fbx.import[39m[0m
[  24% ] [90m[1msavepack[22m | Storing File: res://.godot/imported/Anvil.fbx-ec2c6579c46cd896e96e01b9a4f06216.scn[39m[0m
[  24% ] [90m[1msavepack[22m | Storing File: res://assets/models/props/Anvil.fbx.import[39m[0m
[  24% ] [90m[1msavepack[22m | Storing File: res://.godot/imported/Anvil.gltf-17b9c6d7b92cb85fb7d06ce0c085d7bb.scn[39m[0m
[  24% ] [90m[1msavepack[22m | Storing File: res://assets/models/props/Anvil.gltf.import[39m[0m
[  24% ] [90m[1msavepack[22m | Storing File: res://.godot/imported/Anvil_Log.fbx-9062385e4db62ae1f752ca79c2f5ccb7.scn[39m[0m
[  24% ] [90m[1msavepack[22m | Storing File: res://assets/models/props/Anvil_Log.fbx.import[39m[0m
[  24% ] [90m[1msavepack[22m | Storing File: res://.godot/imported/Anvil_Log.gltf-941fbb07cc33f1264c8f60ccd575ffea.scn[39m[0m
[  24% ] [90m[1msavepack[22m | Storing File: res://assets/models/props/Anvil_Log.gltf.import[39m[0m
[  24% ] [90m[1msavepack[22m | Storing File: res://.godot/imported/arch.gltf-3f9d98e4e2bf28dc1d9af0a943cf7541.scn[39m[0m
[  24% ] [90m[1msavepack[22m | Storing File: res://assets/models/props/arch.gltf.import[39m[0m
[  24% ] [90m[1msavepack[22m | Storing File: res://.godot/imported/arch_gate.gltf-09979b02739e9d6d2100dcefe94ec4b8.scn[39m[0m
[  24% ] [90m[1msavepack[22m | Storing File: res://assets/models/props/arch_gate.gltf.import[39m[0m
[  24% ] [90m[1msavepack[22m | Storing File: res://.godot/imported/Axe_Bronze.fbx-081aeb25bf9040f07a699376a536d8fc.scn[39m[0m
[  24% ] [90m[1msavepack[22m | Storing File: res://assets/models/props/Axe_Bronze.fbx.import[39m[0m
[  24% ] [90m[1msavepack[22m | Storing File: res://.godot/imported/Axe_Bronze.gltf-07d1749296d65e543d7743fe8878301b.scn[39m[0m
[  24% ] [90m[1msavepack[22m | Storing File: res://assets/models/props/Axe_Bronze.gltf.import[39m[0m
[  25% ] [90m[1msavepack[22m | Storing File: res://.godot/imported/Bag.fbx-ef067b3178c90610974dc1cfdcc97c62.scn[39m[0m
[  25% ] [90m[1msavepack[22m | Storing File: res://assets/models/props/Bag.fbx.import[39m[0m
[  25% ] [90m[1msavepack[22m | Storing File: res://.godot/imported/Bag.gltf-7a7037805ac2c82a2b8867e682e8fa9e.scn[39m[0m
[  25% ] [90m[1msavepack[22m | Storing File: res://assets/models/props/Bag.gltf.import[39m[0m
[  25% ] [90m[1msavepack[22m | Storing File: res://.godot/imported/Banner_1.fbx-939fec543d988864d7898dd3f7dc8941.scn[39m[0m
[  25% ] [90m[1msavepack[22m | Storing File: res://assets/models/props/Banner_1.fbx.import[39m[0m
[  25% ] [90m[1msavepack[22m | Storing File: res://.godot/imported/Banner_1.gltf-a31c9033a78a7f623a100790d11bdbe1.scn[39m[0m
[  25% ] [90m[1msavepack[22m | Storing File: res://assets/models/props/Banner_1.gltf.import[39m[0m
[  25% ] [90m[1msavepack[22m | Storing File: res://.godot/imported/Banner_1_Cloth.fbx-37daa9fc10456adc8e252028bd33446a.scn[39m[0m
[  25% ] [90m[1msavepack[22m | Storing File: res://assets/models/props/Banner_1_Cloth.fbx.import[39m[0m
[  25% ] [90m[1msavepack[22m | Storing File: res://.godot/imported/Banner_1_Cloth.gltf-8ebde267dcce31d6e1fbcaa8f9ec90be.scn[39m[0m
[  25% ] [90m[1msavepack[22m | Storing File: res://assets/models/props/Banner_1_Cloth.gltf.import[39m[0m
[  25% ] [90m[1msavepack[22m | Storing File: res://.godot/imported/Banner_2.fbx-29e315e8e0ea674a28194a07cad8fd69.scn[39m[0m
[  25% ] [90m[1msavepack[22m | Storing File: res://assets/models/props/Banner_2.fbx.import[39m[0m
[  25% ] [90m[1msavepack[22m | Storing File: res://.godot/imported/Banner_2.gltf-913fafae18b778efcd97ecbd8ce3918e.scn[39m[0m
[  25% ] [90m[1msavepack[22m | Storing File: res://assets/models/props/Banner_2.gltf.import[39m[0m
[  25% ] [90m[1msavepack[22m | Storing File: res://.godot/imported/Banner_2_Cloth.fbx-5093ae4b14bb5bbf88712bde56c5f99a.scn[39m[0m
[  25% ] [90m[1msavepack[22m | Storing File: res://assets/models/props/Banner_2_Cloth.fbx.import[39m[0m
[  25% ] [90m[1msavepack[22m | Storing File: res://.godot/imported/Banner_2_Cloth.gltf-2c065c5a66ad2c8804dc262a8a338c2c.scn[39m[0m
[  25% ] [90m[1msavepack[22m | Storing File: res://assets/models/props/Banner_2_Cloth.gltf.import[39m[0m
[  25% ] [90m[1msavepack[22m | Storing File: res://.godot/imported/Barrel.fbx-6535acbe37b64f2dff058336ec751acb.scn[39m[0m
[  25% ] [90m[1msavepack[22m | Storing File: res://assets/models/props/Barrel.fbx.import[39m[0m
[  25% ] [90m[1msavepack[22m | Storing File: res://.godot/imported/Barrel.gltf-f955cba997cb02c8ec803d5e0d25fe1c.scn[39m[0m
[  25% ] [90m[1msavepack[22m | Storing File: res://assets/models/props/Barrel.gltf.import[39m[0m
[  26% ] [90m[1msavepack[22m | Storing File: res://.godot/imported/Barrel_Apples.fbx-b082d52208875dd0b4c48fa15ece8ef4.scn[39m[0m
[  26% ] [90m[1msavepack[22m | Storing File: res://assets/models/props/Barrel_Apples.fbx.import[39m[0m
[  26% ] [90m[1msavepack[22m | Storing File: res://.godot/imported/Barrel_Apples.gltf-e60e6ac0b8e1543ef41051b50fdff331.scn[39m[0m
[  26% ] [90m[1msavepack[22m | Storing File: res://assets/models/props/Barrel_Apples.gltf.import[39m[0m
[  26% ] [90m[1msavepack[22m | Storing File: res://.godot/imported/Barrel_Holder.fbx-0617b68b2891feda7065152edf3fadee.scn[39m[0m
[  26% ] [90m[1msavepack[22m | Storing File: res://assets/models/props/Barrel_Holder.fbx.import[39m[0m
[  26% ] [90m[1msavepack[22m | Storing File: res://.godot/imported/Barrel_Holder.gltf-c5f075b95c60d9aa0fed74362427fa90.scn[39m[0m
[  26% ] [90m[1msavepack[22m | Storing File: res://assets/models/props/Barrel_Holder.gltf.import[39m[0m
[  26% ] [90m[1msavepack[22m | Storing File: res://.godot/imported/Bed_Twin1.fbx-f22bee7c1df7c0c25d94477f97f8bc86.scn[39m[0m
[  26% ] [90m[1msavepack[22m | Storing File: res://assets/models/props/Bed_Twin1.fbx.import[39m[0m
[  26% ] [90m[1msavepack[22m | Storing File: res://.godot/imported/Bed_Twin1.gltf-8332fc6760cfaeace08d63cfe22d0501.scn[39m[0m
[  26% ] [90m[1msavepack[22m | Storing File: res://assets/models/props/Bed_Twin1.gltf.import[39m[0m
[  26% ] [90m[1msavepack[22m | Storing File: res://.godot/imported/Bed_Twin2.fbx-1839e0c5c209fcecf05a74b6611ca7a2.scn[39m[0m
[  26% ] [90m[1msavepack[22m | Storing File: res://assets/models/props/Bed_Twin2.fbx.import[39m[0m
[  26% ] [90m[1msavepack[22m | Storing File: res://.godot/imported/Bed_Twin2.gltf-aa0cac452c01df40be1125625d9db4f6.scn[39m[0m
[  26% ] [90m[1msavepack[22m | Storing File: res://assets/models/props/Bed_Twin2.gltf.import[39m[0m
[  26% ] [90m[1msavepack[22m | Storing File: res://.godot/imported/Bench.fbx-9e754400bc54a8914311feb9e9e1797c.scn[39m[0m
[  26% ] [90m[1msavepack[22m | Storing File: res://assets/models/props/Bench.fbx.import[39m[0m
[  26% ] [90m[1msavepack[22m | Storing File: res://.godot/imported/bench.gltf-993c363acd92f38a3455a2cac50c92da.scn[39m[0m
[  26% ] [90m[1msavepack[22m | Storing File: res://assets/models/props/bench.gltf.import[39m[0m
[  26% ] [90m[1msavepack[22m | Storing File: res://.godot/imported/bench_decorated.gltf-fea27e563e74cd1ad18e2f62071d404b.scn[39m[0m
[  26% ] [90m[1msavepack[22m | Storing File: res://assets/models/props/bench_decorated.gltf.import[39m[0m
[  26% ] [90m[1msavepack[22m | Storing File: res://.godot/imported/bone_A.gltf-61e350e49da210530a0e8cf3532f9896.scn[39m[0m
[  26% ] [90m[1msavepack[22m | Storing File: res://assets/models/props/bone_A.gltf.import[39m[0m
[  26% ] [90m[1msavepack[22m | Storing File: res://.godot/imported/bone_B.gltf-7b1e89d9e3ca01dffbfd76fe7da92139.scn[39m[0m
[  26% ] [90m[1msavepack[22m | Storing File: res://assets/models/props/bone_B.gltf.import[39m[0m
[  27% ] [90m[1msavepack[22m | Storing File: res://.godot/imported/bone_C.gltf-9cc2a41a64984ca1879ba1b416d9facc.scn[39m[0m
[  27% ] [90m[1msavepack[22m | Storing File: res://assets/models/props/bone_C.gltf.import[39m[0m
[  27% ] [90m[1msavepack[22m | Storing File: res://.godot/imported/Bookcase_2.fbx-b75f64aeceb8eb4bcc8f0753214ba9c8.scn[39m[0m
[  27% ] [90m[1msavepack[22m | Storing File: res://assets/models/props/Bookcase_2.fbx.import[39m[0m
[  27% ] [90m[1msavepack[22m | Storing File: res://.godot/imported/Bookcase_2.gltf-cf545782420e1ed57d1baa46c76bdf63.scn[39m[0m
[  27% ] [90m[1msavepack[22m | Storing File: res://assets/models/props/Bookcase_2.gltf.import[39m[0m
[  27% ] [90m[1msavepack[22m | Storing File: res://.godot/imported/BookGroup_Medium_1.fbx-bb3e4ac104a3094b6f4819a6c1080177.scn[39m[0m
[  27% ] [90m[1msavepack[22m | Storing File: res://assets/models/props/BookGroup_Medium_1.fbx.import[39m[0m
[  27% ] [90m[1msavepack[22m | Storing File: res://.godot/imported/BookGroup_Medium_1.gltf-3ebd3978f1bc4ed1dcc0c5e900f19d58.scn[39m[0m
[  27% ] [90m[1msavepack[22m | Storing File: res://assets/models/props/BookGroup_Medium_1.gltf.import[39m[0m
[  27% ] [90m[1msavepack[22m | Storing File: res://.godot/imported/BookGroup_Medium_2.fbx-e098c7105f5f4a3459f213c79bc51dc3.scn[39m[0m
[  27% ] [90m[1msavepack[22m | Storing File: res://assets/models/props/BookGroup_Medium_2.fbx.import[39m[0m
[  27% ] [90m[1msavepack[22m | Storing File: res://.godot/imported/BookGroup_Medium_2.gltf-26fe2df9a156ddf34738c07fbcd447d1.scn[39m[0m
[  27% ] [90m[1msavepack[22m | Storing File: res://assets/models/props/BookGroup_Medium_2.gltf.import[39m[0m
[  27% ] [90m[1msavepack[22m | Storing File: res://.godot/imported/BookGroup_Medium_3.fbx-1acd1382adfcca271c65e2a64dbb71ba.scn[39m[0m
[  27% ] [90m[1msavepack[22m | Storing File: res://assets/models/props/BookGroup_Medium_3.fbx.import[39m[0m
[  27% ] [90m[1msavepack[22m | Storing File: res://.godot/imported/BookGroup_Medium_3.gltf-b67ac74415b761c21b0d074577528671.scn[39m[0m
[  27% ] [90m[1msavepack[22m | Storing File: res://assets/models/props/BookGroup_Medium_3.gltf.import[39m[0m
[  27% ] [90m[1msavepack[22m | Storing File: res://.godot/imported/BookGroup_Small_1.fbx-857300c00064b50b3ec093d771d1870e.scn[39m[0m
[  27% ] [90m[1msavepack[22m | Storing File: res://assets/models/props/BookGroup_Small_1.fbx.import[39m[0m
[  27% ] [90m[1msavepack[22m | Storing File: res://.godot/imported/BookGroup_Small_1.gltf-6f6a325c4c4c484a0f03a1590bd15679.scn[39m[0m
[  27% ] [90m[1msavepack[22m | Storing File: res://assets/models/props/BookGroup_Small_1.gltf.import[39m[0m
[  27% ] [90m[1msavepack[22m | Storing File: res://.godot/imported/BookGroup_Small_2.fbx-2570178b4d59da0cf2074727b4955c22.scn[39m[0m
[  27% ] [90m[1msavepack[22m | Storing File: res://assets/models/props/BookGroup_Small_2.fbx.import[39m[0m
[  28% ] [90m[1msavepack[22m | Storing File: res://.godot/imported/BookGroup_Small_2.gltf-559a53b63dbcb8184307d9929a873550.scn[39m[0m
[  28% ] [90m[1msavepack[22m | Storing File: res://assets/models/props/BookGroup_Small_2.gltf.import[39m[0m
[  28% ] [90m[1msavepack[22m | Storing File: res://.godot/imported/BookGroup_Small_3.fbx-74456b5b978fdde7773cd142554f05c9.scn[39m[0m
[  28% ] [90m[1msavepack[22m | Storing File: res://assets/models/props/BookGroup_Small_3.fbx.import[39m[0m
[  28% ] [90m[1msavepack[22m | Storing File: res://.godot/imported/BookGroup_Small_3.gltf-d985097310e2006915b1c7d7fc919fca.scn[39m[0m
[  28% ] [90m[1msavepack[22m | Storing File: res://assets/models/props/BookGroup_Small_3.gltf.import[39m[0m
[  28% ] [90m[1msavepack[22m | Storing File: res://.godot/imported/BookStand.fbx-011a4b5d0c69a6d67234ed19b4ce0580.scn[39m[0m
[  28% ] [90m[1msavepack[22m | Storing File: res://assets/models/props/BookStand.fbx.import[39m[0m
[  28% ] [90m[1msavepack[22m | Storing File: res://.godot/imported/BookStand.gltf-f3aec483523b3ec14c965363698b9267.scn[39m[0m
[  28% ] [90m[1msavepack[22m | Storing File: res://assets/models/props/BookStand.gltf.import[39m[0m
[  28% ] [90m[1msavepack[22m | Storing File: res://.godot/imported/Book_5.fbx-8f3ae48ebe8454c88d4a427e2ae6d360.scn[39m[0m
[  28% ] [90m[1msavepack[22m | Storing File: res://assets/models/props/Book_5.fbx.import[39m[0m
[  28% ] [90m[1msavepack[22m | Storing File: res://.godot/imported/Book_5.gltf-c0faee637d5de24856470bb2421aea42.scn[39m[0m
[  28% ] [90m[1msavepack[22m | Storing File: res://assets/models/props/Book_5.gltf.import[39m[0m
[  28% ] [90m[1msavepack[22m | Storing File: res://.godot/imported/Book_7.fbx-343e6362ffd096bced2982c4423bc5cf.scn[39m[0m
[  28% ] [90m[1msavepack[22m | Storing File: res://assets/models/props/Book_7.fbx.import[39m[0m
[  28% ] [90m[1msavepack[22m | Storing File: res://.godot/imported/Book_7.gltf-21af4376444c15f3d9eca4a2791cc8f6.scn[39m[0m
[  28% ] [90m[1msavepack[22m | Storing File: res://assets/models/props/Book_7.gltf.import[39m[0m
[  28% ] [90m[1msavepack[22m | Storing File: res://.godot/imported/Book_Simplified_Single.fbx-dca51a70f8251e290f29e6c8e8fef16b.scn[39m[0m
[  28% ] [90m[1msavepack[22m | Storing File: res://assets/models/props/Book_Simplified_Single.fbx.import[39m[0m
[  28% ] [90m[1msavepack[22m | Storing File: res://.godot/imported/Book_Simplified_Single.gltf-7b4593665b44ae0653518f75651a554b.scn[39m[0m
[  28% ] [90m[1msavepack[22m | Storing File: res://assets/models/props/Book_Simplified_Single.gltf.import[39m[0m
[  28% ] [90m[1msavepack[22m | Storing File: res://.godot/imported/Book_Stack_1.fbx-a9f96b90a522a9a7b393dcd0f87366a6.scn[39m[0m
[  28% ] [90m[1msavepack[22m | Storing File: res://assets/models/props/Book_Stack_1.fbx.import[39m[0m
[  28% ] [90m[1msavepack[22m | Storing File: res://.godot/imported/Book_Stack_1.gltf-596e0209a66c2f2de19bb739bdb56295.scn[39m[0m
[  28% ] [90m[1msavepack[22m | Storing File: res://assets/models/props/Book_Stack_1.gltf.import[39m[0m
[  29% ] [90m[1msavepack[22m | Storing File: res://.godot/imported/Book_Stack_2.fbx-ace9811f66a6556ba4ef3b5192abb209.scn[39m[0m
[  29% ] [90m[1msavepack[22m | Storing File: res://assets/models/props/Book_Stack_2.fbx.import[39m[0m
[  29% ] [90m[1msavepack[22m | Storing File: res://.godot/imported/Book_Stack_2.gltf-eecf708ec90223b99998845a848721df.scn[39m[0m
[  29% ] [90m[1msavepack[22m | Storing File: res://assets/models/props/Book_Stack_2.gltf.import[39m[0m
[  29% ] [90m[1msavepack[22m | Storing File: res://.godot/imported/Bottle_1.fbx-bd399ea327362fec3a35a22d73dd8580.scn[39m[0m
[  29% ] [90m[1msavepack[22m | Storing File: res://assets/models/props/Bottle_1.fbx.import[39m[0m
[  29% ] [90m[1msavepack[22m | Storing File: res://.godot/imported/Bottle_1.gltf-9054c9817cfec5560b9fc1f525392cc1.scn[39m[0m
[  29% ] [90m[1msavepack[22m | Storing File: res://assets/models/props/Bottle_1.gltf.import[39m[0m
[  29% ] [90m[1msavepack[22m | Storing File: res://.godot/imported/Bucket_Metal.fbx-47033822b78c9d99d1578f89c31a5c42.scn[39m[0m
[  29% ] [90m[1msavepack[22m | Storing File: res://assets/models/props/Bucket_Metal.fbx.import[39m[0m
[  29% ] [90m[1msavepack[22m | Storing File: res://.godot/imported/Bucket_Metal.gltf-0c3c808dbc50ffd6eb52c9dd391a2d0b.scn[39m[0m
[  29% ] [90m[1msavepack[22m | Storing File: res://assets/models/props/Bucket_Metal.gltf.import[39m[0m
[  29% ] [90m[1msavepack[22m | Storing File: res://.godot/imported/Bucket_Wooden_1.fbx-8ff29a57d1c774cc547b95d12292ae36.scn[39m[0m
[  29% ] [90m[1msavepack[22m | Storing File: res://assets/models/props/Bucket_Wooden_1.fbx.import[39m[0m
[  29% ] [90m[1msavepack[22m | Storing File: res://.godot/imported/Bucket_Wooden_1.gltf-e62b62004a8205125f60133ef54d0080.scn[39m[0m
[  29% ] [90m[1msavepack[22m | Storing File: res://assets/models/props/Bucket_Wooden_1.gltf.import[39m[0m
[  29% ] [90m[1msavepack[22m | Storing File: res://.godot/imported/Cabinet.fbx-28f690a8280a929ca0c9aa248a45f7cd.scn[39m[0m
[  29% ] [90m[1msavepack[22m | Storing File: res://assets/models/props/Cabinet.fbx.import[39m[0m
[  29% ] [90m[1msavepack[22m | Storing File: res://.godot/imported/Cabinet.gltf-a007c2a0e8e9b02e918c447ce604fe03.scn[39m[0m
[  29% ] [90m[1msavepack[22m | Storing File: res://assets/models/props/Cabinet.gltf.import[39m[0m
[  29% ] [90m[1msavepack[22m | Storing File: res://.godot/imported/Cage_Small.fbx-1fec1c0acbfe107171fab9d8987e4da5.scn[39m[0m
[  29% ] [90m[1msavepack[22m | Storing File: res://assets/models/props/Cage_Small.fbx.import[39m[0m
[  29% ] [90m[1msavepack[22m | Storing File: res://.godot/imported/Cage_Small.gltf-e31299ebdd5b5126580e4a92fda16d7a.scn[39m[0m
[  29% ] [90m[1msavepack[22m | Storing File: res://assets/models/props/Cage_Small.gltf.import[39m[0m
[  30% ] [90m[1msavepack[22m | Storing File: res://.godot/imported/candle.gltf-c94f88fc6f1fbab65682c44ce0357712.scn[39m[0m
[  30% ] [90m[1msavepack[22m | Storing File: res://assets/models/props/candle.gltf.import[39m[0m
[  30% ] [90m[1msavepack[22m | Storing File: res://.godot/imported/CandleStick.fbx-dd29b0d4d579240cf907c2203d25475e.scn[39m[0m
[  30% ] [90m[1msavepack[22m | Storing File: res://assets/models/props/CandleStick.fbx.import[39m[0m
[  30% ] [90m[1msavepack[22m | Storing File: res://.godot/imported/CandleStick.gltf-1997d9cc91fdb5d2611720c855182e98.scn[39m[0m
[  30% ] [90m[1msavepack[22m | Storing File: res://assets/models/props/CandleStick.gltf.import[39m[0m
[  30% ] [90m[1msavepack[22m | Storing File: res://.godot/imported/CandleStick_Stand.fbx-e1a4a5a4cb429b2126552791ba1c5f2d.scn[39m[0m
[  30% ] [90m[1msavepack[22m | Storing File: res://assets/models/props/CandleStick_Stand.fbx.import[39m[0m
[  30% ] [90m[1msavepack[22m | Storing File: res://.godot/imported/CandleStick_Stand.gltf-1d25fc85d4dec25a31dfbee77d256b44.scn[39m[0m
[  30% ] [90m[1msavepack[22m | Storing File: res://assets/models/props/CandleStick_Stand.gltf.import[39m[0m
[  30% ] [90m[1msavepack[22m | Storing File: res://.godot/imported/CandleStick_Triple.fbx-0307d2de099ff6069265508c98696a3c.scn[39m[0m
[  30% ] [90m[1msavepack[22m | Storing File: res://assets/models/props/CandleStick_Triple.fbx.import[39m[0m
[  30% ] [90m[1msavepack[22m | Storing File: res://.godot/imported/CandleStick_Triple.gltf-942cef279c4ccff320409e5a13eef950.scn[39m[0m
[  30% ] [90m[1msavepack[22m | Storing File: res://assets/models/props/CandleStick_Triple.gltf.import[39m[0m
[  30% ] [90m[1msavepack[22m | Storing File: res://.godot/imported/Candle_1.fbx-0c1b6346fcc74f8b67c8e1048ecebea0.scn[39m[0m
[  30% ] [90m[1msavepack[22m | Storing File: res://assets/models/props/Candle_1.fbx.import[39m[0m
[  30% ] [90m[1msavepack[22m | Storing File: res://.godot/imported/Candle_1.gltf-b01cb8ecc85bf1a6ed59a2b08040a461.scn[39m[0m
[  30% ] [90m[1msavepack[22m | Storing File: res://assets/models/props/Candle_1.gltf.import[39m[0m
[  30% ] [90m[1msavepack[22m | Storing File: res://.godot/imported/Candle_2.fbx-0f55dd1c2239a72679a178328107d1b8.scn[39m[0m
[  30% ] [90m[1msavepack[22m | Storing File: res://assets/models/props/Candle_2.fbx.import[39m[0m
[  30% ] [90m[1msavepack[22m | Storing File: res://.godot/imported/Candle_2.gltf-993655a04efb0a6fe25d92a9bdf52416.scn[39m[0m
[  30% ] [90m[1msavepack[22m | Storing File: res://assets/models/props/Candle_2.gltf.import[39m[0m
[  30% ] [90m[1msavepack[22m | Storing File: res://.godot/imported/candle_melted.gltf-8005a4e52b5c1e3aaea07c1a4f698a03.scn[39m[0m
[  30% ] [90m[1msavepack[22m | Storing File: res://assets/models/props/candle_melted.gltf.import[39m[0m
[  30% ] [90m[1msavepack[22m | Storing File: res://.godot/imported/candle_thin.gltf-d7964a2ea5d0213c95e02b22b100064a.scn[39m[0m
[  30% ] [90m[1msavepack[22m | Storing File: res://assets/models/props/candle_thin.gltf.import[39m[0m
[  31% ] [90m[1msavepack[22m | Storing File: res://.godot/imported/candle_triple.gltf-d5d9b97a5543b8135b4e7dd5a9f43ccd.scn[39m[0m
[  31% ] [90m[1msavepack[22m | Storing File: res://assets/models/props/candle_triple.gltf.import[39m[0m
[  31% ] [90m[1msavepack[22m | Storing File: res://.godot/imported/Carrot.fbx-8daa04f42c62e85eabc34843963c1d19.scn[39m[0m
[  31% ] [90m[1msavepack[22m | Storing File: res://assets/models/props/Carrot.fbx.import[39m[0m
[  31% ] [90m[1msavepack[22m | Storing File: res://.godot/imported/Carrot.gltf-38ca1b063c30d81f5a868507f8dc7720.scn[39m[0m
[  31% ] [90m[1msavepack[22m | Storing File: res://assets/models/props/Carrot.gltf.import[39m[0m
[  31% ] [90m[1msavepack[22m | Storing File: res://.godot/imported/Cauldron.fbx-7f86e354cfc26ccc9c366090ff4b44e7.scn[39m[0m
[  31% ] [90m[1msavepack[22m | Storing File: res://assets/models/props/Cauldron.fbx.import[39m[0m
[  31% ] [90m[1msavepack[22m | Storing File: res://.godot/imported/Cauldron.gltf-86d6564e3c8fdd90f05375e281735d5f.scn[39m[0m
[  31% ] [90m[1msavepack[22m | Storing File: res://assets/models/props/Cauldron.gltf.import[39m[0m
[  31% ] [90m[1msavepack[22m | Storing File: res://.godot/imported/Chain_Coil.fbx-8ac9ad40ecdd2a1fc92f5d8f14cb77fd.scn[39m[0m
[  31% ] [90m[1msavepack[22m | Storing File: res://assets/models/props/Chain_Coil.fbx.import[39m[0m
[  31% ] [90m[1msavepack[22m | Storing File: res://.godot/imported/Chain_Coil.gltf-48dbad28f3d6de7f6edbba208c577141.scn[39m[0m
[  31% ] [90m[1msavepack[22m | Storing File: res://assets/models/props/Chain_Coil.gltf.import[39m[0m
[  31% ] [90m[1msavepack[22m | Storing File: res://.godot/imported/Chair_1.fbx-5f4fcb07c7ba28bdfbf1486b08f35c17.scn[39m[0m
[  31% ] [90m[1msavepack[22m | Storing File: res://assets/models/props/Chair_1.fbx.import[39m[0m
[  31% ] [90m[1msavepack[22m | Storing File: res://.godot/imported/Chair_1.gltf-29ba94bea46524346910018fc1edd161.scn[39m[0m
[  31% ] [90m[1msavepack[22m | Storing File: res://assets/models/props/Chair_1.gltf.import[39m[0m
[  31% ] [90m[1msavepack[22m | Storing File: res://.godot/imported/Chalice.fbx-9d40bdf19e3990a597e8082d95ed69c0.scn[39m[0m
[  31% ] [90m[1msavepack[22m | Storing File: res://assets/models/props/Chalice.fbx.import[39m[0m
[  31% ] [90m[1msavepack[22m | Storing File: res://.godot/imported/Chalice.gltf-cbe17091db6f833ad32c1bf4de38a0af.scn[39m[0m
[  31% ] [90m[1msavepack[22m | Storing File: res://assets/models/props/Chalice.gltf.import[39m[0m
[  31% ] [90m[1msavepack[22m | Storing File: res://.godot/imported/Chandelier.fbx-64248923bcdb20f3455624c003f2e04b.scn[39m[0m
[  31% ] [90m[1msavepack[22m | Storing File: res://assets/models/props/Chandelier.fbx.import[39m[0m
[  32% ] [90m[1msavepack[22m | Storing File: res://.godot/imported/Chandelier.gltf-cf823a58a709da98903a951c912a7221.scn[39m[0m
[  32% ] [90m[1msavepack[22m | Storing File: res://assets/models/props/Chandelier.gltf.import[39m[0m
[  32% ] [90m[1msavepack[22m | Storing File: res://.godot/imported/Chest_Wood.fbx-8fb2a7cacc19eb1e2b6c3a35f8c178ce.scn[39m[0m
[  32% ] [90m[1msavepack[22m | Storing File: res://assets/models/props/Chest_Wood.fbx.import[39m[0m
[  32% ] [90m[1msavepack[22m | Storing File: res://.godot/imported/Chest_Wood.gltf-39de0d59f86bebf02ab19a04e01c00d8.scn[39m[0m
[  32% ] [90m[1msavepack[22m | Storing File: res://assets/models/props/Chest_Wood.gltf.import[39m[0m
[  32% ] [90m[1msavepack[22m | Storing File: res://.godot/imported/Chest_Wood_0.png-aa4cbf0ace686ff1184ba07488274870.ctex[39m[0m
[  32% ] [90m[1msavepack[22m | Storing File: res://assets/models/props/Chest_Wood_0.png.import[39m[0m
[  32% ] [90m[1msavepack[22m | Storing File: res://.godot/imported/Chest_Wood_1.png-fc57966f1601449f532629bbe822bc24.ctex[39m[0m
[  32% ] [90m[1msavepack[22m | Storing File: res://assets/models/props/Chest_Wood_1.png.import[39m[0m
[  32% ] [90m[1msavepack[22m | Storing File: res://.godot/imported/Chest_Wood_2.png-ea8fc40d6ce7493e1fdc51828c32a5a3.ctex[39m[0m
[  32% ] [90m[1msavepack[22m | Storing File: res://assets/models/props/Chest_Wood_2.png.import[39m[0m
[  32% ] [90m[1msavepack[22m | Storing File: res://.godot/imported/Chest_Wood_3.png-c070ef53c04f6225a9fac9b0bf703595.ctex[39m[0m
[  32% ] [90m[1msavepack[22m | Storing File: res://assets/models/props/Chest_Wood_3.png.import[39m[0m
[  32% ] [90m[1msavepack[22m | Storing File: res://.godot/imported/coffin.gltf-83ac6fff9a7273dd46e4014d6d2a34e6.scn[39m[0m
[  32% ] [90m[1msavepack[22m | Storing File: res://assets/models/props/coffin.gltf.import[39m[0m
[  32% ] [90m[1msavepack[22m | Storing File: res://.godot/imported/coffin_decorated.gltf-2fe604ac11ea572bd416fc88b80e2603.scn[39m[0m
[  32% ] [90m[1msavepack[22m | Storing File: res://assets/models/props/coffin_decorated.gltf.import[39m[0m
[  32% ] [90m[1msavepack[22m | Storing File: res://.godot/imported/Coin.fbx-1cc64e5b01143e0554239fe4752f632a.scn[39m[0m
[  32% ] [90m[1msavepack[22m | Storing File: res://assets/models/props/Coin.fbx.import[39m[0m
[  32% ] [90m[1msavepack[22m | Storing File: res://.godot/imported/Coin.gltf-13c734da2ee59c5710375368ad27e3f8.scn[39m[0m
[  32% ] [90m[1msavepack[22m | Storing File: res://assets/models/props/Coin.gltf.import[39m[0m
[  32% ] [90m[1msavepack[22m | Storing File: res://.godot/imported/Coin_Pile.fbx-bea312b9425f510d46ce935484b42bc5.scn[39m[0m
[  32% ] [90m[1msavepack[22m | Storing File: res://assets/models/props/Coin_Pile.fbx.import[39m[0m
[  32% ] [90m[1msavepack[22m | Storing File: res://.godot/imported/Coin_Pile.gltf-24b09c1868cf4a74033afa723799c4b7.scn[39m[0m
[  32% ] [90m[1msavepack[22m | Storing File: res://assets/models/props/Coin_Pile.gltf.import[39m[0m
[  33% ] [90m[1msavepack[22m | Storing File: res://.godot/imported/Coin_Pile_2.fbx-19d3b6d37448784ceeb4b997ffb92878.scn[39m[0m
[  33% ] [90m[1msavepack[22m | Storing File: res://assets/models/props/Coin_Pile_2.fbx.import[39m[0m
[  33% ] [90m[1msavepack[22m | Storing File: res://.godot/imported/Coin_Pile_2.gltf-872ba99a5ec306d94d8187f23e71313d.scn[39m[0m
[  33% ] [90m[1msavepack[22m | Storing File: res://assets/models/props/Coin_Pile_2.gltf.import[39m[0m
[  33% ] [90m[1msavepack[22m | Storing File: res://.godot/imported/Crate_Metal.fbx-c006ef204f1d31177202097ec4f9cc59.scn[39m[0m
[  33% ] [90m[1msavepack[22m | Storing File: res://assets/models/props/Crate_Metal.fbx.import[39m[0m
[  33% ] [90m[1msavepack[22m | Storing File: res://.godot/imported/Crate_Metal.gltf-45865e129ddd3d08d1d4de61c0a90d47.scn[39m[0m
[  33% ] [90m[1msavepack[22m | Storing File: res://assets/models/props/Crate_Metal.gltf.import[39m[0m
[  33% ] [90m[1msavepack[22m | Storing File: res://.godot/imported/Crate_Wooden.fbx-5490c42a72089eda22c290f4af605091.scn[39m[0m
[  33% ] [90m[1msavepack[22m | Storing File: res://assets/models/props/Crate_Wooden.fbx.import[39m[0m
[  33% ] [90m[1msavepack[22m | Storing File: res://.godot/imported/Crate_Wooden.gltf-dc7816376724c67bf0a820b8113df31e.scn[39m[0m
[  33% ] [90m[1msavepack[22m | Storing File: res://assets/models/props/Crate_Wooden.gltf.import[39m[0m
[  33% ] [90m[1msavepack[22m | Storing File: res://.godot/imported/crypt.gltf-291a4731ce93ce861edd208c23c28f6a.scn[39m[0m
[  33% ] [90m[1msavepack[22m | Storing File: res://assets/models/props/crypt.gltf.import[39m[0m
[  33% ] [90m[1msavepack[22m | Storing File: res://.godot/imported/Dummy.fbx-c70d49a17e7c1368130b74b93dad665a.scn[39m[0m
[  33% ] [90m[1msavepack[22m | Storing File: res://assets/models/props/Dummy.fbx.import[39m[0m
[  33% ] [90m[1msavepack[22m | Storing File: res://.godot/imported/Dummy.gltf-2d3f2d49ec555242bfea3c2d72f1b223.scn[39m[0m
[  33% ] [90m[1msavepack[22m | Storing File: res://assets/models/props/Dummy.gltf.import[39m[0m
[  33% ] [90m[1msavepack[22m | Storing File: res://.godot/imported/FarmCrate_Apple.fbx-dec2d00916b8ab22fcd48ad505943d2c.scn[39m[0m
[  33% ] [90m[1msavepack[22m | Storing File: res://assets/models/props/FarmCrate_Apple.fbx.import[39m[0m
[  33% ] [90m[1msavepack[22m | Storing File: res://.godot/imported/FarmCrate_Apple.gltf-8c082d04bd4df9e91e4da53326e9fb7e.scn[39m[0m
[  33% ] [90m[1msavepack[22m | Storing File: res://assets/models/props/FarmCrate_Apple.gltf.import[39m[0m
[  33% ] [90m[1msavepack[22m | Storing File: res://.godot/imported/FarmCrate_Carrot.fbx-a92e88ecca7d67e9d5791d5eee6826f1.scn[39m[0m
[  33% ] [90m[1msavepack[22m | Storing File: res://assets/models/props/FarmCrate_Carrot.fbx.import[39m[0m
[  33% ] [90m[1msavepack[22m | Storing File: res://.godot/imported/FarmCrate_Carrot.gltf-80731fd74c042cf410870544e021c2e7.scn[39m[0m
[  33% ] [90m[1msavepack[22m | Storing File: res://assets/models/props/FarmCrate_Carrot.gltf.import[39m[0m
[  33% ] [90m[1msavepack[22m | Storing File: res://.godot/imported/FarmCrate_Empty.fbx-4762316a442a1e727d63937f5f5c1714.scn[39m[0m
[  33% ] [90m[1msavepack[22m | Storing File: res://assets/models/props/FarmCrate_Empty.fbx.import[39m[0m
[  33% ] [90m[1msavepack[22m | Storing File: res://.godot/imported/FarmCrate_Empty.gltf-f1e938a4c23997b6b684eb1f546e3806.scn[39m[0m
[  33% ] [90m[1msavepack[22m | Storing File: res://assets/models/props/FarmCrate_Empty.gltf.import[39m[0m
[  33% ] [90m[1msavepack[22m | Storing File: res://.godot/imported/fence.gltf-ba995b62f4d2f82fb3a219940b519f4e.scn[39m[0m
[  33% ] [90m[1msavepack[22m | Storing File: res://assets/models/props/fence.gltf.import[39m[0m
[  33% ] [90m[1msavepack[22m | Storing File: res://.godot/imported/fence_broken.gltf-f7b4877021a34116d4b3b6f32499e342.scn[39m[0m
[  33% ] [90m[1msavepack[22m | Storing File: res://assets/models/props/fence_broken.gltf.import[39m[0m
[  33% ] [90m[1msavepack[22m | Storing File: res://.godot/imported/fence_gate.gltf-a34ef5e4c56296e2179a5f032f474d2e.scn[39m[0m
[  33% ] [90m[1msavepack[22m | Storing File: res://assets/models/props/fence_gate.gltf.import[39m[0m
[  33% ] [90m[1msavepack[22m | Storing File: res://.godot/imported/fence_pillar.gltf-401b7c469e262b9d5225c6690096cb08.scn[39m[0m
[  33% ] [90m[1msavepack[22m | Storing File: res://assets/models/props/fence_pillar.gltf.import[39m[0m
[  33% ] [90m[1msavepack[22m | Storing File: res://.godot/imported/fence_pillar_broken.gltf-d3bb1180286802bf4a97acbbb7c373c1.scn[39m[0m
[  33% ] [90m[1msavepack[22m | Storing File: res://assets/models/props/fence_pillar_broken.gltf.import[39m[0m
[  33% ] [90m[1msavepack[22m | Storing File: res://.godot/imported/fence_seperate.gltf-feba2124e47a8f5ae642badaf0679b59.scn[39m[0m
[  33% ] [90m[1msavepack[22m | Storing File: res://assets/models/props/fence_seperate.gltf.import[39m[0m
[  33% ] [90m[1msavepack[22m | Storing File: res://.godot/imported/fence_seperate_broken.gltf-3828b9b90e98e5fe0c5c137b6ba56d9f.scn[39m[0m
[  33% ] [90m[1msavepack[22m | Storing File: res://assets/models/props/fence_seperate_broken.gltf.import[39m[0m
[  33% ] [90m[1msavepack[22m | Storing File: res://.godot/imported/floor_dirt.gltf-2e6a8b9a4528e9f264172688d2743751.scn[39m[0m
[  33% ] [90m[1msavepack[22m | Storing File: res://assets/models/props/floor_dirt.gltf.import[39m[0m
[  33% ] [90m[1msavepack[22m | Storing File: res://.godot/imported/floor_dirt_grave.gltf-4913c419aa58545127155cc4d2a90219.scn[39m[0m
[  33% ] [90m[1msavepack[22m | Storing File: res://assets/models/props/floor_dirt_grave.gltf.import[39m[0m
[  34% ] [90m[1msavepack[22m | Storing File: res://.godot/imported/floor_dirt_small.gltf-b8a4df61dc0673a88ed92fa3ec641c86.scn[39m[0m
[  34% ] [90m[1msavepack[22m | Storing File: res://assets/models/props/floor_dirt_small.gltf.import[39m[0m
[  34% ] [90m[1msavepack[22m | Storing File: res://.godot/imported/gravemarker_A.gltf-63bc76d570417f321520273aa59ed842.scn[39m[0m
[  34% ] [90m[1msavepack[22m | Storing File: res://assets/models/props/gravemarker_A.gltf.import[39m[0m
[  34% ] [90m[1msavepack[22m | Storing File: res://.godot/imported/gravemarker_B.gltf-2796477887c4e126f0d98497fd1f46c3.scn[39m[0m
[  34% ] [90m[1msavepack[22m | Storing File: res://assets/models/props/gravemarker_B.gltf.import[39m[0m
[  34% ] [90m[1msavepack[22m | Storing File: res://.godot/imported/gravestone.gltf-6807c0364a0afc14a7450b282542bbc5.scn[39m[0m
[  34% ] [90m[1msavepack[22m | Storing File: res://assets/models/props/gravestone.gltf.import[39m[0m
[  34% ] [90m[1msavepack[22m | Storing File: res://.godot/imported/grave_A.gltf-62029f2df1c11513bb33283bc6ae5d93.scn[39m[0m
[  34% ] [90m[1msavepack[22m | Storing File: res://assets/models/props/grave_A.gltf.import[39m[0m
[  34% ] [90m[1msavepack[22m | Storing File: res://.godot/imported/grave_A_destroyed.gltf-d38ace1897c1fb0d1b07efe943572835.scn[39m[0m
[  34% ] [90m[1msavepack[22m | Storing File: res://assets/models/props/grave_A_destroyed.gltf.import[39m[0m
[  34% ] [90m[1msavepack[22m | Storing File: res://.godot/imported/grave_B.gltf-7aac3332f17abe459e68e6dcd5448217.scn[39m[0m
[  34% ] [90m[1msavepack[22m | Storing File: res://assets/models/props/grave_B.gltf.import[39m[0m
[  34% ] [90m[1msavepack[22m | Storing File: res://.godot/imported/halloweenbits_texture.png-7dc2a819deb97457262b7e685dd637ac.s3tc.ctex[39m[0m
[  34% ] [90m[1msavepack[22m | Storing File: res://assets/models/props/halloweenbits_texture.png.import[39m[0m
[  34% ] [90m[1msavepack[22m | Storing File: res://.godot/imported/Key_Gold.fbx-6d2cbbd7f0a33397295dad4785cfc84e.scn[39m[0m
[  34% ] [90m[1msavepack[22m | Storing File: res://assets/models/props/Key_Gold.fbx.import[39m[0m
[  34% ] [90m[1msavepack[22m | Storing File: res://.godot/imported/Key_Gold.gltf-569462986c01cb9928b3b8948a994cc3.scn[39m[0m
[  34% ] [90m[1msavepack[22m | Storing File: res://assets/models/props/Key_Gold.gltf.import[39m[0m
[  34% ] [90m[1msavepack[22m | Storing File: res://.godot/imported/Key_Metal.fbx-1795811b48f8a9f0009e0f9e5fd535e4.scn[39m[0m
[  34% ] [90m[1msavepack[22m | Storing File: res://assets/models/props/Key_Metal.fbx.import[39m[0m
[  34% ] [90m[1msavepack[22m | Storing File: res://.godot/imported/Key_Metal.gltf-db3be411aa1bb9d81a12a1e69166dbb4.scn[39m[0m
[  34% ] [90m[1msavepack[22m | Storing File: res://assets/models/props/Key_Metal.gltf.import[39m[0m
[  34% ] [90m[1msavepack[22m | Storing File: res://.godot/imported/lantern_hanging.gltf-4468bf7ce9845a0463ba4045eaf0cd03.scn[39m[0m
[  34% ] [90m[1msavepack[22m | Storing File: res://assets/models/props/lantern_hanging.gltf.import[39m[0m
[  35% ] [90m[1msavepack[22m | Storing File: res://.godot/imported/lantern_standing.gltf-85bd19fcdf456ab98bab5f1b427cf587.scn[39m[0m
[  35% ] [90m[1msavepack[22m | Storing File: res://assets/models/props/lantern_standing.gltf.import[39m[0m
[  35% ] [90m[1msavepack[22m | Storing File: res://.godot/imported/Lantern_Wall.fbx-7d7d3c95ccf237e08c8d2956bd468ff5.scn[39m[0m
[  35% ] [90m[1msavepack[22m | Storing File: res://assets/models/props/Lantern_Wall.fbx.import[39m[0m
[  35% ] [90m[1msavepack[22m | Storing File: res://.godot/imported/Lantern_Wall.gltf-46fb5ae7c2ee6bc2cffd7799924b79e9.scn[39m[0m
[  35% ] [90m[1msavepack[22m | Storing File: res://assets/models/props/Lantern_Wall.gltf.import[39m[0m
[  35% ] [90m[1msavepack[22m | Storing File: res://.godot/imported/Mug.fbx-41d6b857c818144da61d07ce7511449c.scn[39m[0m
[  35% ] [90m[1msavepack[22m | Storing File: res://assets/models/props/Mug.fbx.import[39m[0m
[  35% ] [90m[1msavepack[22m | Storing File: res://.godot/imported/Mug.gltf-7b8b9b4d05936586131a20f657511107.scn[39m[0m
[  35% ] [90m[1msavepack[22m | Storing File: res://assets/models/props/Mug.gltf.import[39m[0m
[  35% ] [90m[1msavepack[22m | Storing File: res://.godot/imported/Nightstand_Shelf.fbx-baa48aef18ef3542a658a586d73c6247.scn[39m[0m
[  35% ] [90m[1msavepack[22m | Storing File: res://assets/models/props/Nightstand_Shelf.fbx.import[39m[0m
[  35% ] [90m[1msavepack[22m | Storing File: res://.godot/imported/Nightstand_Shelf.gltf-2c6803fe44e2baced6bb24e2554aece9.scn[39m[0m
[  35% ] [90m[1msavepack[22m | Storing File: res://assets/models/props/Nightstand_Shelf.gltf.import[39m[0m
[  35% ] [90m[1msavepack[22m | Storing File: res://.godot/imported/path_A.gltf-f974cda7fdb012f0fbd63a72f81b3af9.scn[39m[0m
[  35% ] [90m[1msavepack[22m | Storing File: res://assets/models/props/path_A.gltf.import[39m[0m
[  35% ] [90m[1msavepack[22m | Storing File: res://.godot/imported/path_B.gltf-62ff2558307bdcf69dde6784666fb9ab.scn[39m[0m
[  35% ] [90m[1msavepack[22m | Storing File: res://assets/models/props/path_B.gltf.import[39m[0m
[  35% ] [90m[1msavepack[22m | Storing File: res://.godot/imported/path_C.gltf-1acce97d4882d75356784c1afda1c775.scn[39m[0m
[  35% ] [90m[1msavepack[22m | Storing File: res://assets/models/props/path_C.gltf.import[39m[0m
[  35% ] [90m[1msavepack[22m | Storing File: res://.godot/imported/path_D.gltf-2596f131f1171fe4e8788aa5dd781221.scn[39m[0m
[  35% ] [90m[1msavepack[22m | Storing File: res://assets/models/props/path_D.gltf.import[39m[0m
[  35% ] [90m[1msavepack[22m | Storing File: res://.godot/imported/Peg_Rack.fbx-44b0401486063b1226d21314cb9a5740.scn[39m[0m
[  35% ] [90m[1msavepack[22m | Storing File: res://assets/models/props/Peg_Rack.fbx.import[39m[0m
[  36% ] [90m[1msavepack[22m | Storing File: res://.godot/imported/Peg_Rack.gltf-679c5e6f0dba2dfd9f8fb69e6c49b450.scn[39m[0m
[  36% ] [90m[1msavepack[22m | Storing File: res://assets/models/props/Peg_Rack.gltf.import[39m[0m
[  36% ] [90m[1msavepack[22m | Storing File: res://.godot/imported/Pickaxe_Bronze.fbx-27fdadc7e38780d8449c99f9270ddfb8.scn[39m[0m
[  36% ] [90m[1msavepack[22m | Storing File: res://assets/models/props/Pickaxe_Bronze.fbx.import[39m[0m
[  36% ] [90m[1msavepack[22m | Storing File: res://.godot/imported/Pickaxe_Bronze.gltf-476cc7b791726757d1e220cf3b1e6046.scn[39m[0m
[  36% ] [90m[1msavepack[22m | Storing File: res://assets/models/props/Pickaxe_Bronze.gltf.import[39m[0m
[  36% ] [90m[1msavepack[22m | Storing File: res://.godot/imported/pillar.gltf-13b0bbba1f20577c233ac8f140f2db8f.scn[39m[0m
[  36% ] [90m[1msavepack[22m | Storing File: res://assets/models/props/pillar.gltf.import[39m[0m
[  36% ] [90m[1msavepack[22m | Storing File: res://.godot/imported/plaque.gltf-095117fd5915db2b69abdfe7a8be0fcd.scn[39m[0m
[  36% ] [90m[1msavepack[22m | Storing File: res://assets/models/props/plaque.gltf.import[39m[0m
[  36% ] [90m[1msavepack[22m | Storing File: res://.godot/imported/plaque_candles.gltf-43152d68fd71a619760268189a7d51c7.scn[39m[0m
[  36% ] [90m[1msavepack[22m | Storing File: res://assets/models/props/plaque_candles.gltf.import[39m[0m
[  36% ] [90m[1msavepack[22m | Storing File: res://.godot/imported/post.gltf-1af28aa303228cfcc26d37806414231f.scn[39m[0m
[  36% ] [90m[1msavepack[22m | Storing File: res://assets/models/props/post.gltf.import[39m[0m
[  36% ] [90m[1msavepack[22m | Storing File: res://.godot/imported/post_lantern.gltf-ad71fdb1de3d33470301c94060680906.scn[39m[0m
[  36% ] [90m[1msavepack[22m | Storing File: res://assets/models/props/post_lantern.gltf.import[39m[0m
[  36% ] [90m[1msavepack[22m | Storing File: res://.godot/imported/post_skull.gltf-237586869b5121e74d31c2f18b084556.scn[39m[0m
[  36% ] [90m[1msavepack[22m | Storing File: res://assets/models/props/post_skull.gltf.import[39m[0m
[  36% ] [90m[1msavepack[22m | Storing File: res://.godot/imported/Potion_1.fbx-08c0f2946b0202074cefa7773eb08247.scn[39m[0m
[  36% ] [90m[1msavepack[22m | Storing File: res://assets/models/props/Potion_1.fbx.import[39m[0m
[  36% ] [90m[1msavepack[22m | Storing File: res://.godot/imported/Potion_1.gltf-2385154f838b091eef85fc29a31fe9e4.scn[39m[0m
[  36% ] [90m[1msavepack[22m | Storing File: res://assets/models/props/Potion_1.gltf.import[39m[0m
[  36% ] [90m[1msavepack[22m | Storing File: res://.godot/imported/Potion_2.fbx-325b547c9b6b9152b0dcbd266d2c6fd7.scn[39m[0m
[  36% ] [90m[1msavepack[22m | Storing File: res://assets/models/props/Potion_2.fbx.import[39m[0m
[  36% ] [90m[1msavepack[22m | Storing File: res://.godot/imported/Potion_2.gltf-e75c701189f48ffb07f37dd70ad23e65.scn[39m[0m
[  36% ] [90m[1msavepack[22m | Storing File: res://assets/models/props/Potion_2.gltf.import[39m[0m
[  37% ] [90m[1msavepack[22m | Storing File: res://.godot/imported/Potion_4.fbx-8ab6b7154d6306da94a9126f8bb79938.scn[39m[0m
[  37% ] [90m[1msavepack[22m | Storing File: res://assets/models/props/Potion_4.fbx.import[39m[0m
[  37% ] [90m[1msavepack[22m | Storing File: res://.godot/imported/Potion_4.gltf-b85b9d71f3892f43fe022f9406cc3f4f.scn[39m[0m
[  37% ] [90m[1msavepack[22m | Storing File: res://assets/models/props/Potion_4.gltf.import[39m[0m
[  37% ] [90m[1msavepack[22m | Storing File: res://.godot/imported/Pot_1.fbx-6aa93cd680e19cc88dacc5c31458b8a7.scn[39m[0m
[  37% ] [90m[1msavepack[22m | Storing File: res://assets/models/props/Pot_1.fbx.import[39m[0m
[  37% ] [90m[1msavepack[22m | Storing File: res://.godot/imported/Pot_1.gltf-560a7ee1c7e2bc2cec8c05b5cfc1bdcc.scn[39m[0m
[  37% ] [90m[1msavepack[22m | Storing File: res://assets/models/props/Pot_1.gltf.import[39m[0m
[  37% ] [90m[1msavepack[22m | Storing File: res://.godot/imported/Pot_1_Lid.fbx-0d6b4beb7ee06b19dcaee98c4e797df4.scn[39m[0m
[  37% ] [90m[1msavepack[22m | Storing File: res://assets/models/props/Pot_1_Lid.fbx.import[39m[0m
[  37% ] [90m[1msavepack[22m | Storing File: res://.godot/imported/Pot_1_Lid.gltf-b9d7dee14ecd477a0d498663cdde225f.scn[39m[0m
[  37% ] [90m[1msavepack[22m | Storing File: res://assets/models/props/Pot_1_Lid.gltf.import[39m[0m
[  37% ] [90m[1msavepack[22m | Storing File: res://.godot/imported/Pouch_Large.fbx-2f7b7a7c2dfeaa7e1343f2bb284e1b88.scn[39m[0m
[  37% ] [90m[1msavepack[22m | Storing File: res://assets/models/props/Pouch_Large.fbx.import[39m[0m
[  37% ] [90m[1msavepack[22m | Storing File: res://.godot/imported/Pouch_Large.gltf-6c6af9487dc078fe67664ac41cc456a6.scn[39m[0m
[  37% ] [90m[1msavepack[22m | Storing File: res://assets/models/props/Pouch_Large.gltf.import[39m[0m
[  37% ] [90m[1msavepack[22m | Storing File: res://.godot/imported/Preview_1.jpg-8f61f95027a6bd8405a71ba99c6bf248.ctex[39m[0m
[  37% ] [90m[1msavepack[22m | Storing File: res://assets/models/props/Preview_1.jpg.import[39m[0m
[  37% ] [90m[1msavepack[22m | Storing File: res://.godot/imported/Preview_2.jpg-b2bcc87dfebe98f480e78ddf271b933d.ctex[39m[0m
[  37% ] [90m[1msavepack[22m | Storing File: res://assets/models/props/Preview_2.jpg.import[39m[0m
[  37% ] [90m[1msavepack[22m | Storing File: res://.godot/imported/Preview_3.jpg-fa1cd338e1cc88aea35332a8da95e317.ctex[39m[0m
[  37% ] [90m[1msavepack[22m | Storing File: res://assets/models/props/Preview_3.jpg.import[39m[0m
[  37% ] [90m[1msavepack[22m | Storing File: res://.godot/imported/pumpkin_orange.gltf-4e3b5420df15c01dd48606d701470adc.scn[39m[0m
[  37% ] [90m[1msavepack[22m | Storing File: res://assets/models/props/pumpkin_orange.gltf.import[39m[0m
[  38% ] [90m[1msavepack[22m | Storing File: res://.godot/imported/pumpkin_orange_jackolantern.gltf-375967d08ea88eea415760b8259acf4f.scn[39m[0m
[  38% ] [90m[1msavepack[22m | Storing File: res://assets/models/props/pumpkin_orange_jackolantern.gltf.import[39m[0m
[  38% ] [90m[1msavepack[22m | Storing File: res://.godot/imported/pumpkin_orange_small.gltf-fff91b7d93abbfb864bf37d0bf60069b.scn[39m[0m
[  38% ] [90m[1msavepack[22m | Storing File: res://assets/models/props/pumpkin_orange_small.gltf.import[39m[0m
[  38% ] [90m[1msavepack[22m | Storing File: res://.godot/imported/pumpkin_yellow.gltf-ffef2b7d167c0a32160a6fa4a2d8433e.scn[39m[0m
[  38% ] [90m[1msavepack[22m | Storing File: res://assets/models/props/pumpkin_yellow.gltf.import[39m[0m
[  38% ] [90m[1msavepack[22m | Storing File: res://.godot/imported/pumpkin_yellow_jackolantern.gltf-5b43531627b3b8b4bd87cf6350cc60d3.scn[39m[0m
[  38% ] [90m[1msavepack[22m | Storing File: res://assets/models/props/pumpkin_yellow_jackolantern.gltf.import[39m[0m
[  38% ] [90m[1msavepack[22m | Storing File: res://.godot/imported/pumpkin_yellow_small.gltf-df7740c04fe628a8e622b8227515edfd.scn[39m[0m
[  38% ] [90m[1msavepack[22m | Storing File: res://assets/models/props/pumpkin_yellow_small.gltf.import[39m[0m
[  38% ] [90m[1msavepack[22m | Storing File: res://.godot/imported/ribcage.gltf-1514391598f8a78aa45c3bea8703b1fd.scn[39m[0m
[  38% ] [90m[1msavepack[22m | Storing File: res://assets/models/props/ribcage.gltf.import[39m[0m
[  38% ] [90m[1msavepack[22m | Storing File: res://.godot/imported/Rope_1.fbx-6736ac32443bbf05c8430850b8b5bc41.scn[39m[0m
[  38% ] [90m[1msavepack[22m | Storing File: res://assets/models/props/Rope_1.fbx.import[39m[0m
[  38% ] [90m[1msavepack[22m | Storing File: res://.godot/imported/Rope_1.gltf-16ab77c635bbc61ff156c776477a5044.scn[39m[0m
[  38% ] [90m[1msavepack[22m | Storing File: res://assets/models/props/Rope_1.gltf.import[39m[0m
[  38% ] [90m[1msavepack[22m | Storing File: res://.godot/imported/Rope_2.fbx-34f7019a6a59159a0d855bcede8fb3f8.scn[39m[0m
[  38% ] [90m[1msavepack[22m | Storing File: res://assets/models/props/Rope_2.fbx.import[39m[0m
[  38% ] [90m[1msavepack[22m | Storing File: res://.godot/imported/Rope_2.gltf-cea259786104a2d1dbe3ea5fc9bf7265.scn[39m[0m
[  38% ] [90m[1msavepack[22m | Storing File: res://assets/models/props/Rope_2.gltf.import[39m[0m
[  38% ] [90m[1msavepack[22m | Storing File: res://.godot/imported/Rope_3.fbx-8b65b0fc4184a627eae3f4d82d8883b3.scn[39m[0m
[  38% ] [90m[1msavepack[22m | Storing File: res://assets/models/props/Rope_3.fbx.import[39m[0m
[  38% ] [90m[1msavepack[22m | Storing File: res://.godot/imported/Rope_3.gltf-6f772398263b6c28d881bba671f53bca.scn[39m[0m
[  38% ] [90m[1msavepack[22m | Storing File: res://assets/models/props/Rope_3.gltf.import[39m[0m
[  38% ] [90m[1msavepack[22m | Storing File: res://.godot/imported/Scroll_1.fbx-be54972105e530f5a29508cf2816907a.scn[39m[0m
[  38% ] [90m[1msavepack[22m | Storing File: res://assets/models/props/Scroll_1.fbx.import[39m[0m
[  39% ] [90m[1msavepack[22m | Storing File: res://.godot/imported/Scroll_1.gltf-82df87a04e339786d0b69962b0f3662d.scn[39m[0m
[  39% ] [90m[1msavepack[22m | Storing File: res://assets/models/props/Scroll_1.gltf.import[39m[0m
[  39% ] [90m[1msavepack[22m | Storing File: res://.godot/imported/Scroll_2.fbx-750239be0733c391828459852b6f39b3.scn[39m[0m
[  39% ] [90m[1msavepack[22m | Storing File: res://assets/models/props/Scroll_2.fbx.import[39m[0m
[  39% ] [90m[1msavepack[22m | Storing File: res://.godot/imported/Scroll_2.gltf-9ab2f5a41bd6e455e841aa95d845979f.scn[39m[0m
[  39% ] [90m[1msavepack[22m | Storing File: res://assets/models/props/Scroll_2.gltf.import[39m[0m
[  39% ] [90m[1msavepack[22m | Storing File: res://.godot/imported/Shelf_Arch.fbx-eb5416713ee770b09ba58d07971e2bef.scn[39m[0m
[  39% ] [90m[1msavepack[22m | Storing File: res://assets/models/props/Shelf_Arch.fbx.import[39m[0m
[  39% ] [90m[1msavepack[22m | Storing File: res://.godot/imported/Shelf_Arch.gltf-0a6a6fce18b65f95499c20c117b8df40.scn[39m[0m
[  39% ] [90m[1msavepack[22m | Storing File: res://assets/models/props/Shelf_Arch.gltf.import[39m[0m
[  39% ] [90m[1msavepack[22m | Storing File: res://.godot/imported/Shelf_Simple.fbx-94355e7844db7a303b41d3e7903980fa.scn[39m[0m
[  39% ] [90m[1msavepack[22m | Storing File: res://assets/models/props/Shelf_Simple.fbx.import[39m[0m
[  39% ] [90m[1msavepack[22m | Storing File: res://.godot/imported/Shelf_Simple.gltf-ffd1887c0b4b00ce1ee91eaea11ad990.scn[39m[0m
[  39% ] [90m[1msavepack[22m | Storing File: res://assets/models/props/Shelf_Simple.gltf.import[39m[0m
[  39% ] [90m[1msavepack[22m | Storing File: res://.godot/imported/Shelf_Small_Bottles.fbx-10a01c5c68da9e11751e5d1c8d0d6efa.scn[39m[0m
[  39% ] [90m[1msavepack[22m | Storing File: res://assets/models/props/Shelf_Small_Bottles.fbx.import[39m[0m
[  39% ] [90m[1msavepack[22m | Storing File: res://.godot/imported/Shelf_Small_Bottles.gltf-73211f0d24506a7dd266a19b212dae45.scn[39m[0m
[  39% ] [90m[1msavepack[22m | Storing File: res://assets/models/props/Shelf_Small_Bottles.gltf.import[39m[0m
[  39% ] [90m[1msavepack[22m | Storing File: res://.godot/imported/Shield_Wooden.fbx-ebc6356d47b700b748ae0878fd90308a.scn[39m[0m
[  39% ] [90m[1msavepack[22m | Storing File: res://assets/models/props/Shield_Wooden.fbx.import[39m[0m
[  39% ] [90m[1msavepack[22m | Storing File: res://.godot/imported/Shield_Wooden.gltf-b237bd4dcc970aeae8a00b12a4ee41bd.scn[39m[0m
[  39% ] [90m[1msavepack[22m | Storing File: res://assets/models/props/Shield_Wooden.gltf.import[39m[0m
[  39% ] [90m[1msavepack[22m | Storing File: res://.godot/imported/shrine.gltf-e43db65ce7e591ba643a4e68df9b31fe.scn[39m[0m
[  39% ] [90m[1msavepack[22m | Storing File: res://assets/models/props/shrine.gltf.import[39m[0m
[  40% ] [90m[1msavepack[22m | Storing File: res://.godot/imported/shrine_candles.gltf-03b61047ba47db6c38a3604c660bd6d3.scn[39m[0m
[  40% ] [90m[1msavepack[22m | Storing File: res://assets/models/props/shrine_candles.gltf.import[39m[0m
[  40% ] [90m[1msavepack[22m | Storing File: res://.godot/imported/skull.gltf-d280cbaf7a25d85e9d9db16cc5b9cb4b.scn[39m[0m
[  40% ] [90m[1msavepack[22m | Storing File: res://assets/models/props/skull.gltf.import[39m[0m
[  40% ] [90m[1msavepack[22m | Storing File: res://.godot/imported/skull_candle.gltf-9177edcd5d3b80ed80e8bf6c78aa1255.scn[39m[0m
[  40% ] [90m[1msavepack[22m | Storing File: res://assets/models/props/skull_candle.gltf.import[39m[0m
[  40% ] [90m[1msavepack[22m | Storing File: res://.godot/imported/SmallBottle.fbx-63449b016c0a8667df7abd1b74907fbd.scn[39m[0m
[  40% ] [90m[1msavepack[22m | Storing File: res://assets/models/props/SmallBottle.fbx.import[39m[0m
[  40% ] [90m[1msavepack[22m | Storing File: res://.godot/imported/SmallBottle.gltf-0f176615039427ab8d74e89e1b07812a.scn[39m[0m
[  40% ] [90m[1msavepack[22m | Storing File: res://assets/models/props/SmallBottle.gltf.import[39m[0m
[  40% ] [90m[1msavepack[22m | Storing File: res://.godot/imported/SmallBottles_1.fbx-01a35fe3b80336ba6f5b45d2acef911d.scn[39m[0m
[  40% ] [90m[1msavepack[22m | Storing File: res://assets/models/props/SmallBottles_1.fbx.import[39m[0m
[  40% ] [90m[1msavepack[22m | Storing File: res://.godot/imported/SmallBottles_1.gltf-0b381cf86474cf934532aed61fcfcccc.scn[39m[0m
[  40% ] [90m[1msavepack[22m | Storing File: res://assets/models/props/SmallBottles_1.gltf.import[39m[0m
[  40% ] [90m[1msavepack[22m | Storing File: res://.godot/imported/Stall_Cart_Empty.fbx-185373d86b5d227f47f187be6ffb90db.scn[39m[0m
[  40% ] [90m[1msavepack[22m | Storing File: res://assets/models/props/Stall_Cart_Empty.fbx.import[39m[0m
[  40% ] [90m[1msavepack[22m | Storing File: res://.godot/imported/Stall_Cart_Empty.gltf-5076d9a231cfb2e48b0dc2e16892696e.scn[39m[0m
[  40% ] [90m[1msavepack[22m | Storing File: res://assets/models/props/Stall_Cart_Empty.gltf.import[39m[0m
[  40% ] [90m[1msavepack[22m | Storing File: res://.godot/imported/Stall_Empty.fbx-dccc62416d5c1bfff43bc5d91f2be492.scn[39m[0m
[  40% ] [90m[1msavepack[22m | Storing File: res://assets/models/props/Stall_Empty.fbx.import[39m[0m
[  40% ] [90m[1msavepack[22m | Storing File: res://.godot/imported/Stall_Empty.gltf-e4ee6b5eff018ce3f1b432afd92f0910.scn[39m[0m
[  40% ] [90m[1msavepack[22m | Storing File: res://assets/models/props/Stall_Empty.gltf.import[39m[0m
[  40% ] [90m[1msavepack[22m | Storing File: res://.godot/imported/Stool.fbx-c71241769a20b5acb2dcfa0b12c8b657.scn[39m[0m
[  40% ] [90m[1msavepack[22m | Storing File: res://assets/models/props/Stool.fbx.import[39m[0m
[  40% ] [90m[1msavepack[22m | Storing File: res://.godot/imported/Stool.gltf-583c94612af9c726223a0b5b759afa31.scn[39m[0m
[  40% ] [90m[1msavepack[22m | Storing File: res://assets/models/props/Stool.gltf.import[39m[0m
[  41% ] [90m[1msavepack[22m | Storing File: res://.godot/imported/Sword_Bronze.fbx-f21972e1c638a6bd98281abd2918fc90.scn[39m[0m
[  41% ] [90m[1msavepack[22m | Storing File: res://assets/models/props/Sword_Bronze.fbx.import[39m[0m
[  41% ] [90m[1msavepack[22m | Storing File: res://.godot/imported/Sword_Bronze.gltf-7ffb048565cab8b189ba145b7549ea3b.scn[39m[0m
[  41% ] [90m[1msavepack[22m | Storing File: res://assets/models/props/Sword_Bronze.gltf.import[39m[0m
[  41% ] [90m[1msavepack[22m | Storing File: res://.godot/imported/Table_Fork.fbx-c01823d8325fa1417c7dd6d2cdaed59b.scn[39m[0m
[  41% ] [90m[1msavepack[22m | Storing File: res://assets/models/props/Table_Fork.fbx.import[39m[0m
[  41% ] [90m[1msavepack[22m | Storing File: res://.godot/imported/Table_Fork.gltf-9bec4e63d6f827b8ca1100fd898bfda3.scn[39m[0m
[  41% ] [90m[1msavepack[22m | Storing File: res://assets/models/props/Table_Fork.gltf.import[39m[0m
[  41% ] [90m[1msavepack[22m | Storing File: res://.godot/imported/Table_Knife.fbx-22730681442edce557883675680e3d4f.scn[39m[0m
[  41% ] [90m[1msavepack[22m | Storing File: res://assets/models/props/Table_Knife.fbx.import[39m[0m
[  41% ] [90m[1msavepack[22m | Storing File: res://.godot/imported/Table_Knife.gltf-7b766ad84c23dd1c2b39e6fadaf8e6d0.scn[39m[0m
[  41% ] [90m[1msavepack[22m | Storing File: res://assets/models/props/Table_Knife.gltf.import[39m[0m
[  41% ] [90m[1msavepack[22m | Storing File: res://.godot/imported/Table_Large.fbx-4083b7e86c72c498e0497e0f12742c57.scn[39m[0m
[  41% ] [90m[1msavepack[22m | Storing File: res://assets/models/props/Table_Large.fbx.import[39m[0m
[  41% ] [90m[1msavepack[22m | Storing File: res://.godot/imported/Table_Large.gltf-c919bdae348f5b2067f704102a1fee01.scn[39m[0m
[  41% ] [90m[1msavepack[22m | Storing File: res://assets/models/props/Table_Large.gltf.import[39m[0m
[  41% ] [90m[1msavepack[22m | Storing File: res://.godot/imported/Table_Plate.fbx-9225d79b4a5d384e44b8811a5d8b84ac.scn[39m[0m
[  41% ] [90m[1msavepack[22m | Storing File: res://assets/models/props/Table_Plate.fbx.import[39m[0m
[  41% ] [90m[1msavepack[22m | Storing File: res://.godot/imported/Table_Plate.gltf-db1a73cd2ab79a5d1a8570ea94eb15e0.scn[39m[0m
[  41% ] [90m[1msavepack[22m | Storing File: res://assets/models/props/Table_Plate.gltf.import[39m[0m
[  41% ] [90m[1msavepack[22m | Storing File: res://.godot/imported/Table_Spoon.fbx-827e34e3a8f3b1d54aa8fa12bd73a338.scn[39m[0m
[  41% ] [90m[1msavepack[22m | Storing File: res://assets/models/props/Table_Spoon.fbx.import[39m[0m
[  41% ] [90m[1msavepack[22m | Storing File: res://.godot/imported/Table_Spoon.gltf-5a8e592a12040c49a5bb07dcf7f24b0e.scn[39m[0m
[  41% ] [90m[1msavepack[22m | Storing File: res://assets/models/props/Table_Spoon.gltf.import[39m[0m
[  42% ] [90m[1msavepack[22m | Storing File: res://.godot/imported/Torch_Metal.fbx-fed502424c2eac79cb776daa489a4157.scn[39m[0m
[  42% ] [90m[1msavepack[22m | Storing File: res://assets/models/props/Torch_Metal.fbx.import[39m[0m
[  42% ] [90m[1msavepack[22m | Storing File: res://.godot/imported/Torch_Metal.gltf-30a932a8baf77eb0e45239ae21e13929.scn[39m[0m
[  42% ] [90m[1msavepack[22m | Storing File: res://assets/models/props/Torch_Metal.gltf.import[39m[0m
[  42% ] [90m[1msavepack[22m | Storing File: res://.godot/imported/tree_dead_large.gltf-fbd8fb09d3be9ca0cc73b84edd3af6ee.scn[39m[0m
[  42% ] [90m[1msavepack[22m | Storing File: res://assets/models/props/tree_dead_large.gltf.import[39m[0m
[  42% ] [90m[1msavepack[22m | Storing File: res://.godot/imported/tree_dead_large_decorated.gltf-d215afed7205049d99a56ccd92055018.scn[39m[0m
[  42% ] [90m[1msavepack[22m | Storing File: res://assets/models/props/tree_dead_large_decorated.gltf.import[39m[0m
[  42% ] [90m[1msavepack[22m | Storing File: res://.godot/imported/tree_dead_medium.gltf-387bef8e86e5f35a8b10c38abf5e7ea4.scn[39m[0m
[  42% ] [90m[1msavepack[22m | Storing File: res://assets/models/props/tree_dead_medium.gltf.import[39m[0m
[  42% ] [90m[1msavepack[22m | Storing File: res://.godot/imported/tree_dead_small.gltf-cf8a9a56e5f2633209fa6d1158f478c9.scn[39m[0m
[  42% ] [90m[1msavepack[22m | Storing File: res://assets/models/props/tree_dead_small.gltf.import[39m[0m
[  42% ] [90m[1msavepack[22m | Storing File: res://.godot/imported/tree_pine_orange_large.gltf-65cdf1b8248aeaa18708714261fdd784.scn[39m[0m
[  42% ] [90m[1msavepack[22m | Storing File: res://assets/models/props/tree_pine_orange_large.gltf.import[39m[0m
[  42% ] [90m[1msavepack[22m | Storing File: res://.godot/imported/tree_pine_orange_medium.gltf-2d446c4cadede9e76c13768f5f889804.scn[39m[0m
[  42% ] [90m[1msavepack[22m | Storing File: res://assets/models/props/tree_pine_orange_medium.gltf.import[39m[0m
[  42% ] [90m[1msavepack[22m | Storing File: res://.godot/imported/tree_pine_orange_small.gltf-296e9949d437c9f3a507fb6aeac246dd.scn[39m[0m
[  42% ] [90m[1msavepack[22m | Storing File: res://assets/models/props/tree_pine_orange_small.gltf.import[39m[0m
[  42% ] [90m[1msavepack[22m | Storing File: res://.godot/imported/tree_pine_yellow_large.gltf-8e212aa74a6deef20f687ac9c0bbe33b.scn[39m[0m
[  42% ] [90m[1msavepack[22m | Storing File: res://assets/models/props/tree_pine_yellow_large.gltf.import[39m[0m
[  42% ] [90m[1msavepack[22m | Storing File: res://.godot/imported/tree_pine_yellow_medium.gltf-adddaf6d84d938e3e7ae767cd26ee4d4.scn[39m[0m
[  42% ] [90m[1msavepack[22m | Storing File: res://assets/models/props/tree_pine_yellow_medium.gltf.import[39m[0m
[  42% ] [90m[1msavepack[22m | Storing File: res://.godot/imported/tree_pine_yellow_small.gltf-6d7b1e311d905208b8d234d72bd563d5.scn[39m[0m
[  42% ] [90m[1msavepack[22m | Storing File: res://assets/models/props/tree_pine_yellow_small.gltf.import[39m[0m
[  42% ] [90m[1msavepack[22m | Storing File: res://.godot/imported/T_Page_Noise.png-05e9be16e7df9470db4117104a2d8db5.ctex[39m[0m
[  42% ] [90m[1msavepack[22m | Storing File: res://assets/models/props/T_Page_Noise.png.import[39m[0m
[  43% ] [90m[1msavepack[22m | Storing File: res://.godot/imported/T_Trim_Cloth_BaseColor.png-dc11beecbafe70625dc42b5433e49136.ctex[39m[0m
[  43% ] [90m[1msavepack[22m | Storing File: res://assets/models/props/T_Trim_Cloth_BaseColor.png.import[39m[0m
[  43% ] [90m[1msavepack[22m | Storing File: res://.godot/imported/T_Trim_Cloth_Normal.png-738b337ffdd0dfea39c44f6402f1b1d7.ctex[39m[0m
[  43% ] [90m[1msavepack[22m | Storing File: res://assets/models/props/T_Trim_Cloth_Normal.png.import[39m[0m
[  43% ] [90m[1msavepack[22m | Storing File: res://.godot/imported/T_Trim_Cloth_ORM.png-c0fd9407bbc3e54ca4aeeb36c20b4851.ctex[39m[0m
[  43% ] [90m[1msavepack[22m | Storing File: res://assets/models/props/T_Trim_Cloth_ORM.png.import[39m[0m
[  43% ] [90m[1msavepack[22m | Storing File: res://.godot/imported/T_Trim_Furniture_BaseColor.png-70a2a384435003987dc832b28c611abe.ctex[39m[0m
[  43% ] [90m[1msavepack[22m | Storing File: res://assets/models/props/T_Trim_Furniture_BaseColor.png.import[39m[0m
[  43% ] [90m[1msavepack[22m | Storing File: res://.godot/imported/T_Trim_Furniture_Normal.png-ef30cd7816d62651d7ce74b52952bfb5.ctex[39m[0m
[  43% ] [90m[1msavepack[22m | Storing File: res://assets/models/props/T_Trim_Furniture_Normal.png.import[39m[0m
[  43% ] [90m[1msavepack[22m | Storing File: res://.godot/imported/T_Trim_Furniture_ORM.png-133a4e4d0d3a0a15fdc8879c003230ec.ctex[39m[0m
[  43% ] [90m[1msavepack[22m | Storing File: res://assets/models/props/T_Trim_Furniture_ORM.png.import[39m[0m
[  43% ] [90m[1msavepack[22m | Storing File: res://.godot/imported/T_Trim_Metal_BaseColor.png-f828369ae5544d918a761c2006a392ba.ctex[39m[0m
[  43% ] [90m[1msavepack[22m | Storing File: res://assets/models/props/T_Trim_Metal_BaseColor.png.import[39m[0m
[  43% ] [90m[1msavepack[22m | Storing File: res://.godot/imported/T_Trim_Metal_Normal.png-d7b75b386312771507131d4afcac362a.ctex[39m[0m
[  43% ] [90m[1msavepack[22m | Storing File: res://assets/models/props/T_Trim_Metal_Normal.png.import[39m[0m
[  43% ] [90m[1msavepack[22m | Storing File: res://.godot/imported/T_Trim_Metal_ORM.png-a4939e9dd56869ce9a78a45c57e214d2.ctex[39m[0m
[  43% ] [90m[1msavepack[22m | Storing File: res://assets/models/props/T_Trim_Metal_ORM.png.import[39m[0m
[  43% ] [90m[1msavepack[22m | Storing File: res://.godot/imported/T_Trim_Props_BaseColor.png-2bd99ebb0419513a22994a8751b16acd.ctex[39m[0m
[  43% ] [90m[1msavepack[22m | Storing File: res://assets/models/props/T_Trim_Props_BaseColor.png.import[39m[0m
[  43% ] [90m[1msavepack[22m | Storing File: res://.godot/imported/T_Trim_Props_Normal.png-a3e69e4a42fc54375deda4250209f172.ctex[39m[0m
[  43% ] [90m[1msavepack[22m | Storing File: res://assets/models/props/T_Trim_Props_Normal.png.import[39m[0m
[  43% ] [90m[1msavepack[22m | Storing File: res://.godot/imported/T_Trim_Props_ORM.png-35a10ff38181d0e7b3cc03fdd85e7840.ctex[39m[0m
[  43% ] [90m[1msavepack[22m | Storing File: res://assets/models/props/T_Trim_Props_ORM.png.import[39m[0m
[  44% ] [90m[1msavepack[22m | Storing File: res://.godot/imported/Vase_2.fbx-1e74e9258e4c38189fce38cb71298974.scn[39m[0m
[  44% ] [90m[1msavepack[22m | Storing File: res://assets/models/props/Vase_2.fbx.import[39m[0m
[  44% ] [90m[1msavepack[22m | Storing File: res://.godot/imported/Vase_2.gltf-2e325cba06cdd51a8aa8d92fc2f478b5.scn[39m[0m
[  44% ] [90m[1msavepack[22m | Storing File: res://assets/models/props/Vase_2.gltf.import[39m[0m
[  44% ] [90m[1msavepack[22m | Storing File: res://.godot/imported/Vase_4.fbx-28762a5d6d0652c47f1655ebd9171bb4.scn[39m[0m
[  44% ] [90m[1msavepack[22m | Storing File: res://assets/models/props/Vase_4.fbx.import[39m[0m
[  44% ] [90m[1msavepack[22m | Storing File: res://.godot/imported/Vase_4.gltf-4c16cc631741297f411589b5ae296d40.scn[39m[0m
[  44% ] [90m[1msavepack[22m | Storing File: res://assets/models/props/Vase_4.gltf.import[39m[0m
[  44% ] [90m[1msavepack[22m | Storing File: res://.godot/imported/Vase_Rubble_Medium.fbx-3db591e114215255e4f250c332fd12a4.scn[39m[0m
[  44% ] [90m[1msavepack[22m | Storing File: res://assets/models/props/Vase_Rubble_Medium.fbx.import[39m[0m
[  44% ] [90m[1msavepack[22m | Storing File: res://.godot/imported/Vase_Rubble_Medium.gltf-682bd9f712297d0c543b45a0dce15adb.scn[39m[0m
[  44% ] [90m[1msavepack[22m | Storing File: res://assets/models/props/Vase_Rubble_Medium.gltf.import[39m[0m
[  44% ] [90m[1msavepack[22m | Storing File: res://.godot/imported/WeaponStand.fbx-861e26c1399370b09f70f400fa3142e2.scn[39m[0m
[  44% ] [90m[1msavepack[22m | Storing File: res://assets/models/props/WeaponStand.fbx.import[39m[0m
[  44% ] [90m[1msavepack[22m | Storing File: res://.godot/imported/WeaponStand.gltf-f450a475d5ef91f33f862f648485ceb3.scn[39m[0m
[  44% ] [90m[1msavepack[22m | Storing File: res://assets/models/props/WeaponStand.gltf.import[39m[0m
[  44% ] [90m[1msavepack[22m | Storing File: res://.godot/imported/Whetstone.fbx-733516dd3334a546a312978f2dbee062.scn[39m[0m
[  44% ] [90m[1msavepack[22m | Storing File: res://assets/models/props/Whetstone.fbx.import[39m[0m
[  44% ] [90m[1msavepack[22m | Storing File: res://.godot/imported/Whetstone.gltf-6100114d736d5246f127a5493e396f2d.scn[39m[0m
[  44% ] [90m[1msavepack[22m | Storing File: res://assets/models/props/Whetstone.gltf.import[39m[0m
[  44% ] [90m[1msavepack[22m | Storing File: res://.godot/imported/Workbench.fbx-132a05585fafb85e28056f88bcc4162d.scn[39m[0m
[  44% ] [90m[1msavepack[22m | Storing File: res://assets/models/props/Workbench.fbx.import[39m[0m
[  44% ] [90m[1msavepack[22m | Storing File: res://.godot/imported/Workbench.gltf-0459854ba2abe92c3cbbdbf821656fec.scn[39m[0m
[  44% ] [90m[1msavepack[22m | Storing File: res://assets/models/props/Workbench.gltf.import[39m[0m
[  44% ] [90m[1msavepack[22m | Storing File: res://.godot/imported/Workbench_Drawers.fbx-7101f5988f8ba42ae42a2c57771a14b4.scn[39m[0m
[  44% ] [90m[1msavepack[22m | Storing File: res://assets/models/props/Workbench_Drawers.fbx.import[39m[0m
[  45% ] [90m[1msavepack[22m | Storing File: res://.godot/imported/Workbench_Drawers.gltf-6a0073a36877af66463cadd76e0b66b2.scn[39m[0m
[  45% ] [90m[1msavepack[22m | Storing File: res://assets/models/props/Workbench_Drawers.gltf.import[39m[0m
[  45% ] [90m[1msavepack[22m | Storing File: res://.godot/imported/Balcony_Cross_Corner.fbx-905114e1753fbe74e9aa9508aa4ee751.scn[39m[0m
[  45% ] [90m[1msavepack[22m | Storing File: res://assets/models/town/Balcony_Cross_Corner.fbx.import[39m[0m
[  45% ] [90m[1msavepack[22m | Storing File: res://.godot/imported/Balcony_Cross_Corner.gltf-73f4e417f57766a4a69644d82836b288.scn[39m[0m
[  45% ] [90m[1msavepack[22m | Storing File: res://assets/models/town/Balcony_Cross_Corner.gltf.import[39m[0m
[  45% ] [90m[1msavepack[22m | Storing File: res://.godot/imported/Balcony_Cross_Straight.fbx-22f07471641d0ae9189064c63d5009a5.scn[39m[0m
[  45% ] [90m[1msavepack[22m | Storing File: res://assets/models/town/Balcony_Cross_Straight.fbx.import[39m[0m
[  45% ] [90m[1msavepack[22m | Storing File: res://.godot/imported/Balcony_Cross_Straight.gltf-c5d2ada3e77cda7206751b3a54980db9.scn[39m[0m
[  45% ] [90m[1msavepack[22m | Storing File: res://assets/models/town/Balcony_Cross_Straight.gltf.import[39m[0m
[  45% ] [90m[1msavepack[22m | Storing File: res://.godot/imported/Balcony_Simple_Corner.fbx-f24b08067458c21fc08e61071c3f891e.scn[39m[0m
[  45% ] [90m[1msavepack[22m | Storing File: res://assets/models/town/Balcony_Simple_Corner.fbx.import[39m[0m
[  45% ] [90m[1msavepack[22m | Storing File: res://.godot/imported/Balcony_Simple_Corner.gltf-ce24bb1854e5e81afcf389f3461081ae.scn[39m[0m
[  45% ] [90m[1msavepack[22m | Storing File: res://assets/models/town/Balcony_Simple_Corner.gltf.import[39m[0m
[  45% ] [90m[1msavepack[22m | Storing File: res://.godot/imported/Balcony_Simple_Straight.fbx-fffa84f825c5c20218931e03cde7eafa.scn[39m[0m
[  45% ] [90m[1msavepack[22m | Storing File: res://assets/models/town/Balcony_Simple_Straight.fbx.import[39m[0m
[  45% ] [90m[1msavepack[22m | Storing File: res://.godot/imported/Balcony_Simple_Straight.gltf-9379a2231bc9e0f435ba82f7b055e5a0.scn[39m[0m
[  45% ] [90m[1msavepack[22m | Storing File: res://assets/models/town/Balcony_Simple_Straight.gltf.import[39m[0m
[  45% ] [90m[1msavepack[22m | Storing File: res://.godot/imported/barrel.gltf-c6f642dd42c4e61cfb509debdd0eedcd.scn[39m[0m
[  45% ] [90m[1msavepack[22m | Storing File: res://assets/models/town/barrel.gltf.import[39m[0m
[  45% ] [90m[1msavepack[22m | Storing File: res://.godot/imported/base.gltf-29aa024a097c3185f784524bf3ece6c5.scn[39m[0m
[  45% ] [90m[1msavepack[22m | Storing File: res://assets/models/town/base.gltf.import[39m[0m
[  45% ] [90m[1msavepack[22m | Storing File: res://.godot/imported/bench.gltf-c33ebfedc97cd835fb040d0c5ff230c7.scn[39m[0m
[  45% ] [90m[1msavepack[22m | Storing File: res://assets/models/town/bench.gltf.import[39m[0m
[  46% ] [90m[1msavepack[22m | Storing File: res://.godot/imported/box_A.gltf-7ee4175690aed6bea712aa0dcbdf81a3.scn[39m[0m
[  46% ] [90m[1msavepack[22m | Storing File: res://assets/models/town/box_A.gltf.import[39m[0m
[  46% ] [90m[1msavepack[22m | Storing File: res://.godot/imported/box_B.gltf-899574f3ed1794168d1c2b79a1eeb8b4.scn[39m[0m
[  46% ] [90m[1msavepack[22m | Storing File: res://assets/models/town/box_B.gltf.import[39m[0m
[  46% ] [90m[1msavepack[22m | Storing File: res://.godot/imported/bucket_arrows.gltf-6806ede211bfe041d683c23365577b90.scn[39m[0m
[  46% ] [90m[1msavepack[22m | Storing File: res://assets/models/town/bucket_arrows.gltf.import[39m[0m
[  46% ] [90m[1msavepack[22m | Storing File: res://.godot/imported/bucket_empty.gltf-7b6d35e2c403c7ef85f4b1fb9ff4bf30.scn[39m[0m
[  46% ] [90m[1msavepack[22m | Storing File: res://assets/models/town/bucket_empty.gltf.import[39m[0m
[  46% ] [90m[1msavepack[22m | Storing File: res://.godot/imported/bucket_water.gltf-bb9b63eab26f146b64eca2952970fa82.scn[39m[0m
[  46% ] [90m[1msavepack[22m | Storing File: res://assets/models/town/bucket_water.gltf.import[39m[0m
[  46% ] [90m[1msavepack[22m | Storing File: res://.godot/imported/building_A.gltf-fe8c3668c68fcebc001796cd7ab81fb6.scn[39m[0m
[  46% ] [90m[1msavepack[22m | Storing File: res://assets/models/town/building_A.gltf.import[39m[0m
[  46% ] [90m[1msavepack[22m | Storing File: res://.godot/imported/building_archeryrange_blue.gltf-4f33bbf3a38436523a923ddfdc4ee029.scn[39m[0m
[  46% ] [90m[1msavepack[22m | Storing File: res://assets/models/town/building_archeryrange_blue.gltf.import[39m[0m
[  46% ] [90m[1msavepack[22m | Storing File: res://.godot/imported/building_archeryrange_green.gltf-e2be18d2d8f20bb298d3af08a3c582c2.scn[39m[0m
[  46% ] [90m[1msavepack[22m | Storing File: res://assets/models/town/building_archeryrange_green.gltf.import[39m[0m
[  46% ] [90m[1msavepack[22m | Storing File: res://.godot/imported/building_archeryrange_red.gltf-a3b948bf69ee921feb8aeefe00a637aa.scn[39m[0m
[  46% ] [90m[1msavepack[22m | Storing File: res://assets/models/town/building_archeryrange_red.gltf.import[39m[0m
[  46% ] [90m[1msavepack[22m | Storing File: res://.godot/imported/building_archeryrange_yellow.gltf-23e12566a362affa811308d910689c51.scn[39m[0m
[  46% ] [90m[1msavepack[22m | Storing File: res://assets/models/town/building_archeryrange_yellow.gltf.import[39m[0m
[  46% ] [90m[1msavepack[22m | Storing File: res://.godot/imported/building_A_withoutBase.gltf-a29d3d0ca10579ac4b56dd2b8471d942.scn[39m[0m
[  46% ] [90m[1msavepack[22m | Storing File: res://assets/models/town/building_A_withoutBase.gltf.import[39m[0m
[  46% ] [90m[1msavepack[22m | Storing File: res://.godot/imported/building_B.gltf-7d9bc94e49e4366260cda20ef188f22d.scn[39m[0m
[  46% ] [90m[1msavepack[22m | Storing File: res://assets/models/town/building_B.gltf.import[39m[0m
[  46% ] [90m[1msavepack[22m | Storing File: res://.godot/imported/building_barracks_blue.gltf-0c7975e4930af2c4e98c546a4c7cea9f.scn[39m[0m
[  46% ] [90m[1msavepack[22m | Storing File: res://assets/models/town/building_barracks_blue.gltf.import[39m[0m
[  47% ] [90m[1msavepack[22m | Storing File: res://.godot/imported/building_barracks_green.gltf-2063ad6a53174b2192203f989ee7ecee.scn[39m[0m
[  47% ] [90m[1msavepack[22m | Storing File: res://assets/models/town/building_barracks_green.gltf.import[39m[0m
[  47% ] [90m[1msavepack[22m | Storing File: res://.godot/imported/building_barracks_red.gltf-b4b2d2d892b73aa9800f8f7f0d75e85a.scn[39m[0m
[  47% ] [90m[1msavepack[22m | Storing File: res://assets/models/town/building_barracks_red.gltf.import[39m[0m
[  47% ] [90m[1msavepack[22m | Storing File: res://.godot/imported/building_barracks_yellow.gltf-b93a9d8615bc2008303a15c57b47a2f9.scn[39m[0m
[  47% ] [90m[1msavepack[22m | Storing File: res://assets/models/town/building_barracks_yellow.gltf.import[39m[0m
[  47% ] [90m[1msavepack[22m | Storing File: res://.godot/imported/building_blacksmith_blue.gltf-9f75591b9be9c9d7c67cd7482a2da43a.scn[39m[0m
[  47% ] [90m[1msavepack[22m | Storing File: res://assets/models/town/building_blacksmith_blue.gltf.import[39m[0m
[  47% ] [90m[1msavepack[22m | Storing File: res://.godot/imported/building_blacksmith_green.gltf-d68288583c14f425e7088053d366b3ba.scn[39m[0m
[  47% ] [90m[1msavepack[22m | Storing File: res://assets/models/town/building_blacksmith_green.gltf.import[39m[0m
[  47% ] [90m[1msavepack[22m | Storing File: res://.godot/imported/building_blacksmith_red.gltf-f53d755e805a24924c41fb4bc7691e55.scn[39m[0m
[  47% ] [90m[1msavepack[22m | Storing File: res://assets/models/town/building_blacksmith_red.gltf.import[39m[0m
[  47% ] [90m[1msavepack[22m | Storing File: res://.godot/imported/building_blacksmith_yellow.gltf-3b99ed59b081b7d54cf604637d70d220.scn[39m[0m
[  47% ] [90m[1msavepack[22m | Storing File: res://assets/models/town/building_blacksmith_yellow.gltf.import[39m[0m
[  47% ] [90m[1msavepack[22m | Storing File: res://.godot/imported/building_bridge_A.gltf-dd534f83ddd0da04927a76d350cbedfa.scn[39m[0m
[  47% ] [90m[1msavepack[22m | Storing File: res://assets/models/town/building_bridge_A.gltf.import[39m[0m
[  47% ] [90m[1msavepack[22m | Storing File: res://.godot/imported/building_bridge_B.gltf-464829197fa0eac1335e99b1d2aee2ea.scn[39m[0m
[  47% ] [90m[1msavepack[22m | Storing File: res://assets/models/town/building_bridge_B.gltf.import[39m[0m
[  47% ] [90m[1msavepack[22m | Storing File: res://.godot/imported/building_B_withoutBase.gltf-194f3ad8313f34c81f9115115c9da4c3.scn[39m[0m
[  47% ] [90m[1msavepack[22m | Storing File: res://assets/models/town/building_B_withoutBase.gltf.import[39m[0m
[  47% ] [90m[1msavepack[22m | Storing File: res://.godot/imported/building_C.gltf-dbd73adc95791a1b68c07803066e04c4.scn[39m[0m
[  47% ] [90m[1msavepack[22m | Storing File: res://assets/models/town/building_C.gltf.import[39m[0m
[  47% ] [90m[1msavepack[22m | Storing File: res://.godot/imported/building_castle_blue.gltf-677079c75f9dbf1887a62a2a3c63be21.scn[39m[0m
[  47% ] [90m[1msavepack[22m | Storing File: res://assets/models/town/building_castle_blue.gltf.import[39m[0m
[  48% ] [90m[1msavepack[22m | Storing File: res://.godot/imported/building_castle_green.gltf-3f5216744a8c5f16c5d847cec3c606f6.scn[39m[0m
[  48% ] [90m[1msavepack[22m | Storing File: res://assets/models/town/building_castle_green.gltf.import[39m[0m
[  48% ] [90m[1msavepack[22m | Storing File: res://.godot/imported/building_castle_red.gltf-701b475134a63c36a0f1805c9976cdf6.scn[39m[0m
[  48% ] [90m[1msavepack[22m | Storing File: res://assets/models/town/building_castle_red.gltf.import[39m[0m
[  48% ] [90m[1msavepack[22m | Storing File: res://.godot/imported/building_castle_yellow.gltf-7a886aa4fb76401afcc7359a68dfedcf.scn[39m[0m
[  48% ] [90m[1msavepack[22m | Storing File: res://assets/models/town/building_castle_yellow.gltf.import[39m[0m
[  48% ] [90m[1msavepack[22m | Storing File: res://.godot/imported/building_church_blue.gltf-3f0e45197eb3b6f9b959b402fe14c8d4.scn[39m[0m
[  48% ] [90m[1msavepack[22m | Storing File: res://assets/models/town/building_church_blue.gltf.import[39m[0m
[  48% ] [90m[1msavepack[22m | Storing File: res://.godot/imported/building_church_green.gltf-ea3f9a83e9794e6e4e13d1745a97bd2e.scn[39m[0m
[  48% ] [90m[1msavepack[22m | Storing File: res://assets/models/town/building_church_green.gltf.import[39m[0m
[  48% ] [90m[1msavepack[22m | Storing File: res://.godot/imported/building_church_red.gltf-bb858e225ad1cc187f7845dbcd75130b.scn[39m[0m
[  48% ] [90m[1msavepack[22m | Storing File: res://assets/models/town/building_church_red.gltf.import[39m[0m
[  48% ] [90m[1msavepack[22m | Storing File: res://.godot/imported/building_church_yellow.gltf-6bc79635dec1700139bba31bc047452d.scn[39m[0m
[  48% ] [90m[1msavepack[22m | Storing File: res://assets/models/town/building_church_yellow.gltf.import[39m[0m
[  48% ] [90m[1msavepack[22m | Storing File: res://.godot/imported/building_C_withoutBase.gltf-be2078e658413f9236930196ef968a51.scn[39m[0m
[  48% ] [90m[1msavepack[22m | Storing File: res://assets/models/town/building_C_withoutBase.gltf.import[39m[0m
[  48% ] [90m[1msavepack[22m | Storing File: res://.godot/imported/building_D.gltf-10e9e9c234be4bbe8a9d3d671a8f762c.scn[39m[0m
[  48% ] [90m[1msavepack[22m | Storing File: res://assets/models/town/building_D.gltf.import[39m[0m
[  48% ] [90m[1msavepack[22m | Storing File: res://.godot/imported/building_destroyed.gltf-3e625fe80c92b863510732a0d590ebb3.scn[39m[0m
[  48% ] [90m[1msavepack[22m | Storing File: res://assets/models/town/building_destroyed.gltf.import[39m[0m
[  48% ] [90m[1msavepack[22m | Storing File: res://.godot/imported/building_dirt.gltf-9bb6b729451f416b623f30d59658ef20.scn[39m[0m
[  48% ] [90m[1msavepack[22m | Storing File: res://assets/models/town/building_dirt.gltf.import[39m[0m
[  48% ] [90m[1msavepack[22m | Storing File: res://.godot/imported/building_D_withoutBase.gltf-af750c33f9bb105488f99fdc9e2ef68e.scn[39m[0m
[  48% ] [90m[1msavepack[22m | Storing File: res://assets/models/town/building_D_withoutBase.gltf.import[39m[0m
[  48% ] [90m[1msavepack[22m | Storing File: res://.godot/imported/building_E.gltf-01d68821ca1229b56501fb2376ba412d.scn[39m[0m
[  48% ] [90m[1msavepack[22m | Storing File: res://assets/models/town/building_E.gltf.import[39m[0m
[  49% ] [90m[1msavepack[22m | Storing File: res://.godot/imported/building_E_withoutBase.gltf-9b521d31a7bfc652676463193c423287.scn[39m[0m
[  49% ] [90m[1msavepack[22m | Storing File: res://assets/models/town/building_E_withoutBase.gltf.import[39m[0m
[  49% ] [90m[1msavepack[22m | Storing File: res://.godot/imported/building_F.gltf-7e480542b990f9c185751510545f3788.scn[39m[0m
[  49% ] [90m[1msavepack[22m | Storing File: res://assets/models/town/building_F.gltf.import[39m[0m
[  49% ] [90m[1msavepack[22m | Storing File: res://.godot/imported/building_F_withoutBase.gltf-c557cc4beae544109c622b9833338b14.scn[39m[0m
[  49% ] [90m[1msavepack[22m | Storing File: res://assets/models/town/building_F_withoutBase.gltf.import[39m[0m
[  49% ] [90m[1msavepack[22m | Storing File: res://.godot/imported/building_G.gltf-0018466c193fdd7a8323991f7320a08f.scn[39m[0m
[  49% ] [90m[1msavepack[22m | Storing File: res://assets/models/town/building_G.gltf.import[39m[0m
[  49% ] [90m[1msavepack[22m | Storing File: res://.godot/imported/building_grain.gltf-719f2febe8e4d254af78a8c9b94a6737.scn[39m[0m
[  49% ] [90m[1msavepack[22m | Storing File: res://assets/models/town/building_grain.gltf.import[39m[0m
[  49% ] [90m[1msavepack[22m | Storing File: res://.godot/imported/building_G_withoutBase.gltf-34cdd604c9185c6b462242ab791981ca.scn[39m[0m
[  49% ] [90m[1msavepack[22m | Storing File: res://assets/models/town/building_G_withoutBase.gltf.import[39m[0m
[  49% ] [90m[1msavepack[22m | Storing File: res://.godot/imported/building_H.gltf-e51be1c72a2355617c43b278d861f4bc.scn[39m[0m
[  49% ] [90m[1msavepack[22m | Storing File: res://assets/models/town/building_H.gltf.import[39m[0m
[  49% ] [90m[1msavepack[22m | Storing File: res://.godot/imported/building_home_A_blue.gltf-e92401ac5294fc7e21e8e0be27d33892.scn[39m[0m
[  49% ] [90m[1msavepack[22m | Storing File: res://assets/models/town/building_home_A_blue.gltf.import[39m[0m
[  49% ] [90m[1msavepack[22m | Storing File: res://.godot/imported/building_home_A_green.gltf-45f485693dca807ad2bce425816d227c.scn[39m[0m
[  49% ] [90m[1msavepack[22m | Storing File: res://assets/models/town/building_home_A_green.gltf.import[39m[0m
[  49% ] [90m[1msavepack[22m | Storing File: res://.godot/imported/building_home_A_red.gltf-563c6864b566837ab59788db44fe989d.scn[39m[0m
[  49% ] [90m[1msavepack[22m | Storing File: res://assets/models/town/building_home_A_red.gltf.import[39m[0m
[  49% ] [90m[1msavepack[22m | Storing File: res://.godot/imported/building_home_A_yellow.gltf-b1c4d7cd1aa072a65f37d483d20403e1.scn[39m[0m
[  49% ] [90m[1msavepack[22m | Storing File: res://assets/models/town/building_home_A_yellow.gltf.import[39m[0m
[  49% ] [90m[1msavepack[22m | Storing File: res://.godot/imported/building_home_B_blue.gltf-c0603747d9aa2d14faf70814d548da26.scn[39m[0m
[  49% ] [90m[1msavepack[22m | Storing File: res://assets/models/town/building_home_B_blue.gltf.import[39m[0m
[  50% ] [90m[1msavepack[22m | Storing File: res://.godot/imported/building_home_B_green.gltf-f066dca7970ad7a53c4a289c73be6e79.scn[39m[0m
[  50% ] [90m[1msavepack[22m | Storing File: res://assets/models/town/building_home_B_green.gltf.import[39m[0m
[  50% ] [90m[1msavepack[22m | Storing File: res://.godot/imported/building_home_B_red.gltf-8bbfd02b45fee812acd65b4716ded6be.scn[39m[0m
[  50% ] [90m[1msavepack[22m | Storing File: res://assets/models/town/building_home_B_red.gltf.import[39m[0m
[  50% ] [90m[1msavepack[22m | Storing File: res://.godot/imported/building_home_B_yellow.gltf-a981c57f876fc2e9ff071c859d25eff8.scn[39m[0m
[  50% ] [90m[1msavepack[22m | Storing File: res://assets/models/town/building_home_B_yellow.gltf.import[39m[0m
[  50% ] [90m[1msavepack[22m | Storing File: res://.godot/imported/building_H_withoutBase.gltf-5aa61a9a3f79cab4290b0a50ce16b0a1.scn[39m[0m
[  50% ] [90m[1msavepack[22m | Storing File: res://assets/models/town/building_H_withoutBase.gltf.import[39m[0m
[  50% ] [90m[1msavepack[22m | Storing File: res://.godot/imported/building_lumbermill_blue.gltf-c142155e6450f6a5a13361b694927186.scn[39m[0m
[  50% ] [90m[1msavepack[22m | Storing File: res://assets/models/town/building_lumbermill_blue.gltf.import[39m[0m
[  50% ] [90m[1msavepack[22m | Storing File: res://.godot/imported/building_lumbermill_green.gltf-c7f69b560c55b6cfee025687520d2fab.scn[39m[0m
[  50% ] [90m[1msavepack[22m | Storing File: res://assets/models/town/building_lumbermill_green.gltf.import[39m[0m
[  50% ] [90m[1msavepack[22m | Storing File: res://.godot/imported/building_lumbermill_red.gltf-e674dde75b6cfdb2f2c31bf5cf895e57.scn[39m[0m
[  50% ] [90m[1msavepack[22m | Storing File: res://assets/models/town/building_lumbermill_red.gltf.import[39m[0m
[  50% ] [90m[1msavepack[22m | Storing File: res://.godot/imported/building_lumbermill_yellow.gltf-24b1e31726b3e9d6daad66c241f18d5a.scn[39m[0m
[  50% ] [90m[1msavepack[22m | Storing File: res://assets/models/town/building_lumbermill_yellow.gltf.import[39m[0m
[  50% ] [90m[1msavepack[22m | Storing File: res://.godot/imported/building_market_blue.gltf-fb9c1188197bd32ffb0754ffa556a277.scn[39m[0m
[  50% ] [90m[1msavepack[22m | Storing File: res://assets/models/town/building_market_blue.gltf.import[39m[0m
[  50% ] [90m[1msavepack[22m | Storing File: res://.godot/imported/building_market_green.gltf-0cfe59b16b5b31633d7455b1d5e0eff2.scn[39m[0m
[  50% ] [90m[1msavepack[22m | Storing File: res://assets/models/town/building_market_green.gltf.import[39m[0m
[  50% ] [90m[1msavepack[22m | Storing File: res://.godot/imported/building_market_red.gltf-68b43ff37bd7aedaaa156f5107d686d1.scn[39m[0m
[  50% ] [90m[1msavepack[22m | Storing File: res://assets/models/town/building_market_red.gltf.import[39m[0m
[  50% ] [90m[1msavepack[22m | Storing File: res://.godot/imported/building_market_yellow.gltf-e38a03213fedf66c8cba02ea9481c65a.scn[39m[0m
[  50% ] [90m[1msavepack[22m | Storing File: res://assets/models/town/building_market_yellow.gltf.import[39m[0m
[  51% ] [90m[1msavepack[22m | Storing File: res://.godot/imported/building_mine_blue.gltf-ab7c2e059d1ac2061f8495cd8ee3ec19.scn[39m[0m
[  51% ] [90m[1msavepack[22m | Storing File: res://assets/models/town/building_mine_blue.gltf.import[39m[0m
[  51% ] [90m[1msavepack[22m | Storing File: res://.godot/imported/building_mine_green.gltf-238d68fb3611dd6ff37849cfc7a7815d.scn[39m[0m
[  51% ] [90m[1msavepack[22m | Storing File: res://assets/models/town/building_mine_green.gltf.import[39m[0m
[  51% ] [90m[1msavepack[22m | Storing File: res://.godot/imported/building_mine_red.gltf-0a7eaaed713bf3f9bd7030ededaa30f7.scn[39m[0m
[  51% ] [90m[1msavepack[22m | Storing File: res://assets/models/town/building_mine_red.gltf.import[39m[0m
[  51% ] [90m[1msavepack[22m | Storing File: res://.godot/imported/building_mine_yellow.gltf-e0deeda0b797075872955df6510c0c4b.scn[39m[0m
[  51% ] [90m[1msavepack[22m | Storing File: res://assets/models/town/building_mine_yellow.gltf.import[39m[0m
[  51% ] [90m[1msavepack[22m | Storing File: res://.godot/imported/building_scaffolding.gltf-0157e41ce4858e5567c12ce260f483b1.scn[39m[0m
[  51% ] [90m[1msavepack[22m | Storing File: res://assets/models/town/building_scaffolding.gltf.import[39m[0m
[  51% ] [90m[1msavepack[22m | Storing File: res://.godot/imported/building_stage_A.gltf-6800fa197c112e13f20a960671d0fa74.scn[39m[0m
[  51% ] [90m[1msavepack[22m | Storing File: res://assets/models/town/building_stage_A.gltf.import[39m[0m
[  51% ] [90m[1msavepack[22m | Storing File: res://.godot/imported/building_stage_B.gltf-de6d76385a1b71d7a2afd96ede4a3b4a.scn[39m[0m
[  51% ] [90m[1msavepack[22m | Storing File: res://assets/models/town/building_stage_B.gltf.import[39m[0m
[  51% ] [90m[1msavepack[22m | Storing File: res://.godot/imported/building_stage_C.gltf-560c0b3f21c45006efba829cf5bf0814.scn[39m[0m
[  51% ] [90m[1msavepack[22m | Storing File: res://assets/models/town/building_stage_C.gltf.import[39m[0m
[  51% ] [90m[1msavepack[22m | Storing File: res://.godot/imported/building_tavern_blue.gltf-0d98e7fb28698b5b9e3c0613011c3ec4.scn[39m[0m
[  51% ] [90m[1msavepack[22m | Storing File: res://assets/models/town/building_tavern_blue.gltf.import[39m[0m
[  51% ] [90m[1msavepack[22m | Storing File: res://.godot/imported/building_tavern_green.gltf-d6974ed795abb73235837cfead2ddbad.scn[39m[0m
[  51% ] [90m[1msavepack[22m | Storing File: res://assets/models/town/building_tavern_green.gltf.import[39m[0m
[  51% ] [90m[1msavepack[22m | Storing File: res://.godot/imported/building_tavern_red.gltf-125bcfaca949a9f672496d251d9ff5ac.scn[39m[0m
[  51% ] [90m[1msavepack[22m | Storing File: res://assets/models/town/building_tavern_red.gltf.import[39m[0m
[  51% ] [90m[1msavepack[22m | Storing File: res://.godot/imported/building_tavern_yellow.gltf-68042c8e7950d06601a18d9356a29340.scn[39m[0m
[  51% ] [90m[1msavepack[22m | Storing File: res://assets/models/town/building_tavern_yellow.gltf.import[39m[0m
[  51% ] [90m[1msavepack[22m | Storing File: res://.godot/imported/building_tower_A_blue.gltf-4d05d680fa6884a8a4c13d9f005f54d3.scn[39m[0m
[  51% ] [90m[1msavepack[22m | Storing File: res://assets/models/town/building_tower_A_blue.gltf.import[39m[0m
[  52% ] [90m[1msavepack[22m | Storing File: res://.godot/imported/building_tower_A_green.gltf-1ab9807dbe780f7b5c953611a795a4ea.scn[39m[0m
[  52% ] [90m[1msavepack[22m | Storing File: res://assets/models/town/building_tower_A_green.gltf.import[39m[0m
[  52% ] [90m[1msavepack[22m | Storing File: res://.godot/imported/building_tower_A_red.gltf-da1203a83c58596d40406bfcc63e4abf.scn[39m[0m
[  52% ] [90m[1msavepack[22m | Storing File: res://assets/models/town/building_tower_A_red.gltf.import[39m[0m
[  52% ] [90m[1msavepack[22m | Storing File: res://.godot/imported/building_tower_A_yellow.gltf-d3246040c06f1f97bfe5b79b155daa24.scn[39m[0m
[  52% ] [90m[1msavepack[22m | Storing File: res://assets/models/town/building_tower_A_yellow.gltf.import[39m[0m
[  52% ] [90m[1msavepack[22m | Storing File: res://.godot/imported/building_tower_base_blue.gltf-a47f1046c25c29faf41184dd3724b4fc.scn[39m[0m
[  52% ] [90m[1msavepack[22m | Storing File: res://assets/models/town/building_tower_base_blue.gltf.import[39m[0m
[  52% ] [90m[1msavepack[22m | Storing File: res://.godot/imported/building_tower_base_green.gltf-62e38d1b424a2ce8d823944eca9cdef7.scn[39m[0m
[  52% ] [90m[1msavepack[22m | Storing File: res://assets/models/town/building_tower_base_green.gltf.import[39m[0m
[  52% ] [90m[1msavepack[22m | Storing File: res://.godot/imported/building_tower_base_red.gltf-ca187c7d0abf77709ef7d9fed15a89c3.scn[39m[0m
[  52% ] [90m[1msavepack[22m | Storing File: res://assets/models/town/building_tower_base_red.gltf.import[39m[0m
[  52% ] [90m[1msavepack[22m | Storing File: res://.godot/imported/building_tower_base_yellow.gltf-01b34a486925674452a25ba747054fed.scn[39m[0m
[  52% ] [90m[1msavepack[22m | Storing File: res://assets/models/town/building_tower_base_yellow.gltf.import[39m[0m
[  52% ] [90m[1msavepack[22m | Storing File: res://.godot/imported/building_tower_B_blue.gltf-94ecc0bbd43b939400fcce8a86086195.scn[39m[0m
[  52% ] [90m[1msavepack[22m | Storing File: res://assets/models/town/building_tower_B_blue.gltf.import[39m[0m
[  52% ] [90m[1msavepack[22m | Storing File: res://.godot/imported/building_tower_B_green.gltf-851e4ad32776b00dcbc3ebdcbe6df623.scn[39m[0m
[  52% ] [90m[1msavepack[22m | Storing File: res://assets/models/town/building_tower_B_green.gltf.import[39m[0m
[  52% ] [90m[1msavepack[22m | Storing File: res://.godot/imported/building_tower_B_red.gltf-dd2b5d999acb360432b1a7aa3428da14.scn[39m[0m
[  52% ] [90m[1msavepack[22m | Storing File: res://assets/models/town/building_tower_B_red.gltf.import[39m[0m
[  52% ] [90m[1msavepack[22m | Storing File: res://.godot/imported/building_tower_B_yellow.gltf-c80ae66bd1b92c538ec233762da045de.scn[39m[0m
[  52% ] [90m[1msavepack[22m | Storing File: res://assets/models/town/building_tower_B_yellow.gltf.import[39m[0m
[  52% ] [90m[1msavepack[22m | Storing File: res://.godot/imported/building_tower_catapult_blue.gltf-8030c05ae3660712674a5a9626761be3.scn[39m[0m
[  52% ] [90m[1msavepack[22m | Storing File: res://assets/models/town/building_tower_catapult_blue.gltf.import[39m[0m
[  53% ] [90m[1msavepack[22m | Storing File: res://.godot/imported/building_tower_catapult_green.gltf-40dc2e872dd5e2491547552d9b4d3552.scn[39m[0m
[  53% ] [90m[1msavepack[22m | Storing File: res://assets/models/town/building_tower_catapult_green.gltf.import[39m[0m
[  53% ] [90m[1msavepack[22m | Storing File: res://.godot/imported/building_tower_catapult_red.gltf-3ed71d51610adb4dc7c146bd99d5ee7c.scn[39m[0m
[  53% ] [90m[1msavepack[22m | Storing File: res://assets/models/town/building_tower_catapult_red.gltf.import[39m[0m
[  53% ] [90m[1msavepack[22m | Storing File: res://.godot/imported/building_tower_catapult_yellow.gltf-6d23261590635fe9e433a473b9fdbec6.scn[39m[0m
[  53% ] [90m[1msavepack[22m | Storing File: res://assets/models/town/building_tower_catapult_yellow.gltf.import[39m[0m
[  53% ] [90m[1msavepack[22m | Storing File: res://.godot/imported/building_watermill_blue.gltf-dfabc80935c329009e16766fbe705038.scn[39m[0m
[  53% ] [90m[1msavepack[22m | Storing File: res://assets/models/town/building_watermill_blue.gltf.import[39m[0m
[  53% ] [90m[1msavepack[22m | Storing File: res://.godot/imported/building_watermill_green.gltf-f43d5133a0d342307460c3a6a22d94a1.scn[39m[0m
[  53% ] [90m[1msavepack[22m | Storing File: res://assets/models/town/building_watermill_green.gltf.import[39m[0m
[  53% ] [90m[1msavepack[22m | Storing File: res://.godot/imported/building_watermill_red.gltf-ffdb7e398df41190adf5e15f3c7c953b.scn[39m[0m
[  53% ] [90m[1msavepack[22m | Storing File: res://assets/models/town/building_watermill_red.gltf.import[39m[0m
[  53% ] [90m[1msavepack[22m | Storing File: res://.godot/imported/building_watermill_yellow.gltf-ed388e07e8e9bdd853d2fcc74c4dfdb2.scn[39m[0m
[  53% ] [90m[1msavepack[22m | Storing File: res://assets/models/town/building_watermill_yellow.gltf.import[39m[0m
[  53% ] [90m[1msavepack[22m | Storing File: res://.godot/imported/building_well_blue.gltf-2c09c3495175433b3b1cffe66dbbc149.scn[39m[0m
[  53% ] [90m[1msavepack[22m | Storing File: res://assets/models/town/building_well_blue.gltf.import[39m[0m
[  53% ] [90m[1msavepack[22m | Storing File: res://.godot/imported/building_well_green.gltf-fea2d067d0d7fed0495db51b7f95c778.scn[39m[0m
[  53% ] [90m[1msavepack[22m | Storing File: res://assets/models/town/building_well_green.gltf.import[39m[0m
[  53% ] [90m[1msavepack[22m | Storing File: res://.godot/imported/building_well_red.gltf-974f37248116245bcdc7e3078ed5237a.scn[39m[0m
[  53% ] [90m[1msavepack[22m | Storing File: res://assets/models/town/building_well_red.gltf.import[39m[0m
[  53% ] [90m[1msavepack[22m | Storing File: res://.godot/imported/building_well_yellow.gltf-b2f5b7bd2607f37bea4a76eb598ee0ea.scn[39m[0m
[  53% ] [90m[1msavepack[22m | Storing File: res://assets/models/town/building_well_yellow.gltf.import[39m[0m
[  53% ] [90m[1msavepack[22m | Storing File: res://.godot/imported/building_windmill_blue.gltf-1c2bf5d6f2ad21b65b1778c98ce05aa7.scn[39m[0m
[  53% ] [90m[1msavepack[22m | Storing File: res://assets/models/town/building_windmill_blue.gltf.import[39m[0m
[  53% ] [90m[1msavepack[22m | Storing File: res://.godot/imported/building_windmill_green.gltf-08f7225ade786612f40ba0f537f70e32.scn[39m[0m
[  53% ] [90m[1msavepack[22m | Storing File: res://assets/models/town/building_windmill_green.gltf.import[39m[0m
[  54% ] [90m[1msavepack[22m | Storing File: res://.godot/imported/building_windmill_red.gltf-d07b9a5243e5ee2740a4647d5d7b9472.scn[39m[0m
[  54% ] [90m[1msavepack[22m | Storing File: res://assets/models/town/building_windmill_red.gltf.import[39m[0m
[  54% ] [90m[1msavepack[22m | Storing File: res://.godot/imported/building_windmill_yellow.gltf-b1898aacbfdb23428f3dfc513de455f3.scn[39m[0m
[  54% ] [90m[1msavepack[22m | Storing File: res://assets/models/town/building_windmill_yellow.gltf.import[39m[0m
[  54% ] [90m[1msavepack[22m | Storing File: res://.godot/imported/bush.gltf-a324dfcd8410bb7ddcd6ca1f291a88c9.scn[39m[0m
[  54% ] [90m[1msavepack[22m | Storing File: res://assets/models/town/bush.gltf.import[39m[0m
[  54% ] [90m[1msavepack[22m | Storing File: res://.godot/imported/car_hatchback.gltf-5b44ebc1ccfbc59e6f54847bad205788.scn[39m[0m
[  54% ] [90m[1msavepack[22m | Storing File: res://assets/models/town/car_hatchback.gltf.import[39m[0m
[  54% ] [90m[1msavepack[22m | Storing File: res://.godot/imported/car_police.gltf-63312aa282ac881e9ad6dd653daebc70.scn[39m[0m
[  54% ] [90m[1msavepack[22m | Storing File: res://assets/models/town/car_police.gltf.import[39m[0m
[  54% ] [90m[1msavepack[22m | Storing File: res://.godot/imported/car_sedan.gltf-a767579bca61a1af43c67d846c55043b.scn[39m[0m
[  54% ] [90m[1msavepack[22m | Storing File: res://assets/models/town/car_sedan.gltf.import[39m[0m
[  54% ] [90m[1msavepack[22m | Storing File: res://.godot/imported/car_stationwagon.gltf-f45d3ab79647b783ba0966f4d4152c03.scn[39m[0m
[  54% ] [90m[1msavepack[22m | Storing File: res://assets/models/town/car_stationwagon.gltf.import[39m[0m
[  54% ] [90m[1msavepack[22m | Storing File: res://.godot/imported/car_taxi.gltf-5efaf1880ab8aaa95843ab3dc1fb20f8.scn[39m[0m
[  54% ] [90m[1msavepack[22m | Storing File: res://assets/models/town/car_taxi.gltf.import[39m[0m
[  54% ] [90m[1msavepack[22m | Storing File: res://.godot/imported/citybits_texture.png-3b2af6926307e19466d2646f254cfc77.s3tc.ctex[39m[0m
[  54% ] [90m[1msavepack[22m | Storing File: res://assets/models/town/citybits_texture.png.import[39m[0m
[  54% ] [90m[1msavepack[22m | Storing File: res://.godot/imported/cloud_big.gltf-d0905b7ab2d343fe5b41968fe5443eef.scn[39m[0m
[  54% ] [90m[1msavepack[22m | Storing File: res://assets/models/town/cloud_big.gltf.import[39m[0m
[  54% ] [90m[1msavepack[22m | Storing File: res://.godot/imported/cloud_small.gltf-f8f9bcd8364b7181b9128e3e1939bd2b.scn[39m[0m
[  54% ] [90m[1msavepack[22m | Storing File: res://assets/models/town/cloud_small.gltf.import[39m[0m
[  54% ] [90m[1msavepack[22m | Storing File: res://.godot/imported/Corner_ExteriorWide_Brick.fbx-f70162bf18ae9ee79cfe3cf8ccf6e35e.scn[39m[0m
[  54% ] [90m[1msavepack[22m | Storing File: res://assets/models/town/Corner_ExteriorWide_Brick.fbx.import[39m[0m
[  55% ] [90m[1msavepack[22m | Storing File: res://.godot/imported/Corner_ExteriorWide_Brick.gltf-2930e20feba4438e91ee99d840a00e4d.scn[39m[0m
[  55% ] [90m[1msavepack[22m | Storing File: res://assets/models/town/Corner_ExteriorWide_Brick.gltf.import[39m[0m
[  55% ] [90m[1msavepack[22m | Storing File: res://.godot/imported/Corner_ExteriorWide_Wood.fbx-7db7aa26652d4fb583ffaeb2c19b8183.scn[39m[0m
[  55% ] [90m[1msavepack[22m | Storing File: res://assets/models/town/Corner_ExteriorWide_Wood.fbx.import[39m[0m
[  55% ] [90m[1msavepack[22m | Storing File: res://.godot/imported/Corner_ExteriorWide_Wood.gltf-4022973cef4dd389c9a7c1f4534a699a.scn[39m[0m
[  55% ] [90m[1msavepack[22m | Storing File: res://assets/models/town/Corner_ExteriorWide_Wood.gltf.import[39m[0m
[  55% ] [90m[1msavepack[22m | Storing File: res://.godot/imported/Corner_Exterior_Brick.fbx-816796e8c7e21c7d1462671bd1cbd2ef.scn[39m[0m
[  55% ] [90m[1msavepack[22m | Storing File: res://assets/models/town/Corner_Exterior_Brick.fbx.import[39m[0m
[  55% ] [90m[1msavepack[22m | Storing File: res://.godot/imported/Corner_Exterior_Brick.gltf-dad4a98dd515a15074f407d5465852a4.scn[39m[0m
[  55% ] [90m[1msavepack[22m | Storing File: res://assets/models/town/Corner_Exterior_Brick.gltf.import[39m[0m
[  55% ] [90m[1msavepack[22m | Storing File: res://.godot/imported/Corner_Exterior_TopDown.fbx-3625858792f0b35b26d72a57627ffc93.scn[39m[0m
[  55% ] [90m[1msavepack[22m | Storing File: res://assets/models/town/Corner_Exterior_TopDown.fbx.import[39m[0m
[  55% ] [90m[1msavepack[22m | Storing File: res://.godot/imported/Corner_Exterior_TopDown.gltf-6e41860b5a3d72a017fb5e1371ddd277.scn[39m[0m
[  55% ] [90m[1msavepack[22m | Storing File: res://assets/models/town/Corner_Exterior_TopDown.gltf.import[39m[0m
[  55% ] [90m[1msavepack[22m | Storing File: res://.godot/imported/Corner_Exterior_TopOnly.fbx-e90b3df74fde9df9836fad430239f1de.scn[39m[0m
[  55% ] [90m[1msavepack[22m | Storing File: res://assets/models/town/Corner_Exterior_TopOnly.fbx.import[39m[0m
[  55% ] [90m[1msavepack[22m | Storing File: res://.godot/imported/Corner_Exterior_TopOnly.gltf-c938f7e226f5540ecd1f5baa57726c9f.scn[39m[0m
[  55% ] [90m[1msavepack[22m | Storing File: res://assets/models/town/Corner_Exterior_TopOnly.gltf.import[39m[0m
[  55% ] [90m[1msavepack[22m | Storing File: res://.godot/imported/Corner_Exterior_Wood.fbx-4569d4c4c7dc74c70ebdc8635c60c0ec.scn[39m[0m
[  55% ] [90m[1msavepack[22m | Storing File: res://assets/models/town/Corner_Exterior_Wood.fbx.import[39m[0m
[  55% ] [90m[1msavepack[22m | Storing File: res://.godot/imported/Corner_Exterior_Wood.gltf-bc107c8ca8eedcb1072fe294573658ea.scn[39m[0m
[  55% ] [90m[1msavepack[22m | Storing File: res://assets/models/town/Corner_Exterior_Wood.gltf.import[39m[0m
[  55% ] [90m[1msavepack[22m | Storing File: res://.godot/imported/Corner_Interior_Big.fbx-37830cb322734e3a8a34412c35ea859b.scn[39m[0m
[  55% ] [90m[1msavepack[22m | Storing File: res://assets/models/town/Corner_Interior_Big.fbx.import[39m[0m
[  55% ] [90m[1msavepack[22m | Storing File: res://.godot/imported/Corner_Interior_Big.gltf-adb9cd61a9e1a3c60f11eef3b2af8865.scn[39m[0m
[  55% ] [90m[1msavepack[22m | Storing File: res://assets/models/town/Corner_Interior_Big.gltf.import[39m[0m
[  56% ] [90m[1msavepack[22m | Storing File: res://.godot/imported/Corner_Interior_Small.fbx-a0666ca85765e34ee942c94bda9c18a7.scn[39m[0m
[  56% ] [90m[1msavepack[22m | Storing File: res://assets/models/town/Corner_Interior_Small.fbx.import[39m[0m
[  56% ] [90m[1msavepack[22m | Storing File: res://.godot/imported/Corner_Interior_Small.gltf-cac7370225b7e3ce7c8e80210809a7a3.scn[39m[0m
[  56% ] [90m[1msavepack[22m | Storing File: res://assets/models/town/Corner_Interior_Small.gltf.import[39m[0m
[  56% ] [90m[1msavepack[22m | Storing File: res://.godot/imported/crate_A_big.gltf-8791c38b4bc5f1bbd51ca65525970e91.scn[39m[0m
[  56% ] [90m[1msavepack[22m | Storing File: res://assets/models/town/crate_A_big.gltf.import[39m[0m
[  56% ] [90m[1msavepack[22m | Storing File: res://.godot/imported/crate_A_small.gltf-c8ba618fe093594acf738f821d79fd6a.scn[39m[0m
[  56% ] [90m[1msavepack[22m | Storing File: res://assets/models/town/crate_A_small.gltf.import[39m[0m
[  56% ] [90m[1msavepack[22m | Storing File: res://.godot/imported/crate_B_big.gltf-2761bbc0cbcb08302458257f02d3737d.scn[39m[0m
[  56% ] [90m[1msavepack[22m | Storing File: res://assets/models/town/crate_B_big.gltf.import[39m[0m
[  56% ] [90m[1msavepack[22m | Storing File: res://.godot/imported/crate_B_small.gltf-51bd7e6b5b4988f27aac7900ed0f049f.scn[39m[0m
[  56% ] [90m[1msavepack[22m | Storing File: res://assets/models/town/crate_B_small.gltf.import[39m[0m
[  56% ] [90m[1msavepack[22m | Storing File: res://.godot/imported/crate_long_A.gltf-f094320d91016bd90bd580e174c07149.scn[39m[0m
[  56% ] [90m[1msavepack[22m | Storing File: res://assets/models/town/crate_long_A.gltf.import[39m[0m
[  56% ] [90m[1msavepack[22m | Storing File: res://.godot/imported/crate_long_B.gltf-1a55be2c2a89dfb6c992f5bbbe4e17b7.scn[39m[0m
[  56% ] [90m[1msavepack[22m | Storing File: res://assets/models/town/crate_long_B.gltf.import[39m[0m
[  56% ] [90m[1msavepack[22m | Storing File: res://.godot/imported/crate_long_C.gltf-2aebae53ba8bcba748e7c724eab1801c.scn[39m[0m
[  56% ] [90m[1msavepack[22m | Storing File: res://assets/models/town/crate_long_C.gltf.import[39m[0m
[  56% ] [90m[1msavepack[22m | Storing File: res://.godot/imported/crate_long_empty.gltf-4f9a41b71c75259dfc8dd8689b87751d.scn[39m[0m
[  56% ] [90m[1msavepack[22m | Storing File: res://assets/models/town/crate_long_empty.gltf.import[39m[0m
[  56% ] [90m[1msavepack[22m | Storing File: res://.godot/imported/crate_open.gltf-cd833809462d6f858ef7d3a80ce4e0b4.scn[39m[0m
[  56% ] [90m[1msavepack[22m | Storing File: res://assets/models/town/crate_open.gltf.import[39m[0m
[  56% ] [90m[1msavepack[22m | Storing File: res://.godot/imported/DoorFrame_Flat_Brick.fbx-5a7debfadf854779b057234c78dfbd93.scn[39m[0m
[  56% ] [90m[1msavepack[22m | Storing File: res://assets/models/town/DoorFrame_Flat_Brick.fbx.import[39m[0m
[  57% ] [90m[1msavepack[22m | Storing File: res://.godot/imported/DoorFrame_Flat_Brick.gltf-34b9687468e2fa8f51526949f487a85e.scn[39m[0m
[  57% ] [90m[1msavepack[22m | Storing File: res://assets/models/town/DoorFrame_Flat_Brick.gltf.import[39m[0m
[  57% ] [90m[1msavepack[22m | Storing File: res://.godot/imported/DoorFrame_Flat_WoodDark.fbx-121d6b7a818170e926fea06ddce5f838.scn[39m[0m
[  57% ] [90m[1msavepack[22m | Storing File: res://assets/models/town/DoorFrame_Flat_WoodDark.fbx.import[39m[0m
[  57% ] [90m[1msavepack[22m | Storing File: res://.godot/imported/DoorFrame_Flat_WoodDark.gltf-ecbe5f27c72442ad2fb40683f91397fc.scn[39m[0m
[  57% ] [90m[1msavepack[22m | Storing File: res://assets/models/town/DoorFrame_Flat_WoodDark.gltf.import[39m[0m
[  57% ] [90m[1msavepack[22m | Storing File: res://.godot/imported/DoorFrame_Round_Brick.fbx-033e2be939bfba9581927f17b3913e70.scn[39m[0m
[  57% ] [90m[1msavepack[22m | Storing File: res://assets/models/town/DoorFrame_Round_Brick.fbx.import[39m[0m
[  57% ] [90m[1msavepack[22m | Storing File: res://.godot/imported/DoorFrame_Round_Brick.gltf-b77cdf5a795737e68715280a609d2b95.scn[39m[0m
[  57% ] [90m[1msavepack[22m | Storing File: res://assets/models/town/DoorFrame_Round_Brick.gltf.import[39m[0m
[  57% ] [90m[1msavepack[22m | Storing File: res://.godot/imported/DoorFrame_Round_WoodDark.fbx-abcc46b0fa567d35e87e467dc1cb8717.scn[39m[0m
[  57% ] [90m[1msavepack[22m | Storing File: res://assets/models/town/DoorFrame_Round_WoodDark.fbx.import[39m[0m
[  57% ] [90m[1msavepack[22m | Storing File: res://.godot/imported/DoorFrame_Round_WoodDark.gltf-a2388af4dcf62ebb682bd588e123a817.scn[39m[0m
[  57% ] [90m[1msavepack[22m | Storing File: res://assets/models/town/DoorFrame_Round_WoodDark.gltf.import[39m[0m
[  57% ] [90m[1msavepack[22m | Storing File: res://.godot/imported/Door_1_Flat.fbx-399fc87f1c5b8985952090c4fb52ba6d.scn[39m[0m
[  57% ] [90m[1msavepack[22m | Storing File: res://assets/models/town/Door_1_Flat.fbx.import[39m[0m
[  57% ] [90m[1msavepack[22m | Storing File: res://.godot/imported/Door_1_Flat.gltf-4f437d712726d6f7d7836fe2a8985f68.scn[39m[0m
[  57% ] [90m[1msavepack[22m | Storing File: res://assets/models/town/Door_1_Flat.gltf.import[39m[0m
[  57% ] [90m[1msavepack[22m | Storing File: res://.godot/imported/Door_1_Round.fbx-4d9cf3b9987fa6d02763697234cc0e4a.scn[39m[0m
[  57% ] [90m[1msavepack[22m | Storing File: res://assets/models/town/Door_1_Round.fbx.import[39m[0m
[  57% ] [90m[1msavepack[22m | Storing File: res://.godot/imported/Door_1_Round.gltf-a635203156e8112d16b512b15778a732.scn[39m[0m
[  57% ] [90m[1msavepack[22m | Storing File: res://assets/models/town/Door_1_Round.gltf.import[39m[0m
[  57% ] [90m[1msavepack[22m | Storing File: res://.godot/imported/Door_2_Flat.fbx-4550f321044e09f1bab4cbc3e66e382b.scn[39m[0m
[  57% ] [90m[1msavepack[22m | Storing File: res://assets/models/town/Door_2_Flat.fbx.import[39m[0m
[  57% ] [90m[1msavepack[22m | Storing File: res://.godot/imported/Door_2_Flat.gltf-6a5f7c5ebbdfc447b9fedce9a7863d1d.scn[39m[0m
[  57% ] [90m[1msavepack[22m | Storing File: res://assets/models/town/Door_2_Flat.gltf.import[39m[0m
[  58% ] [90m[1msavepack[22m | Storing File: res://.godot/imported/Door_2_Round.fbx-505851df7f4327aee56ad3a202c81c68.scn[39m[0m
[  58% ] [90m[1msavepack[22m | Storing File: res://assets/models/town/Door_2_Round.fbx.import[39m[0m
[  58% ] [90m[1msavepack[22m | Storing File: res://.godot/imported/Door_2_Round.gltf-65b18ce3d4bf0fe7444c33b787e26200.scn[39m[0m
[  58% ] [90m[1msavepack[22m | Storing File: res://assets/models/town/Door_2_Round.gltf.import[39m[0m
[  58% ] [90m[1msavepack[22m | Storing File: res://.godot/imported/Door_4_Flat.fbx-3527277e2e2de8d68461e53d7bdffe52.scn[39m[0m
[  58% ] [90m[1msavepack[22m | Storing File: res://assets/models/town/Door_4_Flat.fbx.import[39m[0m
[  58% ] [90m[1msavepack[22m | Storing File: res://.godot/imported/Door_4_Flat.gltf-f808721b6d3ea483c4a3344bc164a766.scn[39m[0m
[  58% ] [90m[1msavepack[22m | Storing File: res://assets/models/town/Door_4_Flat.gltf.import[39m[0m
[  58% ] [90m[1msavepack[22m | Storing File: res://.godot/imported/Door_4_Round.fbx-603ea2e1bd72f6c3eb06758554a42005.scn[39m[0m
[  58% ] [90m[1msavepack[22m | Storing File: res://assets/models/town/Door_4_Round.fbx.import[39m[0m
[  58% ] [90m[1msavepack[22m | Storing File: res://.godot/imported/Door_4_Round.gltf-06b497fcf89c165e5447721f1a2fb703.scn[39m[0m
[  58% ] [90m[1msavepack[22m | Storing File: res://assets/models/town/Door_4_Round.gltf.import[39m[0m
[  58% ] [90m[1msavepack[22m | Storing File: res://.godot/imported/Door_8_Flat.fbx-bd85b7a5144fac956b8d3ee8b2b548c4.scn[39m[0m
[  58% ] [90m[1msavepack[22m | Storing File: res://assets/models/town/Door_8_Flat.fbx.import[39m[0m
[  58% ] [90m[1msavepack[22m | Storing File: res://.godot/imported/Door_8_Flat.gltf-81624970900b9a8d8e3ed3bdc497f97b.scn[39m[0m
[  58% ] [90m[1msavepack[22m | Storing File: res://assets/models/town/Door_8_Flat.gltf.import[39m[0m
[  58% ] [90m[1msavepack[22m | Storing File: res://.godot/imported/Door_8_Round.fbx-f14ac56834eeac8ea058aa5b9558bc88.scn[39m[0m
[  58% ] [90m[1msavepack[22m | Storing File: res://assets/models/town/Door_8_Round.fbx.import[39m[0m
[  58% ] [90m[1msavepack[22m | Storing File: res://.godot/imported/Door_8_Round.gltf-a16c8997c50c6446bcfbf5ff293a5ffb.scn[39m[0m
[  58% ] [90m[1msavepack[22m | Storing File: res://assets/models/town/Door_8_Round.gltf.import[39m[0m
[  58% ] [90m[1msavepack[22m | Storing File: res://.godot/imported/dumpster.gltf-8fc74120f4765d736230da8292622f0d.scn[39m[0m
[  58% ] [90m[1msavepack[22m | Storing File: res://assets/models/town/dumpster.gltf.import[39m[0m
[  58% ] [90m[1msavepack[22m | Storing File: res://.godot/imported/fence_stone_straight.gltf-c141bc6455c33715dfc5bd239320eb8d.scn[39m[0m
[  58% ] [90m[1msavepack[22m | Storing File: res://assets/models/town/fence_stone_straight.gltf.import[39m[0m
[  59% ] [90m[1msavepack[22m | Storing File: res://.godot/imported/fence_stone_straight_gate.gltf-c7cab85142662c19355dee76984b7730.scn[39m[0m
[  59% ] [90m[1msavepack[22m | Storing File: res://assets/models/town/fence_stone_straight_gate.gltf.import[39m[0m
[  59% ] [90m[1msavepack[22m | Storing File: res://.godot/imported/fence_wood_straight.gltf-42f19a2bef11d6ac79ae03b2fa761886.scn[39m[0m
[  59% ] [90m[1msavepack[22m | Storing File: res://assets/models/town/fence_wood_straight.gltf.import[39m[0m
[  59% ] [90m[1msavepack[22m | Storing File: res://.godot/imported/fence_wood_straight_gate.gltf-1411db1916559d2f5b758c6f67e159ea.scn[39m[0m
[  59% ] [90m[1msavepack[22m | Storing File: res://assets/models/town/fence_wood_straight_gate.gltf.import[39m[0m
[  59% ] [90m[1msavepack[22m | Storing File: res://.godot/imported/firehydrant.gltf-681a216d0097eaf6d28d09e961a60890.scn[39m[0m
[  59% ] [90m[1msavepack[22m | Storing File: res://assets/models/town/firehydrant.gltf.import[39m[0m
[  59% ] [90m[1msavepack[22m | Storing File: res://.godot/imported/flag_blue.gltf-61eb196f95fba05eeb291cebdcc60f80.scn[39m[0m
[  59% ] [90m[1msavepack[22m | Storing File: res://assets/models/town/flag_blue.gltf.import[39m[0m
[  59% ] [90m[1msavepack[22m | Storing File: res://.godot/imported/flag_green.gltf-1271a01b7cb0e1cf7523241cda713af9.scn[39m[0m
[  59% ] [90m[1msavepack[22m | Storing File: res://assets/models/town/flag_green.gltf.import[39m[0m
[  59% ] [90m[1msavepack[22m | Storing File: res://.godot/imported/flag_red.gltf-585e0ef168b47e9fb2027d41dc309cf0.scn[39m[0m
[  59% ] [90m[1msavepack[22m | Storing File: res://assets/models/town/flag_red.gltf.import[39m[0m
[  59% ] [90m[1msavepack[22m | Storing File: res://.godot/imported/flag_yellow.gltf-e0d1d71309a010073e58223d108e4eeb.scn[39m[0m
[  59% ] [90m[1msavepack[22m | Storing File: res://assets/models/town/flag_yellow.gltf.import[39m[0m
[  59% ] [90m[1msavepack[22m | Storing File: res://.godot/imported/Floor_Brick.fbx-44ac0ebf1ee812887afda4d89a986583.scn[39m[0m
[  59% ] [90m[1msavepack[22m | Storing File: res://assets/models/town/Floor_Brick.fbx.import[39m[0m
[  59% ] [90m[1msavepack[22m | Storing File: res://.godot/imported/Floor_Brick.gltf-4a7880435ec34d1093439c1088e2cc21.scn[39m[0m
[  59% ] [90m[1msavepack[22m | Storing File: res://assets/models/town/Floor_Brick.gltf.import[39m[0m
[  59% ] [90m[1msavepack[22m | Storing File: res://.godot/imported/Floor_RedBrick.fbx-c50f0d94cbacd8daf52ed753276f1ffd.scn[39m[0m
[  59% ] [90m[1msavepack[22m | Storing File: res://assets/models/town/Floor_RedBrick.fbx.import[39m[0m
[  59% ] [90m[1msavepack[22m | Storing File: res://.godot/imported/Floor_RedBrick.gltf-d90ac6cc2ab9036e046403f8afe06d2a.scn[39m[0m
[  59% ] [90m[1msavepack[22m | Storing File: res://assets/models/town/Floor_RedBrick.gltf.import[39m[0m
[  59% ] [90m[1msavepack[22m | Storing File: res://.godot/imported/Floor_UnevenBrick.fbx-aadaaffe6422e537984f54f62c1d0ffa.scn[39m[0m
[  59% ] [90m[1msavepack[22m | Storing File: res://assets/models/town/Floor_UnevenBrick.fbx.import[39m[0m
[  60% ] [90m[1msavepack[22m | Storing File: res://.godot/imported/Floor_UnevenBrick.gltf-d41264109f99016d252557862d3006b4.scn[39m[0m
[  60% ] [90m[1msavepack[22m | Storing File: res://assets/models/town/Floor_UnevenBrick.gltf.import[39m[0m
[  60% ] [90m[1msavepack[22m | Storing File: res://.godot/imported/Floor_WoodDark.fbx-161b37b735121c71d17d86ef220783d9.scn[39m[0m
[  60% ] [90m[1msavepack[22m | Storing File: res://assets/models/town/Floor_WoodDark.fbx.import[39m[0m
[  60% ] [90m[1msavepack[22m | Storing File: res://.godot/imported/Floor_WoodDark.gltf-e7de12cda013715b05d3fa9cb1c1ecff.scn[39m[0m
[  60% ] [90m[1msavepack[22m | Storing File: res://assets/models/town/Floor_WoodDark.gltf.import[39m[0m
[  60% ] [90m[1msavepack[22m | Storing File: res://.godot/imported/Floor_WoodDark_Half1.fbx-264eefee476e39c79e914abcef71b53b.scn[39m[0m
[  60% ] [90m[1msavepack[22m | Storing File: res://assets/models/town/Floor_WoodDark_Half1.fbx.import[39m[0m
[  60% ] [90m[1msavepack[22m | Storing File: res://.godot/imported/Floor_WoodDark_Half1.gltf-e5ba7ccf42d409cb48c912d40ddc693e.scn[39m[0m
[  60% ] [90m[1msavepack[22m | Storing File: res://assets/models/town/Floor_WoodDark_Half1.gltf.import[39m[0m
[  60% ] [90m[1msavepack[22m | Storing File: res://.godot/imported/Floor_WoodDark_Half2.fbx-c1a12f4ab52bb668d588933c028631a4.scn[39m[0m
[  60% ] [90m[1msavepack[22m | Storing File: res://assets/models/town/Floor_WoodDark_Half2.fbx.import[39m[0m
[  60% ] [90m[1msavepack[22m | Storing File: res://.godot/imported/Floor_WoodDark_Half2.gltf-0e0e43002da3dfa891cf205912338bd0.scn[39m[0m
[  60% ] [90m[1msavepack[22m | Storing File: res://assets/models/town/Floor_WoodDark_Half2.gltf.import[39m[0m
[  60% ] [90m[1msavepack[22m | Storing File: res://.godot/imported/Floor_WoodDark_Half3.fbx-25248378a68129c5c52183108b48f448.scn[39m[0m
[  60% ] [90m[1msavepack[22m | Storing File: res://assets/models/town/Floor_WoodDark_Half3.fbx.import[39m[0m
[  60% ] [90m[1msavepack[22m | Storing File: res://.godot/imported/Floor_WoodDark_Half3.gltf-7fe68c9924544b5d0caed5d2645429c3.scn[39m[0m
[  60% ] [90m[1msavepack[22m | Storing File: res://assets/models/town/Floor_WoodDark_Half3.gltf.import[39m[0m
[  60% ] [90m[1msavepack[22m | Storing File: res://.godot/imported/Floor_WoodDark_OverhangCorner2.fbx-97e426e8ebb99cfe38e86003f6d5c642.scn[39m[0m
[  60% ] [90m[1msavepack[22m | Storing File: res://assets/models/town/Floor_WoodDark_OverhangCorner2.fbx.import[39m[0m
[  60% ] [90m[1msavepack[22m | Storing File: res://.godot/imported/Floor_WoodDark_OverhangCorner2.gltf-73f20ae786eb6673bb9cbf81327469d6.scn[39m[0m
[  60% ] [90m[1msavepack[22m | Storing File: res://assets/models/town/Floor_WoodDark_OverhangCorner2.gltf.import[39m[0m
[  60% ] [90m[1msavepack[22m | Storing File: res://.godot/imported/Floor_WoodDark_OverhangCorner.fbx-4ce5081eb3e88497a9584ed66e408482.scn[39m[0m
[  60% ] [90m[1msavepack[22m | Storing File: res://assets/models/town/Floor_WoodDark_OverhangCorner.fbx.import[39m[0m
[  61% ] [90m[1msavepack[22m | Storing File: res://.godot/imported/Floor_WoodDark_OverhangCorner.gltf-ea33506640f2bf1eff8344ad5427c801.scn[39m[0m
[  61% ] [90m[1msavepack[22m | Storing File: res://assets/models/town/Floor_WoodDark_OverhangCorner.gltf.import[39m[0m
[  61% ] [90m[1msavepack[22m | Storing File: res://.godot/imported/Floor_WoodLight.fbx-92ba8cec21eaf2ab5fd14f61f224692e.scn[39m[0m
[  61% ] [90m[1msavepack[22m | Storing File: res://assets/models/town/Floor_WoodLight.fbx.import[39m[0m
[  61% ] [90m[1msavepack[22m | Storing File: res://.godot/imported/Floor_WoodLight.gltf-ec86badd92498f2534c58f5d002542b6.scn[39m[0m
[  61% ] [90m[1msavepack[22m | Storing File: res://assets/models/town/Floor_WoodLight.gltf.import[39m[0m
[  61% ] [90m[1msavepack[22m | Storing File: res://.godot/imported/Floor_WoodLight_OverhangCorner2.fbx-151a5f11dca4509f2e0dff7dd28f2294.scn[39m[0m
[  61% ] [90m[1msavepack[22m | Storing File: res://assets/models/town/Floor_WoodLight_OverhangCorner2.fbx.import[39m[0m
[  61% ] [90m[1msavepack[22m | Storing File: res://.godot/imported/Floor_WoodLight_OverhangCorner2.gltf-b8ec7e4d655773821abe82ce79c3ba17.scn[39m[0m
[  61% ] [90m[1msavepack[22m | Storing File: res://assets/models/town/Floor_WoodLight_OverhangCorner2.gltf.import[39m[0m
[  61% ] [90m[1msavepack[22m | Storing File: res://.godot/imported/Floor_WoodLight_OverhangCorner.fbx-a9ddb2761d92ecb6166d7011858004c8.scn[39m[0m
[  61% ] [90m[1msavepack[22m | Storing File: res://assets/models/town/Floor_WoodLight_OverhangCorner.fbx.import[39m[0m
[  61% ] [90m[1msavepack[22m | Storing File: res://.godot/imported/Floor_WoodLight_OverhangCorner.gltf-d10ce16a54150aa01831a1ed8623f404.scn[39m[0m
[  61% ] [90m[1msavepack[22m | Storing File: res://assets/models/town/Floor_WoodLight_OverhangCorner.gltf.import[39m[0m
[  61% ] [90m[1msavepack[22m | Storing File: res://.godot/imported/hexagons_medieval.png-abc9864552d5994b9fb8c0c9f10fb719.ctex[39m[0m
[  61% ] [90m[1msavepack[22m | Storing File: res://assets/models/town/hexagons_medieval.png.import[39m[0m
[  61% ] [90m[1msavepack[22m | Storing File: res://.godot/imported/hex_coast_A.gltf-faf95aca75c45e0a83855e272896bec9.scn[39m[0m
[  61% ] [90m[1msavepack[22m | Storing File: res://assets/models/town/hex_coast_A.gltf.import[39m[0m
[  61% ] [90m[1msavepack[22m | Storing File: res://.godot/imported/hex_coast_A_waterless.gltf-2b8ac28379cdde30aa90d50034739a8d.scn[39m[0m
[  61% ] [90m[1msavepack[22m | Storing File: res://assets/models/town/hex_coast_A_waterless.gltf.import[39m[0m
[  61% ] [90m[1msavepack[22m | Storing File: res://.godot/imported/hex_coast_B.gltf-decdfc681cc05fd6876536aea4601720.scn[39m[0m
[  61% ] [90m[1msavepack[22m | Storing File: res://assets/models/town/hex_coast_B.gltf.import[39m[0m
[  61% ] [90m[1msavepack[22m | Storing File: res://.godot/imported/hex_coast_B_waterless.gltf-db46e279be6d1d2aad14d862508a5587.scn[39m[0m
[  61% ] [90m[1msavepack[22m | Storing File: res://assets/models/town/hex_coast_B_waterless.gltf.import[39m[0m
[  61% ] [90m[1msavepack[22m | Storing File: res://.godot/imported/hex_coast_C.gltf-f83a336377f195bf8cc6e4b2c1859045.scn[39m[0m
[  61% ] [90m[1msavepack[22m | Storing File: res://assets/models/town/hex_coast_C.gltf.import[39m[0m
[  62% ] [90m[1msavepack[22m | Storing File: res://.godot/imported/hex_coast_C_waterless.gltf-1c79fe6d6e2a1364007e2fee81dc417c.scn[39m[0m
[  62% ] [90m[1msavepack[22m | Storing File: res://assets/models/town/hex_coast_C_waterless.gltf.import[39m[0m
[  62% ] [90m[1msavepack[22m | Storing File: res://.godot/imported/hex_coast_D.gltf-bdfe41f0d86b2fb0ddf4a8093245f5ba.scn[39m[0m
[  62% ] [90m[1msavepack[22m | Storing File: res://assets/models/town/hex_coast_D.gltf.import[39m[0m
[  62% ] [90m[1msavepack[22m | Storing File: res://.godot/imported/hex_coast_D_waterless.gltf-ee05d38f26f02c78168f9a4094190f86.scn[39m[0m
[  62% ] [90m[1msavepack[22m | Storing File: res://assets/models/town/hex_coast_D_waterless.gltf.import[39m[0m
[  62% ] [90m[1msavepack[22m | Storing File: res://.godot/imported/hex_coast_E.gltf-3c2a9eb34dd8a2f270b513c28b8bed1a.scn[39m[0m
[  62% ] [90m[1msavepack[22m | Storing File: res://assets/models/town/hex_coast_E.gltf.import[39m[0m
[  62% ] [90m[1msavepack[22m | Storing File: res://.godot/imported/hex_coast_E_waterless.gltf-8bbecd5e6ea29da0baeab6c8d7ab9c28.scn[39m[0m
[  62% ] [90m[1msavepack[22m | Storing File: res://assets/models/town/hex_coast_E_waterless.gltf.import[39m[0m
[  62% ] [90m[1msavepack[22m | Storing File: res://.godot/imported/hex_grass.gltf-9726279a62f5900ed263a8bae5957e4b.scn[39m[0m
[  62% ] [90m[1msavepack[22m | Storing File: res://assets/models/town/hex_grass.gltf.import[39m[0m
[  62% ] [90m[1msavepack[22m | Storing File: res://.godot/imported/hex_grass_bottom.gltf-d726a4d1b08f1bb210d7c53dc8c044a1.scn[39m[0m
[  62% ] [90m[1msavepack[22m | Storing File: res://assets/models/town/hex_grass_bottom.gltf.import[39m[0m
[  62% ] [90m[1msavepack[22m | Storing File: res://.godot/imported/hex_grass_sloped_high.gltf-a3a7ce197fb24ef23c2403edc746af0c.scn[39m[0m
[  62% ] [90m[1msavepack[22m | Storing File: res://assets/models/town/hex_grass_sloped_high.gltf.import[39m[0m
[  62% ] [90m[1msavepack[22m | Storing File: res://.godot/imported/hex_grass_sloped_low.gltf-5556985f05f008fa9f5dde59258e8ac5.scn[39m[0m
[  62% ] [90m[1msavepack[22m | Storing File: res://assets/models/town/hex_grass_sloped_low.gltf.import[39m[0m
[  62% ] [90m[1msavepack[22m | Storing File: res://.godot/imported/hex_river_A.gltf-eacd44fe8998f40b3972c2f08037e8ec.scn[39m[0m
[  62% ] [90m[1msavepack[22m | Storing File: res://assets/models/town/hex_river_A.gltf.import[39m[0m
[  62% ] [90m[1msavepack[22m | Storing File: res://.godot/imported/hex_river_A_curvy.gltf-3661a86d34a0d1358572ecbd42d3fe69.scn[39m[0m
[  62% ] [90m[1msavepack[22m | Storing File: res://assets/models/town/hex_river_A_curvy.gltf.import[39m[0m
[  62% ] [90m[1msavepack[22m | Storing File: res://.godot/imported/hex_river_A_curvy_waterless.gltf-379010b7875290736f1b4a2561228bcb.scn[39m[0m
[  62% ] [90m[1msavepack[22m | Storing File: res://assets/models/town/hex_river_A_curvy_waterless.gltf.import[39m[0m
[  63% ] [90m[1msavepack[22m | Storing File: res://.godot/imported/hex_river_A_waterless.gltf-e6bbd185439bf6ebf192463610c07dbb.scn[39m[0m
[  63% ] [90m[1msavepack[22m | Storing File: res://assets/models/town/hex_river_A_waterless.gltf.import[39m[0m
[  63% ] [90m[1msavepack[22m | Storing File: res://.godot/imported/hex_river_B.gltf-a675973b500900cffd959335715855e0.scn[39m[0m
[  63% ] [90m[1msavepack[22m | Storing File: res://assets/models/town/hex_river_B.gltf.import[39m[0m
[  63% ] [90m[1msavepack[22m | Storing File: res://.godot/imported/hex_river_B_waterless.gltf-391fa659e37eb3776a77358b5da6bf2b.scn[39m[0m
[  63% ] [90m[1msavepack[22m | Storing File: res://assets/models/town/hex_river_B_waterless.gltf.import[39m[0m
[  63% ] [90m[1msavepack[22m | Storing File: res://.godot/imported/hex_river_C.gltf-e82fa70979ccc61f50f018aed596abfe.scn[39m[0m
[  63% ] [90m[1msavepack[22m | Storing File: res://assets/models/town/hex_river_C.gltf.import[39m[0m
[  63% ] [90m[1msavepack[22m | Storing File: res://.godot/imported/hex_river_crossing_A.gltf-889407866a57897e4019d8b37ed7e216.scn[39m[0m
[  63% ] [90m[1msavepack[22m | Storing File: res://assets/models/town/hex_river_crossing_A.gltf.import[39m[0m
[  63% ] [90m[1msavepack[22m | Storing File: res://.godot/imported/hex_river_crossing_A_waterless.gltf-255dd476c92e0ca3dd8648e973d64ce1.scn[39m[0m
[  63% ] [90m[1msavepack[22m | Storing File: res://assets/models/town/hex_river_crossing_A_waterless.gltf.import[39m[0m
[  63% ] [90m[1msavepack[22m | Storing File: res://.godot/imported/hex_river_crossing_B.gltf-4646d317c3085eb49350b8094a56509a.scn[39m[0m
[  63% ] [90m[1msavepack[22m | Storing File: res://assets/models/town/hex_river_crossing_B.gltf.import[39m[0m
[  63% ] [90m[1msavepack[22m | Storing File: res://.godot/imported/hex_river_crossing_B_waterless.gltf-703a5e2fd6046f779c34bbd80f07dc3a.scn[39m[0m
[  63% ] [90m[1msavepack[22m | Storing File: res://assets/models/town/hex_river_crossing_B_waterless.gltf.import[39m[0m
[  63% ] [90m[1msavepack[22m | Storing File: res://.godot/imported/hex_river_C_waterless.gltf-936ac90b1deb61ef9d8b254d2e6d6472.scn[39m[0m
[  63% ] [90m[1msavepack[22m | Storing File: res://assets/models/town/hex_river_C_waterless.gltf.import[39m[0m
[  63% ] [90m[1msavepack[22m | Storing File: res://.godot/imported/hex_river_D.gltf-b0539833218937e564d09dfc89ed7019.scn[39m[0m
[  63% ] [90m[1msavepack[22m | Storing File: res://assets/models/town/hex_river_D.gltf.import[39m[0m
[  63% ] [90m[1msavepack[22m | Storing File: res://.godot/imported/hex_river_D_waterless.gltf-026d1b006edb956d6fd97987685c1abb.scn[39m[0m
[  63% ] [90m[1msavepack[22m | Storing File: res://assets/models/town/hex_river_D_waterless.gltf.import[39m[0m
[  63% ] [90m[1msavepack[22m | Storing File: res://.godot/imported/hex_river_E.gltf-bf1dcb56d432246921ae702e2af99d49.scn[39m[0m
[  63% ] [90m[1msavepack[22m | Storing File: res://assets/models/town/hex_river_E.gltf.import[39m[0m
[  63% ] [90m[1msavepack[22m | Storing File: res://.godot/imported/hex_river_E_waterless.gltf-39d82b96e5d4e32bfd00c16350c0e6f5.scn[39m[0m
[  63% ] [90m[1msavepack[22m | Storing File: res://assets/models/town/hex_river_E_waterless.gltf.import[39m[0m
[  64% ] [90m[1msavepack[22m | Storing File: res://.godot/imported/hex_river_F.gltf-6f39c89e5ec038ac5f27d019d1e93c12.scn[39m[0m
[  64% ] [90m[1msavepack[22m | Storing File: res://assets/models/town/hex_river_F.gltf.import[39m[0m
[  64% ] [90m[1msavepack[22m | Storing File: res://.godot/imported/hex_river_F_waterless.gltf-90e8125969d4a5d638a043ea567e2385.scn[39m[0m
[  64% ] [90m[1msavepack[22m | Storing File: res://assets/models/town/hex_river_F_waterless.gltf.import[39m[0m
[  64% ] [90m[1msavepack[22m | Storing File: res://.godot/imported/hex_river_G.gltf-6430002d55b334314ffb0c8abaf8daab.scn[39m[0m
[  64% ] [90m[1msavepack[22m | Storing File: res://assets/models/town/hex_river_G.gltf.import[39m[0m
[  64% ] [90m[1msavepack[22m | Storing File: res://.godot/imported/hex_river_G_waterless.gltf-b66dcd180d08d8d73b13e27944ff1862.scn[39m[0m
[  64% ] [90m[1msavepack[22m | Storing File: res://assets/models/town/hex_river_G_waterless.gltf.import[39m[0m
[  64% ] [90m[1msavepack[22m | Storing File: res://.godot/imported/hex_river_H.gltf-837e50bba00711ef1f8a2eccee27d521.scn[39m[0m
[  64% ] [90m[1msavepack[22m | Storing File: res://assets/models/town/hex_river_H.gltf.import[39m[0m
[  64% ] [90m[1msavepack[22m | Storing File: res://.godot/imported/hex_river_H_waterless.gltf-b34588d20897cbb2f57571785dd20d01.scn[39m[0m
[  64% ] [90m[1msavepack[22m | Storing File: res://assets/models/town/hex_river_H_waterless.gltf.import[39m[0m
[  64% ] [90m[1msavepack[22m | Storing File: res://.godot/imported/hex_river_I.gltf-62eda0f1aef623d45b37ca30ec7ee034.scn[39m[0m
[  64% ] [90m[1msavepack[22m | Storing File: res://assets/models/town/hex_river_I.gltf.import[39m[0m
[  64% ] [90m[1msavepack[22m | Storing File: res://.godot/imported/hex_river_I_waterless.gltf-08b5caef25f31d5f52f4e10c29072461.scn[39m[0m
[  64% ] [90m[1msavepack[22m | Storing File: res://assets/models/town/hex_river_I_waterless.gltf.import[39m[0m
[  64% ] [90m[1msavepack[22m | Storing File: res://.godot/imported/hex_river_J.gltf-3ae1e2b6b1c96bbbd12b4ae7e8800341.scn[39m[0m
[  64% ] [90m[1msavepack[22m | Storing File: res://assets/models/town/hex_river_J.gltf.import[39m[0m
[  64% ] [90m[1msavepack[22m | Storing File: res://.godot/imported/hex_river_J_waterless.gltf-cd19f8cf290314f87cf1238f60e670b0.scn[39m[0m
[  64% ] [90m[1msavepack[22m | Storing File: res://assets/models/town/hex_river_J_waterless.gltf.import[39m[0m
[  64% ] [90m[1msavepack[22m | Storing File: res://.godot/imported/hex_river_K.gltf-1b361c7faf52f864008cac815eac5ba5.scn[39m[0m
[  64% ] [90m[1msavepack[22m | Storing File: res://assets/models/town/hex_river_K.gltf.import[39m[0m
[  64% ] [90m[1msavepack[22m | Storing File: res://.godot/imported/hex_river_K_waterless.gltf-6be2572fe5ecc53f891b970c387addec.scn[39m[0m
[  64% ] [90m[1msavepack[22m | Storing File: res://assets/models/town/hex_river_K_waterless.gltf.import[39m[0m
[  65% ] [90m[1msavepack[22m | Storing File: res://.godot/imported/hex_river_L.gltf-36d5605a8d5a2d29df6b6e869eea5125.scn[39m[0m
[  65% ] [90m[1msavepack[22m | Storing File: res://assets/models/town/hex_river_L.gltf.import[39m[0m
[  65% ] [90m[1msavepack[22m | Storing File: res://.godot/imported/hex_river_L_waterless.gltf-3dece763dd0c0ae7152450265fd33679.scn[39m[0m
[  65% ] [90m[1msavepack[22m | Storing File: res://assets/models/town/hex_river_L_waterless.gltf.import[39m[0m
[  65% ] [90m[1msavepack[22m | Storing File: res://.godot/imported/hex_road_A.gltf-68b8e084b289324bc25a0b60ec5483d8.scn[39m[0m
[  65% ] [90m[1msavepack[22m | Storing File: res://assets/models/town/hex_road_A.gltf.import[39m[0m
[  65% ] [90m[1msavepack[22m | Storing File: res://.godot/imported/hex_road_A_sloped_high.gltf-a88c55a3b25683dfb90461ac1e60f851.scn[39m[0m
[  65% ] [90m[1msavepack[22m | Storing File: res://assets/models/town/hex_road_A_sloped_high.gltf.import[39m[0m
[  65% ] [90m[1msavepack[22m | Storing File: res://.godot/imported/hex_road_A_sloped_low.gltf-a30392219d7f8dd933621165f0bc38e0.scn[39m[0m
[  65% ] [90m[1msavepack[22m | Storing File: res://assets/models/town/hex_road_A_sloped_low.gltf.import[39m[0m
[  65% ] [90m[1msavepack[22m | Storing File: res://.godot/imported/hex_road_B.gltf-5b9867fffb6116a3c95dd4747346ffa7.scn[39m[0m
[  65% ] [90m[1msavepack[22m | Storing File: res://assets/models/town/hex_road_B.gltf.import[39m[0m
[  65% ] [90m[1msavepack[22m | Storing File: res://.godot/imported/hex_road_C.gltf-2d3e2374a3327b63f0ea8fd87b7bb63c.scn[39m[0m
[  65% ] [90m[1msavepack[22m | Storing File: res://assets/models/town/hex_road_C.gltf.import[39m[0m
[  65% ] [90m[1msavepack[22m | Storing File: res://.godot/imported/hex_road_D.gltf-ad282530d01ce7632f96be0bba01039d.scn[39m[0m
[  65% ] [90m[1msavepack[22m | Storing File: res://assets/models/town/hex_road_D.gltf.import[39m[0m
[  65% ] [90m[1msavepack[22m | Storing File: res://.godot/imported/hex_road_E.gltf-254bd052a6c38866c835c67c02b8171c.scn[39m[0m
[  65% ] [90m[1msavepack[22m | Storing File: res://assets/models/town/hex_road_E.gltf.import[39m[0m
[  65% ] [90m[1msavepack[22m | Storing File: res://.godot/imported/hex_road_F.gltf-b9ba5b8e0a23274b845aea2ddbd50d4c.scn[39m[0m
[  65% ] [90m[1msavepack[22m | Storing File: res://assets/models/town/hex_road_F.gltf.import[39m[0m
[  65% ] [90m[1msavepack[22m | Storing File: res://.godot/imported/hex_road_G.gltf-a0992fa99ca4b0abdc84531e5ff83bbb.scn[39m[0m
[  65% ] [90m[1msavepack[22m | Storing File: res://assets/models/town/hex_road_G.gltf.import[39m[0m
[  65% ] [90m[1msavepack[22m | Storing File: res://.godot/imported/hex_road_H.gltf-eda9f0290f0721e3c4f30948f6b6e939.scn[39m[0m
[  65% ] [90m[1msavepack[22m | Storing File: res://assets/models/town/hex_road_H.gltf.import[39m[0m
[  65% ] [90m[1msavepack[22m | Storing File: res://.godot/imported/hex_road_I.gltf-6a4c0d220edae77aa65333f4e1b7b9be.scn[39m[0m
[  65% ] [90m[1msavepack[22m | Storing File: res://assets/models/town/hex_road_I.gltf.import[39m[0m
[  66% ] [90m[1msavepack[22m | Storing File: res://.godot/imported/hex_road_J.gltf-cba04faf73fe7917348ef4cf8a52d48a.scn[39m[0m
[  66% ] [90m[1msavepack[22m | Storing File: res://assets/models/town/hex_road_J.gltf.import[39m[0m
[  66% ] [90m[1msavepack[22m | Storing File: res://.godot/imported/hex_road_K.gltf-e36ac8ced4f9b76a822c87b0f70902ce.scn[39m[0m
[  66% ] [90m[1msavepack[22m | Storing File: res://assets/models/town/hex_road_K.gltf.import[39m[0m
[  66% ] [90m[1msavepack[22m | Storing File: res://.godot/imported/hex_road_L.gltf-0f9ad4f9cfdac6a192e90f7b2e78c6cc.scn[39m[0m
[  66% ] [90m[1msavepack[22m | Storing File: res://assets/models/town/hex_road_L.gltf.import[39m[0m
[  66% ] [90m[1msavepack[22m | Storing File: res://.godot/imported/hex_road_M.gltf-3de133b46790eb5a9de09285a70aca8e.scn[39m[0m
[  66% ] [90m[1msavepack[22m | Storing File: res://assets/models/town/hex_road_M.gltf.import[39m[0m
[  66% ] [90m[1msavepack[22m | Storing File: res://.godot/imported/hex_water.gltf-243c08e89c8f567c4c98dfb2080d0f1e.scn[39m[0m
[  66% ] [90m[1msavepack[22m | Storing File: res://assets/models/town/hex_water.gltf.import[39m[0m
[  66% ] [90m[1msavepack[22m | Storing File: res://.godot/imported/hills_A.gltf-30d27e79bcc07fbeda0c1219505bcb60.scn[39m[0m
[  66% ] [90m[1msavepack[22m | Storing File: res://assets/models/town/hills_A.gltf.import[39m[0m
[  66% ] [90m[1msavepack[22m | Storing File: res://.godot/imported/hills_A_trees.gltf-22d3841a01b68b90ac6cf28791de149f.scn[39m[0m
[  66% ] [90m[1msavepack[22m | Storing File: res://assets/models/town/hills_A_trees.gltf.import[39m[0m
[  66% ] [90m[1msavepack[22m | Storing File: res://.godot/imported/hills_B.gltf-2f453767bcf69ec55f32720365e562fa.scn[39m[0m
[  66% ] [90m[1msavepack[22m | Storing File: res://assets/models/town/hills_B.gltf.import[39m[0m
[  66% ] [90m[1msavepack[22m | Storing File: res://.godot/imported/hills_B_trees.gltf-40f06e818065f9f05f13c855e9dc6cd5.scn[39m[0m
[  66% ] [90m[1msavepack[22m | Storing File: res://assets/models/town/hills_B_trees.gltf.import[39m[0m
[  66% ] [90m[1msavepack[22m | Storing File: res://.godot/imported/hills_C.gltf-aa93b7296e5e29cf3c96ef2986369715.scn[39m[0m
[  66% ] [90m[1msavepack[22m | Storing File: res://assets/models/town/hills_C.gltf.import[39m[0m
[  66% ] [90m[1msavepack[22m | Storing File: res://.godot/imported/hills_C_trees.gltf-eec3f285f8b9ea8cdcc3f632660c283b.scn[39m[0m
[  66% ] [90m[1msavepack[22m | Storing File: res://assets/models/town/hills_C_trees.gltf.import[39m[0m
[  66% ] [90m[1msavepack[22m | Storing File: res://.godot/imported/hill_single_A.gltf-176c920bb8acbbf7647b621654b6ee02.scn[39m[0m
[  66% ] [90m[1msavepack[22m | Storing File: res://assets/models/town/hill_single_A.gltf.import[39m[0m
[  66% ] [90m[1msavepack[22m | Storing File: res://.godot/imported/hill_single_B.gltf-1f7ae7785f7275bd7b9df626d37d7612.scn[39m[0m
[  66% ] [90m[1msavepack[22m | Storing File: res://assets/models/town/hill_single_B.gltf.import[39m[0m
[  66% ] [90m[1msavepack[22m | Storing File: res://.godot/imported/hill_single_C.gltf-872320653eed06ecf041ed1c974f3154.scn[39m[0m
[  66% ] [90m[1msavepack[22m | Storing File: res://assets/models/town/hill_single_C.gltf.import[39m[0m
[  66% ] [90m[1msavepack[22m | Storing File: res://.godot/imported/HoleCover_90Angle.fbx-98b097fc89b8e780b208df7668b1d784.scn[39m[0m
[  66% ] [90m[1msavepack[22m | Storing File: res://assets/models/town/HoleCover_90Angle.fbx.import[39m[0m
[  66% ] [90m[1msavepack[22m | Storing File: res://.godot/imported/HoleCover_90Angle.gltf-08f99649f4ce0157cdb1bea34167f54d.scn[39m[0m
[  66% ] [90m[1msavepack[22m | Storing File: res://assets/models/town/HoleCover_90Angle.gltf.import[39m[0m
[  66% ] [90m[1msavepack[22m | Storing File: res://.godot/imported/HoleCover_90Half.fbx-a4d403a927751810d973a38902578a06.scn[39m[0m
[  66% ] [90m[1msavepack[22m | Storing File: res://assets/models/town/HoleCover_90Half.fbx.import[39m[0m
[  66% ] [90m[1msavepack[22m | Storing File: res://.godot/imported/HoleCover_90Half.gltf-6a87fd65445c8a2e41a21a1167db5867.scn[39m[0m
[  66% ] [90m[1msavepack[22m | Storing File: res://assets/models/town/HoleCover_90Half.gltf.import[39m[0m
[  66% ] [90m[1msavepack[22m | Storing File: res://.godot/imported/HoleCover_90Stairs.fbx-bad1d29ebdfcbc0a2c9a18e84b48985e.scn[39m[0m
[  66% ] [90m[1msavepack[22m | Storing File: res://assets/models/town/HoleCover_90Stairs.fbx.import[39m[0m
[  66% ] [90m[1msavepack[22m | Storing File: res://.godot/imported/HoleCover_90Stairs.gltf-dbb92336e027d670910a0bdcb1c793cd.scn[39m[0m
[  66% ] [90m[1msavepack[22m | Storing File: res://assets/models/town/HoleCover_90Stairs.gltf.import[39m[0m
[  66% ] [90m[1msavepack[22m | Storing File: res://.godot/imported/HoleCover_Straight.fbx-57c1fa263cd5ea0c48734bb5f02b96c2.scn[39m[0m
[  66% ] [90m[1msavepack[22m | Storing File: res://assets/models/town/HoleCover_Straight.fbx.import[39m[0m
[  66% ] [90m[1msavepack[22m | Storing File: res://.godot/imported/HoleCover_Straight.gltf-e757e8d52e02230b7f72508d4b0a2f90.scn[39m[0m
[  66% ] [90m[1msavepack[22m | Storing File: res://assets/models/town/HoleCover_Straight.gltf.import[39m[0m
[  66% ] [90m[1msavepack[22m | Storing File: res://.godot/imported/HoleCover_StraightHalf.fbx-3c7d4e4d746c3f899277bae4713d5a2b.scn[39m[0m
[  66% ] [90m[1msavepack[22m | Storing File: res://assets/models/town/HoleCover_StraightHalf.fbx.import[39m[0m
[  66% ] [90m[1msavepack[22m | Storing File: res://.godot/imported/HoleCover_StraightHalf.gltf-5049dad2990e03647040da31368d0281.scn[39m[0m
[  66% ] [90m[1msavepack[22m | Storing File: res://assets/models/town/HoleCover_StraightHalf.gltf.import[39m[0m
[  67% ] [90m[1msavepack[22m | Storing File: res://.godot/imported/ladder.gltf-67017908ae6981dfc5845ebeb0614310.scn[39m[0m
[  67% ] [90m[1msavepack[22m | Storing File: res://assets/models/town/ladder.gltf.import[39m[0m
[  67% ] [90m[1msavepack[22m | Storing File: res://.godot/imported/mountain_A.gltf-ffdfd6b6986b361fb136681b339c1e7b.scn[39m[0m
[  67% ] [90m[1msavepack[22m | Storing File: res://assets/models/town/mountain_A.gltf.import[39m[0m
[  67% ] [90m[1msavepack[22m | Storing File: res://.godot/imported/mountain_A_grass.gltf-3732b91cfd6f10e6d491e18424391da5.scn[39m[0m
[  67% ] [90m[1msavepack[22m | Storing File: res://assets/models/town/mountain_A_grass.gltf.import[39m[0m
[  67% ] [90m[1msavepack[22m | Storing File: res://.godot/imported/mountain_A_grass_trees.gltf-abed0378aef35e273ac6f411c3b75a63.scn[39m[0m
[  67% ] [90m[1msavepack[22m | Storing File: res://assets/models/town/mountain_A_grass_trees.gltf.import[39m[0m
[  67% ] [90m[1msavepack[22m | Storing File: res://.godot/imported/mountain_B.gltf-bea35e934d80f23e8659021fb83f7f2a.scn[39m[0m
[  67% ] [90m[1msavepack[22m | Storing File: res://assets/models/town/mountain_B.gltf.import[39m[0m
[  67% ] [90m[1msavepack[22m | Storing File: res://.godot/imported/mountain_B_grass.gltf-9e3c7b861b29685844c5986407b61186.scn[39m[0m
[  67% ] [90m[1msavepack[22m | Storing File: res://assets/models/town/mountain_B_grass.gltf.import[39m[0m
[  67% ] [90m[1msavepack[22m | Storing File: res://.godot/imported/mountain_B_grass_trees.gltf-e91628c5aaa23e8a48344fce396a75ee.scn[39m[0m
[  67% ] [90m[1msavepack[22m | Storing File: res://assets/models/town/mountain_B_grass_trees.gltf.import[39m[0m
[  67% ] [90m[1msavepack[22m | Storing File: res://.godot/imported/mountain_C.gltf-7ea1e553ea643e36dbd3181d21d18672.scn[39m[0m
[  67% ] [90m[1msavepack[22m | Storing File: res://assets/models/town/mountain_C.gltf.import[39m[0m
[  67% ] [90m[1msavepack[22m | Storing File: res://.godot/imported/mountain_C_grass.gltf-15f9550cfc4ad1046f938f3f66ac9301.scn[39m[0m
[  67% ] [90m[1msavepack[22m | Storing File: res://assets/models/town/mountain_C_grass.gltf.import[39m[0m
[  67% ] [90m[1msavepack[22m | Storing File: res://.godot/imported/mountain_C_grass_trees.gltf-875f3742c7daee70acf0fa73877ab743.scn[39m[0m
[  67% ] [90m[1msavepack[22m | Storing File: res://assets/models/town/mountain_C_grass_trees.gltf.import[39m[0m
[  67% ] [90m[1msavepack[22m | Storing File: res://.godot/imported/Overhang_Plaster_Corner.fbx-df7ca8a99f828ba513e06753fcf1fdbf.scn[39m[0m
[  67% ] [90m[1msavepack[22m | Storing File: res://assets/models/town/Overhang_Plaster_Corner.fbx.import[39m[0m
[  67% ] [90m[1msavepack[22m | Storing File: res://.godot/imported/Overhang_Plaster_Corner.gltf-f17d17cd85ddf379d9c966637061aaa8.scn[39m[0m
[  67% ] [90m[1msavepack[22m | Storing File: res://assets/models/town/Overhang_Plaster_Corner.gltf.import[39m[0m
[  67% ] [90m[1msavepack[22m | Storing File: res://.godot/imported/Overhang_Plaster_Corner_Front.fbx-df9b3ea957e9372d9db688fab6ccf357.scn[39m[0m
[  67% ] [90m[1msavepack[22m | Storing File: res://assets/models/town/Overhang_Plaster_Corner_Front.fbx.import[39m[0m
[  68% ] [90m[1msavepack[22m | Storing File: res://.godot/imported/Overhang_Plaster_Corner_Front.gltf-3c328063de1cf89eab21094c4efe9704.scn[39m[0m
[  68% ] [90m[1msavepack[22m | Storing File: res://assets/models/town/Overhang_Plaster_Corner_Front.gltf.import[39m[0m
[  68% ] [90m[1msavepack[22m | Storing File: res://.godot/imported/Overhang_Plaster_Long.fbx-835a041fc9c9e8eab52396c10eb24ff5.scn[39m[0m
[  68% ] [90m[1msavepack[22m | Storing File: res://assets/models/town/Overhang_Plaster_Long.fbx.import[39m[0m
[  68% ] [90m[1msavepack[22m | Storing File: res://.godot/imported/Overhang_Plaster_Long.gltf-f049e6b57976f255806b05db97d5bf35.scn[39m[0m
[  68% ] [90m[1msavepack[22m | Storing File: res://assets/models/town/Overhang_Plaster_Long.gltf.import[39m[0m
[  68% ] [90m[1msavepack[22m | Storing File: res://.godot/imported/Overhang_Plaster_Short.fbx-790d77169209277ec910ed222b70f185.scn[39m[0m
[  68% ] [90m[1msavepack[22m | Storing File: res://assets/models/town/Overhang_Plaster_Short.fbx.import[39m[0m
[  68% ] [90m[1msavepack[22m | Storing File: res://.godot/imported/Overhang_Plaster_Short.gltf-3941c3d8925ecf60918d54819f83a146.scn[39m[0m
[  68% ] [90m[1msavepack[22m | Storing File: res://assets/models/town/Overhang_Plaster_Short.gltf.import[39m[0m
[  68% ] [90m[1msavepack[22m | Storing File: res://.godot/imported/Overhang_RoofIncline_Plaster.fbx-adb787d6cd5073e2ac9b2d20d9c3f2d8.scn[39m[0m
[  68% ] [90m[1msavepack[22m | Storing File: res://assets/models/town/Overhang_RoofIncline_Plaster.fbx.import[39m[0m
[  68% ] [90m[1msavepack[22m | Storing File: res://.godot/imported/Overhang_RoofIncline_Plaster.gltf-7eba8a46a99e478d15834dacfcb5a5b4.scn[39m[0m
[  68% ] [90m[1msavepack[22m | Storing File: res://assets/models/town/Overhang_RoofIncline_Plaster.gltf.import[39m[0m
[  68% ] [90m[1msavepack[22m | Storing File: res://.godot/imported/Overhang_RoofIncline_UnevenBricks.fbx-3d7bab6d15282d1c60292219025aa327.scn[39m[0m
[  68% ] [90m[1msavepack[22m | Storing File: res://assets/models/town/Overhang_RoofIncline_UnevenBricks.fbx.import[39m[0m
[  68% ] [90m[1msavepack[22m | Storing File: res://.godot/imported/Overhang_RoofIncline_UnevenBricks.gltf-cc5564a40824cba783d4147435e3adf3.scn[39m[0m
[  68% ] [90m[1msavepack[22m | Storing File: res://assets/models/town/Overhang_RoofIncline_UnevenBricks.gltf.import[39m[0m
[  68% ] [90m[1msavepack[22m | Storing File: res://.godot/imported/Overhang_Roof_Plaster.fbx-e66abd241c7b09b318cc652d6cb261b1.scn[39m[0m
[  68% ] [90m[1msavepack[22m | Storing File: res://assets/models/town/Overhang_Roof_Plaster.fbx.import[39m[0m
[  68% ] [90m[1msavepack[22m | Storing File: res://.godot/imported/Overhang_Roof_Plaster.gltf-9df5aaaaa8c5c005a85fcfd9798bb666.scn[39m[0m
[  68% ] [90m[1msavepack[22m | Storing File: res://assets/models/town/Overhang_Roof_Plaster.gltf.import[39m[0m
[  68% ] [90m[1msavepack[22m | Storing File: res://.godot/imported/Overhang_Roof_UnevenBricks.fbx-c09748ca490fe2226bc33c7feeae81d4.scn[39m[0m
[  68% ] [90m[1msavepack[22m | Storing File: res://assets/models/town/Overhang_Roof_UnevenBricks.fbx.import[39m[0m
[  69% ] [90m[1msavepack[22m | Storing File: res://.godot/imported/Overhang_Roof_UnevenBricks.gltf-aefb9365b4183f152507ed3c88c1ee8c.scn[39m[0m
[  69% ] [90m[1msavepack[22m | Storing File: res://assets/models/town/Overhang_Roof_UnevenBricks.gltf.import[39m[0m
[  69% ] [90m[1msavepack[22m | Storing File: res://.godot/imported/Overhang_Side_Plaster_Long_L.fbx-755c1ce9167cc8a84a5d123732c19f2e.scn[39m[0m
[  69% ] [90m[1msavepack[22m | Storing File: res://assets/models/town/Overhang_Side_Plaster_Long_L.fbx.import[39m[0m
[  69% ] [90m[1msavepack[22m | Storing File: res://.godot/imported/Overhang_Side_Plaster_Long_L.gltf-7c323889596c47028ff2c2e0dc3038c0.scn[39m[0m
[  69% ] [90m[1msavepack[22m | Storing File: res://assets/models/town/Overhang_Side_Plaster_Long_L.gltf.import[39m[0m
[  69% ] [90m[1msavepack[22m | Storing File: res://.godot/imported/Overhang_Side_Plaster_Long_R.fbx-b7c0ace68e755f4d9be5b56b1ce40e39.scn[39m[0m
[  69% ] [90m[1msavepack[22m | Storing File: res://assets/models/town/Overhang_Side_Plaster_Long_R.fbx.import[39m[0m
[  69% ] [90m[1msavepack[22m | Storing File: res://.godot/imported/Overhang_Side_Plaster_Long_R.gltf-5947a8d7d04a6e0efc41a40b78be9a16.scn[39m[0m
[  69% ] [90m[1msavepack[22m | Storing File: res://assets/models/town/Overhang_Side_Plaster_Long_R.gltf.import[39m[0m
[  69% ] [90m[1msavepack[22m | Storing File: res://.godot/imported/Overhang_Side_Plaster_Short_L.fbx-8bb2c9317437514993ebeb1bae053e93.scn[39m[0m
[  69% ] [90m[1msavepack[22m | Storing File: res://assets/models/town/Overhang_Side_Plaster_Short_L.fbx.import[39m[0m
[  69% ] [90m[1msavepack[22m | Storing File: res://.godot/imported/Overhang_Side_Plaster_Short_L.gltf-9eea97960394077284bdc1cc195032f2.scn[39m[0m
[  69% ] [90m[1msavepack[22m | Storing File: res://assets/models/town/Overhang_Side_Plaster_Short_L.gltf.import[39m[0m
[  69% ] [90m[1msavepack[22m | Storing File: res://.godot/imported/Overhang_Side_Plaster_Short_R.fbx-7c562495583309e44a69977a7d210362.scn[39m[0m
[  69% ] [90m[1msavepack[22m | Storing File: res://assets/models/town/Overhang_Side_Plaster_Short_R.fbx.import[39m[0m
[  69% ] [90m[1msavepack[22m | Storing File: res://.godot/imported/Overhang_Side_Plaster_Short_R.gltf-fe0e0c12a1f96f6e088a03c50216ac1e.scn[39m[0m
[  69% ] [90m[1msavepack[22m | Storing File: res://assets/models/town/Overhang_Side_Plaster_Short_R.gltf.import[39m[0m
[  69% ] [90m[1msavepack[22m | Storing File: res://.godot/imported/Overhang_Side_UnevenBrick_Long_L.fbx-de24ae3bd1191b82f2f48ed22632611c.scn[39m[0m
[  69% ] [90m[1msavepack[22m | Storing File: res://assets/models/town/Overhang_Side_UnevenBrick_Long_L.fbx.import[39m[0m
[  69% ] [90m[1msavepack[22m | Storing File: res://.godot/imported/Overhang_Side_UnevenBrick_Long_L.gltf-6dfe2a9930cd558a547f37e450a843c1.scn[39m[0m
[  69% ] [90m[1msavepack[22m | Storing File: res://assets/models/town/Overhang_Side_UnevenBrick_Long_L.gltf.import[39m[0m
[  69% ] [90m[1msavepack[22m | Storing File: res://.godot/imported/Overhang_Side_UnevenBrick_Long_R.fbx-fde53677039da9b8aa954aaa65da8c13.scn[39m[0m
[  69% ] [90m[1msavepack[22m | Storing File: res://assets/models/town/Overhang_Side_UnevenBrick_Long_R.fbx.import[39m[0m
[  69% ] [90m[1msavepack[22m | Storing File: res://.godot/imported/Overhang_Side_UnevenBrick_Long_R.gltf-b3811f03123290b6e3987ec574fe82e5.scn[39m[0m
[  69% ] [90m[1msavepack[22m | Storing File: res://assets/models/town/Overhang_Side_UnevenBrick_Long_R.gltf.import[39m[0m
[  70% ] [90m[1msavepack[22m | Storing File: res://.godot/imported/Overhang_Side_UnevenBrick_Short_L.fbx-44584b49ddabbcb49a371a381edbe5c3.scn[39m[0m
[  70% ] [90m[1msavepack[22m | Storing File: res://assets/models/town/Overhang_Side_UnevenBrick_Short_L.fbx.import[39m[0m
[  70% ] [90m[1msavepack[22m | Storing File: res://.godot/imported/Overhang_Side_UnevenBrick_Short_L.gltf-0592da75e77c981624cbda78ee904cd7.scn[39m[0m
[  70% ] [90m[1msavepack[22m | Storing File: res://assets/models/town/Overhang_Side_UnevenBrick_Short_L.gltf.import[39m[0m
[  70% ] [90m[1msavepack[22m | Storing File: res://.godot/imported/Overhang_Side_UnevenBrick_Short_R.fbx-fb599d641223d944ad9d3bf0b0fe6397.scn[39m[0m
[  70% ] [90m[1msavepack[22m | Storing File: res://assets/models/town/Overhang_Side_UnevenBrick_Short_R.fbx.import[39m[0m
[  70% ] [90m[1msavepack[22m | Storing File: res://.godot/imported/Overhang_Side_UnevenBrick_Short_R.gltf-aa234e69acb4e5d47aceace5b751a556.scn[39m[0m
[  70% ] [90m[1msavepack[22m | Storing File: res://assets/models/town/Overhang_Side_UnevenBrick_Short_R.gltf.import[39m[0m
[  70% ] [90m[1msavepack[22m | Storing File: res://.godot/imported/Overhang_UnevenBrick_Corner.fbx-72edda75111ab988bac7cedf91c2d990.scn[39m[0m
[  70% ] [90m[1msavepack[22m | Storing File: res://assets/models/town/Overhang_UnevenBrick_Corner.fbx.import[39m[0m
[  70% ] [90m[1msavepack[22m | Storing File: res://.godot/imported/Overhang_UnevenBrick_Corner.gltf-5292526295e61efb865db4db627de997.scn[39m[0m
[  70% ] [90m[1msavepack[22m | Storing File: res://assets/models/town/Overhang_UnevenBrick_Corner.gltf.import[39m[0m
[  70% ] [90m[1msavepack[22m | Storing File: res://.godot/imported/Overhang_UnevenBrick_Corner_Front.fbx-1a474da04fd3538b5853c68e080e9f31.scn[39m[0m
[  70% ] [90m[1msavepack[22m | Storing File: res://assets/models/town/Overhang_UnevenBrick_Corner_Front.fbx.import[39m[0m
[  70% ] [90m[1msavepack[22m | Storing File: res://.godot/imported/Overhang_UnevenBrick_Corner_Front.gltf-e727dce0a163106d9e21072be9d45356.scn[39m[0m
[  70% ] [90m[1msavepack[22m | Storing File: res://assets/models/town/Overhang_UnevenBrick_Corner_Front.gltf.import[39m[0m
[  70% ] [90m[1msavepack[22m | Storing File: res://.godot/imported/Overhang_UnevenBrick_Long.fbx-994fc9365c283226f55b2ffc06f469ac.scn[39m[0m
[  70% ] [90m[1msavepack[22m | Storing File: res://assets/models/town/Overhang_UnevenBrick_Long.fbx.import[39m[0m
[  70% ] [90m[1msavepack[22m | Storing File: res://.godot/imported/Overhang_UnevenBrick_Long.gltf-32e1c250dd7b9c4cd67d59be75cc070b.scn[39m[0m
[  70% ] [90m[1msavepack[22m | Storing File: res://assets/models/town/Overhang_UnevenBrick_Long.gltf.import[39m[0m
[  70% ] [90m[1msavepack[22m | Storing File: res://.godot/imported/Overhang_UnevenBrick_Short.fbx-c638c10e0597e4eccd9ba8cab6b79df1.scn[39m[0m
[  70% ] [90m[1msavepack[22m | Storing File: res://assets/models/town/Overhang_UnevenBrick_Short.fbx.import[39m[0m
[  70% ] [90m[1msavepack[22m | Storing File: res://.godot/imported/Overhang_UnevenBrick_Short.gltf-77772daa4d524a426e43e605595a0dd5.scn[39m[0m
[  70% ] [90m[1msavepack[22m | Storing File: res://assets/models/town/Overhang_UnevenBrick_Short.gltf.import[39m[0m
[  71% ] [90m[1msavepack[22m | Storing File: res://.godot/imported/pallet.gltf-58faad32df53d979c2dff17ad9232d2f.scn[39m[0m
[  71% ] [90m[1msavepack[22m | Storing File: res://assets/models/town/pallet.gltf.import[39m[0m
[  71% ] [90m[1msavepack[22m | Storing File: res://.godot/imported/Preview.jpg-b82ebd1f0d1a5bf57681940c4fc28ff9.ctex[39m[0m
[  71% ] [90m[1msavepack[22m | Storing File: res://assets/models/town/Preview.jpg.import[39m[0m
[  71% ] [90m[1msavepack[22m | Storing File: res://.godot/imported/projectile_catapult.gltf-d3cc3a36c3055c4cb3a4830ace197a34.scn[39m[0m
[  71% ] [90m[1msavepack[22m | Storing File: res://assets/models/town/projectile_catapult.gltf.import[39m[0m
[  71% ] [90m[1msavepack[22m | Storing File: res://.godot/imported/Prop_Brick1.fbx-db6b3b89c42506fc8ce55b9354bb34c2.scn[39m[0m
[  71% ] [90m[1msavepack[22m | Storing File: res://assets/models/town/Prop_Brick1.fbx.import[39m[0m
[  71% ] [90m[1msavepack[22m | Storing File: res://.godot/imported/Prop_Brick1.gltf-70c8d4d16accdfc78dfb13f9f624b14d.scn[39m[0m
[  71% ] [90m[1msavepack[22m | Storing File: res://assets/models/town/Prop_Brick1.gltf.import[39m[0m
[  71% ] [90m[1msavepack[22m | Storing File: res://.godot/imported/Prop_Brick2.fbx-65ab72a086e4ba843a8d58a98057b438.scn[39m[0m
[  71% ] [90m[1msavepack[22m | Storing File: res://assets/models/town/Prop_Brick2.fbx.import[39m[0m
[  71% ] [90m[1msavepack[22m | Storing File: res://.godot/imported/Prop_Brick2.gltf-dd807c892a5a90050f817ca89d72e4fd.scn[39m[0m
[  71% ] [90m[1msavepack[22m | Storing File: res://assets/models/town/Prop_Brick2.gltf.import[39m[0m
[  71% ] [90m[1msavepack[22m | Storing File: res://.godot/imported/Prop_Brick3.fbx-09f33ce848c8a29a56201fdcdd4fdbd7.scn[39m[0m
[  71% ] [90m[1msavepack[22m | Storing File: res://assets/models/town/Prop_Brick3.fbx.import[39m[0m
[  71% ] [90m[1msavepack[22m | Storing File: res://.godot/imported/Prop_Brick3.gltf-9d52f8620ebfea521c44d707a1ffa5a0.scn[39m[0m
[  71% ] [90m[1msavepack[22m | Storing File: res://assets/models/town/Prop_Brick3.gltf.import[39m[0m
[  71% ] [90m[1msavepack[22m | Storing File: res://.godot/imported/Prop_Brick4.fbx-7e541e4c756b40dfaca0efc5c268d963.scn[39m[0m
[  71% ] [90m[1msavepack[22m | Storing File: res://assets/models/town/Prop_Brick4.fbx.import[39m[0m
[  71% ] [90m[1msavepack[22m | Storing File: res://.godot/imported/Prop_Brick4.gltf-b2f5e4b517ba4030c2a8ce157fd939ca.scn[39m[0m
[  71% ] [90m[1msavepack[22m | Storing File: res://assets/models/town/Prop_Brick4.gltf.import[39m[0m
[  71% ] [90m[1msavepack[22m | Storing File: res://.godot/imported/Prop_Chimney2.fbx-c74bd0b27ede6519b1786688bba684b9.scn[39m[0m
[  71% ] [90m[1msavepack[22m | Storing File: res://assets/models/town/Prop_Chimney2.fbx.import[39m[0m
[  71% ] [90m[1msavepack[22m | Storing File: res://.godot/imported/Prop_Chimney2.gltf-89caba00d75af0fa187db591ec2581fc.scn[39m[0m
[  71% ] [90m[1msavepack[22m | Storing File: res://assets/models/town/Prop_Chimney2.gltf.import[39m[0m
[  72% ] [90m[1msavepack[22m | Storing File: res://.godot/imported/Prop_Chimney.fbx-2b725f0cfa6be618605304d69d2192fc.scn[39m[0m
[  72% ] [90m[1msavepack[22m | Storing File: res://assets/models/town/Prop_Chimney.fbx.import[39m[0m
[  72% ] [90m[1msavepack[22m | Storing File: res://.godot/imported/Prop_Chimney.gltf-8dcc93768715d153267d77ca4582e8d0.scn[39m[0m
[  72% ] [90m[1msavepack[22m | Storing File: res://assets/models/town/Prop_Chimney.gltf.import[39m[0m
[  72% ] [90m[1msavepack[22m | Storing File: res://.godot/imported/Prop_Crate.fbx-17b2fa9a59f765a74a36cc3020efc814.scn[39m[0m
[  72% ] [90m[1msavepack[22m | Storing File: res://assets/models/town/Prop_Crate.fbx.import[39m[0m
[  72% ] [90m[1msavepack[22m | Storing File: res://.godot/imported/Prop_Crate.gltf-7dab88d309dc6cfee18baad7b756a983.scn[39m[0m
[  72% ] [90m[1msavepack[22m | Storing File: res://assets/models/town/Prop_Crate.gltf.import[39m[0m
[  72% ] [90m[1msavepack[22m | Storing File: res://.godot/imported/Prop_ExteriorBorder_Corner.fbx-a17e0935dd552c4e581bbeee7cd5f36f.scn[39m[0m
[  72% ] [90m[1msavepack[22m | Storing File: res://assets/models/town/Prop_ExteriorBorder_Corner.fbx.import[39m[0m
[  72% ] [90m[1msavepack[22m | Storing File: res://.godot/imported/Prop_ExteriorBorder_Corner.gltf-681989db4e338ce8b5e3766e77ea236d.scn[39m[0m
[  72% ] [90m[1msavepack[22m | Storing File: res://assets/models/town/Prop_ExteriorBorder_Corner.gltf.import[39m[0m
[  72% ] [90m[1msavepack[22m | Storing File: res://.godot/imported/Prop_ExteriorBorder_Straight1.fbx-9759b9a278d359fc8544052adf616a44.scn[39m[0m
[  72% ] [90m[1msavepack[22m | Storing File: res://assets/models/town/Prop_ExteriorBorder_Straight1.fbx.import[39m[0m
[  72% ] [90m[1msavepack[22m | Storing File: res://.godot/imported/Prop_ExteriorBorder_Straight1.gltf-79c2dec07b751abd1cee568eb2b42504.scn[39m[0m
[  72% ] [90m[1msavepack[22m | Storing File: res://assets/models/town/Prop_ExteriorBorder_Straight1.gltf.import[39m[0m
[  72% ] [90m[1msavepack[22m | Storing File: res://.godot/imported/Prop_ExteriorBorder_Straight2.fbx-45abfc04b7af8287119e3b8582c8e82d.scn[39m[0m
[  72% ] [90m[1msavepack[22m | Storing File: res://assets/models/town/Prop_ExteriorBorder_Straight2.fbx.import[39m[0m
[  72% ] [90m[1msavepack[22m | Storing File: res://.godot/imported/Prop_ExteriorBorder_Straight2.gltf-b899aa7c37d15db7542c58c530114ff6.scn[39m[0m
[  72% ] [90m[1msavepack[22m | Storing File: res://assets/models/town/Prop_ExteriorBorder_Straight2.gltf.import[39m[0m
[  72% ] [90m[1msavepack[22m | Storing File: res://.godot/imported/Prop_MetalFence_Ornament.fbx-1ccf54ba191339989271457a43a11077.scn[39m[0m
[  72% ] [90m[1msavepack[22m | Storing File: res://assets/models/town/Prop_MetalFence_Ornament.fbx.import[39m[0m
[  72% ] [90m[1msavepack[22m | Storing File: res://.godot/imported/Prop_MetalFence_Ornament.gltf-de18ddd4baa995aaaf1c420b0b7fbd38.scn[39m[0m
[  72% ] [90m[1msavepack[22m | Storing File: res://assets/models/town/Prop_MetalFence_Ornament.gltf.import[39m[0m
[  73% ] [90m[1msavepack[22m | Storing File: res://.godot/imported/Prop_MetalFence_Simple.fbx-0d50817d9fafffa0e059517daaf8e6af.scn[39m[0m
[  73% ] [90m[1msavepack[22m | Storing File: res://assets/models/town/Prop_MetalFence_Simple.fbx.import[39m[0m
[  73% ] [90m[1msavepack[22m | Storing File: res://.godot/imported/Prop_MetalFence_Simple.gltf-ac6c078c25a7db388dccfdd3dd8e5eca.scn[39m[0m
[  73% ] [90m[1msavepack[22m | Storing File: res://assets/models/town/Prop_MetalFence_Simple.gltf.import[39m[0m
[  73% ] [90m[1msavepack[22m | Storing File: res://.godot/imported/Prop_Support.fbx-726bfe887c14167bafbfec56284c8f33.scn[39m[0m
[  73% ] [90m[1msavepack[22m | Storing File: res://assets/models/town/Prop_Support.fbx.import[39m[0m
[  73% ] [90m[1msavepack[22m | Storing File: res://.godot/imported/Prop_Support.gltf-ca43efc0aa1b25d43ef3a12f208cfd68.scn[39m[0m
[  73% ] [90m[1msavepack[22m | Storing File: res://assets/models/town/Prop_Support.gltf.import[39m[0m
[  73% ] [90m[1msavepack[22m | Storing File: res://.godot/imported/Prop_Vine1.fbx-274e4dc5cf29d01c1b05f7a2afd5dc7d.scn[39m[0m
[  73% ] [90m[1msavepack[22m | Storing File: res://assets/models/town/Prop_Vine1.fbx.import[39m[0m
[  73% ] [90m[1msavepack[22m | Storing File: res://.godot/imported/Prop_Vine1.gltf-0d4f8f4b62a5f6a410bcd4b55d3f930a.scn[39m[0m
[  73% ] [90m[1msavepack[22m | Storing File: res://assets/models/town/Prop_Vine1.gltf.import[39m[0m
[  73% ] [90m[1msavepack[22m | Storing File: res://.godot/imported/Prop_Vine2.fbx-21e3c696d1b7b9972c52fa9a84ad4edf.scn[39m[0m
[  73% ] [90m[1msavepack[22m | Storing File: res://assets/models/town/Prop_Vine2.fbx.import[39m[0m
[  73% ] [90m[1msavepack[22m | Storing File: res://.godot/imported/Prop_Vine2.gltf-09ffae8a56d789e6034076f1dd4a2802.scn[39m[0m
[  73% ] [90m[1msavepack[22m | Storing File: res://assets/models/town/Prop_Vine2.gltf.import[39m[0m
[  73% ] [90m[1msavepack[22m | Storing File: res://.godot/imported/Prop_Vine4.fbx-d14dbb6e65804113ee616311c5b4fa2c.scn[39m[0m
[  73% ] [90m[1msavepack[22m | Storing File: res://assets/models/town/Prop_Vine4.fbx.import[39m[0m
[  73% ] [90m[1msavepack[22m | Storing File: res://.godot/imported/Prop_Vine4.gltf-358135f50163d81bf692471b8209487f.scn[39m[0m
[  73% ] [90m[1msavepack[22m | Storing File: res://assets/models/town/Prop_Vine4.gltf.import[39m[0m
[  73% ] [90m[1msavepack[22m | Storing File: res://.godot/imported/Prop_Vine5.fbx-9807907cd6856d208d4ef7d63304159b.scn[39m[0m
[  73% ] [90m[1msavepack[22m | Storing File: res://assets/models/town/Prop_Vine5.fbx.import[39m[0m
[  73% ] [90m[1msavepack[22m | Storing File: res://.godot/imported/Prop_Vine5.gltf-c9d3a29de4a31e393a6238379e4bf42a.scn[39m[0m
[  73% ] [90m[1msavepack[22m | Storing File: res://assets/models/town/Prop_Vine5.gltf.import[39m[0m
[  73% ] [90m[1msavepack[22m | Storing File: res://.godot/imported/Prop_Vine6.fbx-f6a16213fb7f1e72d5daafeef1b9aa55.scn[39m[0m
[  73% ] [90m[1msavepack[22m | Storing File: res://assets/models/town/Prop_Vine6.fbx.import[39m[0m
[  74% ] [90m[1msavepack[22m | Storing File: res://.godot/imported/Prop_Vine6.gltf-4f106aefeff19530a03511e5986bea2c.scn[39m[0m
[  74% ] [90m[1msavepack[22m | Storing File: res://assets/models/town/Prop_Vine6.gltf.import[39m[0m
[  74% ] [90m[1msavepack[22m | Storing File: res://.godot/imported/Prop_Vine9.fbx-65294a3aeaeb708917daab997c8c989e.scn[39m[0m
[  74% ] [90m[1msavepack[22m | Storing File: res://assets/models/town/Prop_Vine9.fbx.import[39m[0m
[  74% ] [90m[1msavepack[22m | Storing File: res://.godot/imported/Prop_Vine9.gltf-7100fad5f5715101b43e0a2204272bd4.scn[39m[0m
[  74% ] [90m[1msavepack[22m | Storing File: res://assets/models/town/Prop_Vine9.gltf.import[39m[0m
[  74% ] [90m[1msavepack[22m | Storing File: res://.godot/imported/Prop_Wagon.fbx-44daf25811c04f17b1c628837d88713d.scn[39m[0m
[  74% ] [90m[1msavepack[22m | Storing File: res://assets/models/town/Prop_Wagon.fbx.import[39m[0m
[  74% ] [90m[1msavepack[22m | Storing File: res://.godot/imported/Prop_Wagon.gltf-8c721628ec7c204011e564b91ff5359c.scn[39m[0m
[  74% ] [90m[1msavepack[22m | Storing File: res://assets/models/town/Prop_Wagon.gltf.import[39m[0m
[  74% ] [90m[1msavepack[22m | Storing File: res://.godot/imported/Prop_WoodenFence_Extension1.fbx-98d5f99ec3e865011dc536cf9c04b99e.scn[39m[0m
[  74% ] [90m[1msavepack[22m | Storing File: res://assets/models/town/Prop_WoodenFence_Extension1.fbx.import[39m[0m
[  74% ] [90m[1msavepack[22m | Storing File: res://.godot/imported/Prop_WoodenFence_Extension1.gltf-5c7f303bcb2610484a9051e533f8a2aa.scn[39m[0m
[  74% ] [90m[1msavepack[22m | Storing File: res://assets/models/town/Prop_WoodenFence_Extension1.gltf.import[39m[0m
[  74% ] [90m[1msavepack[22m | Storing File: res://.godot/imported/Prop_WoodenFence_Extension2.fbx-e245aa689c8dd1d6277cba1266675b78.scn[39m[0m
[  74% ] [90m[1msavepack[22m | Storing File: res://assets/models/town/Prop_WoodenFence_Extension2.fbx.import[39m[0m
[  74% ] [90m[1msavepack[22m | Storing File: res://.godot/imported/Prop_WoodenFence_Extension2.gltf-01c02971e8ad761cf4a9b48d12670ef1.scn[39m[0m
[  74% ] [90m[1msavepack[22m | Storing File: res://assets/models/town/Prop_WoodenFence_Extension2.gltf.import[39m[0m
[  74% ] [90m[1msavepack[22m | Storing File: res://.godot/imported/Prop_WoodenFence_Single.fbx-6a3f667584e1bb700d7a5b2cc071142b.scn[39m[0m
[  74% ] [90m[1msavepack[22m | Storing File: res://assets/models/town/Prop_WoodenFence_Single.fbx.import[39m[0m
[  74% ] [90m[1msavepack[22m | Storing File: res://.godot/imported/Prop_WoodenFence_Single.gltf-aa32a72029bb646e0ebafbdf9477c91c.scn[39m[0m
[  74% ] [90m[1msavepack[22m | Storing File: res://assets/models/town/Prop_WoodenFence_Single.gltf.import[39m[0m
[  74% ] [90m[1msavepack[22m | Storing File: res://.godot/imported/resource_lumber.gltf-18d58b8f6d7d9a83e022125d6717d589.scn[39m[0m
[  74% ] [90m[1msavepack[22m | Storing File: res://assets/models/town/resource_lumber.gltf.import[39m[0m
[  75% ] [90m[1msavepack[22m | Storing File: res://.godot/imported/resource_stone.gltf-a9d5d4bbb7e499f2b56170ede94b4075.scn[39m[0m
[  75% ] [90m[1msavepack[22m | Storing File: res://assets/models/town/resource_stone.gltf.import[39m[0m
[  75% ] [90m[1msavepack[22m | Storing File: res://.godot/imported/road_corner.gltf-bd6999d288c4c147ec0e34bb3be903f1.scn[39m[0m
[  75% ] [90m[1msavepack[22m | Storing File: res://assets/models/town/road_corner.gltf.import[39m[0m
[  75% ] [90m[1msavepack[22m | Storing File: res://.godot/imported/road_corner_curved.gltf-e9e7580d313ace792e499fb9cc75242c.scn[39m[0m
[  75% ] [90m[1msavepack[22m | Storing File: res://assets/models/town/road_corner_curved.gltf.import[39m[0m
[  75% ] [90m[1msavepack[22m | Storing File: res://.godot/imported/road_junction.gltf-74a060faee1c4333e2acb3a997a0940d.scn[39m[0m
[  75% ] [90m[1msavepack[22m | Storing File: res://assets/models/town/road_junction.gltf.import[39m[0m
[  75% ] [90m[1msavepack[22m | Storing File: res://.godot/imported/road_straight.gltf-7ec2f0665d1f23cf442e79fbaf4f949a.scn[39m[0m
[  75% ] [90m[1msavepack[22m | Storing File: res://assets/models/town/road_straight.gltf.import[39m[0m
[  75% ] [90m[1msavepack[22m | Storing File: res://.godot/imported/road_straight_crossing.gltf-5e0ea330e140cab97c0212bc98604171.scn[39m[0m
[  75% ] [90m[1msavepack[22m | Storing File: res://assets/models/town/road_straight_crossing.gltf.import[39m[0m
[  75% ] [90m[1msavepack[22m | Storing File: res://.godot/imported/road_tsplit.gltf-37ea7a05ca0836626749fcf11447ee3f.scn[39m[0m
[  75% ] [90m[1msavepack[22m | Storing File: res://assets/models/town/road_tsplit.gltf.import[39m[0m
[  75% ] [90m[1msavepack[22m | Storing File: res://.godot/imported/rock_single_A.gltf-b7936213b4c2c39bacf5b7a5ad1fbcf5.scn[39m[0m
[  75% ] [90m[1msavepack[22m | Storing File: res://assets/models/town/rock_single_A.gltf.import[39m[0m
[  75% ] [90m[1msavepack[22m | Storing File: res://.godot/imported/rock_single_B.gltf-5676b33f91b18c1b19c7e96757ee821a.scn[39m[0m
[  75% ] [90m[1msavepack[22m | Storing File: res://assets/models/town/rock_single_B.gltf.import[39m[0m
[  75% ] [90m[1msavepack[22m | Storing File: res://.godot/imported/rock_single_C.gltf-4409640f2bca1197c79d88116b1851aa.scn[39m[0m
[  75% ] [90m[1msavepack[22m | Storing File: res://assets/models/town/rock_single_C.gltf.import[39m[0m
[  75% ] [90m[1msavepack[22m | Storing File: res://.godot/imported/rock_single_D.gltf-505161d64ff883979b66945f9a5e9e04.scn[39m[0m
[  75% ] [90m[1msavepack[22m | Storing File: res://assets/models/town/rock_single_D.gltf.import[39m[0m
[  75% ] [90m[1msavepack[22m | Storing File: res://.godot/imported/rock_single_E.gltf-794519e69fcdf16263607b3e831bb038.scn[39m[0m
[  75% ] [90m[1msavepack[22m | Storing File: res://assets/models/town/rock_single_E.gltf.import[39m[0m
[  75% ] [90m[1msavepack[22m | Storing File: res://.godot/imported/Roof_2x4_RoundTile.fbx-deb2810b908804a12a739caae7140e31.scn[39m[0m
[  75% ] [90m[1msavepack[22m | Storing File: res://assets/models/town/Roof_2x4_RoundTile.fbx.import[39m[0m
[  76% ] [90m[1msavepack[22m | Storing File: res://.godot/imported/Roof_2x4_RoundTile.gltf-ebee3b03f0493b35de6929474c6c5a38.scn[39m[0m
[  76% ] [90m[1msavepack[22m | Storing File: res://assets/models/town/Roof_2x4_RoundTile.gltf.import[39m[0m
[  76% ] [90m[1msavepack[22m | Storing File: res://.godot/imported/Roof_Dormer_RoundTile.fbx-39e6a3b8723168a3b94bb14eeb9db066.scn[39m[0m
[  76% ] [90m[1msavepack[22m | Storing File: res://assets/models/town/Roof_Dormer_RoundTile.fbx.import[39m[0m
[  76% ] [90m[1msavepack[22m | Storing File: res://.godot/imported/Roof_Dormer_RoundTile.gltf-83b4d5f6a766a6d1b12cb27a7824bdd6.scn[39m[0m
[  76% ] [90m[1msavepack[22m | Storing File: res://assets/models/town/Roof_Dormer_RoundTile.gltf.import[39m[0m
[  76% ] [90m[1msavepack[22m | Storing File: res://.godot/imported/Roof_FrontSupports.fbx-d6c91c6fb898529100f79ccb12e52a59.scn[39m[0m
[  76% ] [90m[1msavepack[22m | Storing File: res://assets/models/town/Roof_FrontSupports.fbx.import[39m[0m
[  76% ] [90m[1msavepack[22m | Storing File: res://.godot/imported/Roof_FrontSupports.gltf-2cf50b32b16188799d85c449c5f27202.scn[39m[0m
[  76% ] [90m[1msavepack[22m | Storing File: res://assets/models/town/Roof_FrontSupports.gltf.import[39m[0m
[  76% ] [90m[1msavepack[22m | Storing File: res://.godot/imported/Roof_Front_Brick2.fbx-217586868be27837c7de30f36d39bf76.scn[39m[0m
[  76% ] [90m[1msavepack[22m | Storing File: res://assets/models/town/Roof_Front_Brick2.fbx.import[39m[0m
[  76% ] [90m[1msavepack[22m | Storing File: res://.godot/imported/Roof_Front_Brick2.gltf-862243c6d125ded8f058bc73e7fd5347.scn[39m[0m
[  76% ] [90m[1msavepack[22m | Storing File: res://assets/models/town/Roof_Front_Brick2.gltf.import[39m[0m
[  76% ] [90m[1msavepack[22m | Storing File: res://.godot/imported/Roof_Front_Brick4.fbx-7c88f669c02ccb19e8b3e2203610a4e8.scn[39m[0m
[  76% ] [90m[1msavepack[22m | Storing File: res://assets/models/town/Roof_Front_Brick4.fbx.import[39m[0m
[  76% ] [90m[1msavepack[22m | Storing File: res://.godot/imported/Roof_Front_Brick4.gltf-b1e08d71edac6431d8231e8f96d6a1c8.scn[39m[0m
[  76% ] [90m[1msavepack[22m | Storing File: res://assets/models/town/Roof_Front_Brick4.gltf.import[39m[0m
[  76% ] [90m[1msavepack[22m | Storing File: res://.godot/imported/Roof_Front_Brick4_Half_L.fbx-ac02c5dd63dc789a8e63e061cd6e36ff.scn[39m[0m
[  76% ] [90m[1msavepack[22m | Storing File: res://assets/models/town/Roof_Front_Brick4_Half_L.fbx.import[39m[0m
[  76% ] [90m[1msavepack[22m | Storing File: res://.godot/imported/Roof_Front_Brick4_Half_L.gltf-4eaf51cc23fef2baea83b444b8e83ea4.scn[39m[0m
[  76% ] [90m[1msavepack[22m | Storing File: res://assets/models/town/Roof_Front_Brick4_Half_L.gltf.import[39m[0m
[  76% ] [90m[1msavepack[22m | Storing File: res://.godot/imported/Roof_Front_Brick4_Half_R.fbx-ba47882f8eb877f1d6a42a95b39fc43a.scn[39m[0m
[  76% ] [90m[1msavepack[22m | Storing File: res://assets/models/town/Roof_Front_Brick4_Half_R.fbx.import[39m[0m
[  77% ] [90m[1msavepack[22m | Storing File: res://.godot/imported/Roof_Front_Brick4_Half_R.gltf-4ba9d9376cdeb1fd7db016cbd84d00aa.scn[39m[0m
[  77% ] [90m[1msavepack[22m | Storing File: res://assets/models/town/Roof_Front_Brick4_Half_R.gltf.import[39m[0m
[  77% ] [90m[1msavepack[22m | Storing File: res://.godot/imported/Roof_Front_Brick6.fbx-c4b743054363a9ce96d792794b1c270b.scn[39m[0m
[  77% ] [90m[1msavepack[22m | Storing File: res://assets/models/town/Roof_Front_Brick6.fbx.import[39m[0m
[  77% ] [90m[1msavepack[22m | Storing File: res://.godot/imported/Roof_Front_Brick6.gltf-725e835d446d0f7ae8eca74ec3ae894a.scn[39m[0m
[  77% ] [90m[1msavepack[22m | Storing File: res://assets/models/town/Roof_Front_Brick6.gltf.import[39m[0m
[  77% ] [90m[1msavepack[22m | Storing File: res://.godot/imported/Roof_Front_Brick6_Half_L.fbx-9fb530af38d315b842fe1046735776f8.scn[39m[0m
[  77% ] [90m[1msavepack[22m | Storing File: res://assets/models/town/Roof_Front_Brick6_Half_L.fbx.import[39m[0m
[  77% ] [90m[1msavepack[22m | Storing File: res://.godot/imported/Roof_Front_Brick6_Half_L.gltf-61d5ad1c10e1ebdaa95475ac8e529055.scn[39m[0m
[  77% ] [90m[1msavepack[22m | Storing File: res://assets/models/town/Roof_Front_Brick6_Half_L.gltf.import[39m[0m
[  77% ] [90m[1msavepack[22m | Storing File: res://.godot/imported/Roof_Front_Brick6_Half_R.fbx-1be85d1fd8e8a85d4fa79183fc3062ef.scn[39m[0m
[  77% ] [90m[1msavepack[22m | Storing File: res://assets/models/town/Roof_Front_Brick6_Half_R.fbx.import[39m[0m
[  77% ] [90m[1msavepack[22m | Storing File: res://.godot/imported/Roof_Front_Brick6_Half_R.gltf-7e504a7afe0b31d45be62129a50417cf.scn[39m[0m
[  77% ] [90m[1msavepack[22m | Storing File: res://assets/models/town/Roof_Front_Brick6_Half_R.gltf.import[39m[0m
[  77% ] [90m[1msavepack[22m | Storing File: res://.godot/imported/Roof_Front_Brick8.fbx-ba88fa4108fa0e19c76da866753c9c9f.scn[39m[0m
[  77% ] [90m[1msavepack[22m | Storing File: res://assets/models/town/Roof_Front_Brick8.fbx.import[39m[0m
[  77% ] [90m[1msavepack[22m | Storing File: res://.godot/imported/Roof_Front_Brick8.gltf-9dfa863f3385f382f96dc5914468c6e6.scn[39m[0m
[  77% ] [90m[1msavepack[22m | Storing File: res://assets/models/town/Roof_Front_Brick8.gltf.import[39m[0m
[  77% ] [90m[1msavepack[22m | Storing File: res://.godot/imported/Roof_Front_Brick8_Half_L.fbx-4018755cc86b01d2a97dcdfe06a792b5.scn[39m[0m
[  77% ] [90m[1msavepack[22m | Storing File: res://assets/models/town/Roof_Front_Brick8_Half_L.fbx.import[39m[0m
[  77% ] [90m[1msavepack[22m | Storing File: res://.godot/imported/Roof_Front_Brick8_Half_L.gltf-9962a6c943598ffde43767cc509fee70.scn[39m[0m
[  77% ] [90m[1msavepack[22m | Storing File: res://assets/models/town/Roof_Front_Brick8_Half_L.gltf.import[39m[0m
[  77% ] [90m[1msavepack[22m | Storing File: res://.godot/imported/Roof_Front_Brick8_Half_R.fbx-d625829b34f27775b10d309bf9b39b67.scn[39m[0m
[  77% ] [90m[1msavepack[22m | Storing File: res://assets/models/town/Roof_Front_Brick8_Half_R.fbx.import[39m[0m
[  77% ] [90m[1msavepack[22m | Storing File: res://.godot/imported/Roof_Front_Brick8_Half_R.gltf-f03faed07667adc07414d5ff36124a19.scn[39m[0m
[  77% ] [90m[1msavepack[22m | Storing File: res://assets/models/town/Roof_Front_Brick8_Half_R.gltf.import[39m[0m
[  78% ] [90m[1msavepack[22m | Storing File: res://.godot/imported/Roof_Log.fbx-bb25ba4290d085cb4f837f563dd58bd5.scn[39m[0m
[  78% ] [90m[1msavepack[22m | Storing File: res://assets/models/town/Roof_Log.fbx.import[39m[0m
[  78% ] [90m[1msavepack[22m | Storing File: res://.godot/imported/Roof_Log.gltf-18af55235f5acd847551f195f2927f34.scn[39m[0m
[  78% ] [90m[1msavepack[22m | Storing File: res://assets/models/town/Roof_Log.gltf.import[39m[0m
[  78% ] [90m[1msavepack[22m | Storing File: res://.godot/imported/Roof_Modular_RoundTiles.fbx-c47156b670459bcd0428168ac00844f9.scn[39m[0m
[  78% ] [90m[1msavepack[22m | Storing File: res://assets/models/town/Roof_Modular_RoundTiles.fbx.import[39m[0m
[  78% ] [90m[1msavepack[22m | Storing File: res://.godot/imported/Roof_Modular_RoundTiles.gltf-40e147bd9a0eefe99f3641626630f7f1.scn[39m[0m
[  78% ] [90m[1msavepack[22m | Storing File: res://assets/models/town/Roof_Modular_RoundTiles.gltf.import[39m[0m
[  78% ] [90m[1msavepack[22m | Storing File: res://.godot/imported/Roof_RoundTiles_4x4.fbx-c2c7e03b020d4656c2d41e801c875e8d.scn[39m[0m
[  78% ] [90m[1msavepack[22m | Storing File: res://assets/models/town/Roof_RoundTiles_4x4.fbx.import[39m[0m
[  78% ] [90m[1msavepack[22m | Storing File: res://.godot/imported/Roof_RoundTiles_4x4.gltf-97ed79cd984ba0bc0724a143138c6bad.scn[39m[0m
[  78% ] [90m[1msavepack[22m | Storing File: res://assets/models/town/Roof_RoundTiles_4x4.gltf.import[39m[0m
[  78% ] [90m[1msavepack[22m | Storing File: res://.godot/imported/Roof_RoundTiles_4x6.fbx-de54242f64dfc51b43dfbf9cab518c01.scn[39m[0m
[  78% ] [90m[1msavepack[22m | Storing File: res://assets/models/town/Roof_RoundTiles_4x6.fbx.import[39m[0m
[  78% ] [90m[1msavepack[22m | Storing File: res://.godot/imported/Roof_RoundTiles_4x6.gltf-0de255e34e9dbd2cb455f59a80386a81.scn[39m[0m
[  78% ] [90m[1msavepack[22m | Storing File: res://assets/models/town/Roof_RoundTiles_4x6.gltf.import[39m[0m
[  78% ] [90m[1msavepack[22m | Storing File: res://.godot/imported/Roof_RoundTiles_4x8.fbx-bf0f6d86551565ef21d0bfeb4cf8f53b.scn[39m[0m
[  78% ] [90m[1msavepack[22m | Storing File: res://assets/models/town/Roof_RoundTiles_4x8.fbx.import[39m[0m
[  78% ] [90m[1msavepack[22m | Storing File: res://.godot/imported/Roof_RoundTiles_4x8.gltf-9c8434e8e4827f8cd2aca9ff43bad8e8.scn[39m[0m
[  78% ] [90m[1msavepack[22m | Storing File: res://assets/models/town/Roof_RoundTiles_4x8.gltf.import[39m[0m
[  78% ] [90m[1msavepack[22m | Storing File: res://.godot/imported/Roof_RoundTiles_6x4.fbx-c55624935d0091826ffcbc1a12b0df2c.scn[39m[0m
[  78% ] [90m[1msavepack[22m | Storing File: res://assets/models/town/Roof_RoundTiles_6x4.fbx.import[39m[0m
[  78% ] [90m[1msavepack[22m | Storing File: res://.godot/imported/Roof_RoundTiles_6x4.gltf-821f4a8d802035663e7a4548c76de8a8.scn[39m[0m
[  78% ] [90m[1msavepack[22m | Storing File: res://assets/models/town/Roof_RoundTiles_6x4.gltf.import[39m[0m
[  79% ] [90m[1msavepack[22m | Storing File: res://.godot/imported/Roof_RoundTiles_6x6.fbx-87b6146e6547a7fef21f8e8689a1bce1.scn[39m[0m
[  79% ] [90m[1msavepack[22m | Storing File: res://assets/models/town/Roof_RoundTiles_6x6.fbx.import[39m[0m
[  79% ] [90m[1msavepack[22m | Storing File: res://.godot/imported/Roof_RoundTiles_6x6.gltf-ab8961dfcb9c9c4cf42cca43c9c06dbc.scn[39m[0m
[  79% ] [90m[1msavepack[22m | Storing File: res://assets/models/town/Roof_RoundTiles_6x6.gltf.import[39m[0m
[  79% ] [90m[1msavepack[22m | Storing File: res://.godot/imported/Roof_RoundTiles_6x8.fbx-4600c58c5c828f4886bedb10cb866768.scn[39m[0m
[  79% ] [90m[1msavepack[22m | Storing File: res://assets/models/town/Roof_RoundTiles_6x8.fbx.import[39m[0m
[  79% ] [90m[1msavepack[22m | Storing File: res://.godot/imported/Roof_RoundTiles_6x8.gltf-c316f76c480446bc489818c2e5a8e76d.scn[39m[0m
[  79% ] [90m[1msavepack[22m | Storing File: res://assets/models/town/Roof_RoundTiles_6x8.gltf.import[39m[0m
[  79% ] [90m[1msavepack[22m | Storing File: res://.godot/imported/Roof_RoundTiles_6x10.fbx-424a65b074613886c25fdbb81946e095.scn[39m[0m
[  79% ] [90m[1msavepack[22m | Storing File: res://assets/models/town/Roof_RoundTiles_6x10.fbx.import[39m[0m
[  79% ] [90m[1msavepack[22m | Storing File: res://.godot/imported/Roof_RoundTiles_6x10.gltf-a641d137f932c7330fe11ac8129ed021.scn[39m[0m
[  79% ] [90m[1msavepack[22m | Storing File: res://assets/models/town/Roof_RoundTiles_6x10.gltf.import[39m[0m
[  79% ] [90m[1msavepack[22m | Storing File: res://.godot/imported/Roof_RoundTiles_6x12.fbx-86183eeebae2099eccb33cb4a43b1a3a.scn[39m[0m
[  79% ] [90m[1msavepack[22m | Storing File: res://assets/models/town/Roof_RoundTiles_6x12.fbx.import[39m[0m
[  79% ] [90m[1msavepack[22m | Storing File: res://.godot/imported/Roof_RoundTiles_6x12.gltf-18a8f7180ac1cc3d3411f859a18bb55e.scn[39m[0m
[  79% ] [90m[1msavepack[22m | Storing File: res://assets/models/town/Roof_RoundTiles_6x12.gltf.import[39m[0m
[  79% ] [90m[1msavepack[22m | Storing File: res://.godot/imported/Roof_RoundTiles_6x14.fbx-74ef2ee35619255c8050e276df7f5b55.scn[39m[0m
[  79% ] [90m[1msavepack[22m | Storing File: res://assets/models/town/Roof_RoundTiles_6x14.fbx.import[39m[0m
[  79% ] [90m[1msavepack[22m | Storing File: res://.godot/imported/Roof_RoundTiles_6x14.gltf-c03ba2409e519cc39fdaeeab2888945a.scn[39m[0m
[  79% ] [90m[1msavepack[22m | Storing File: res://assets/models/town/Roof_RoundTiles_6x14.gltf.import[39m[0m
[  79% ] [90m[1msavepack[22m | Storing File: res://.godot/imported/Roof_RoundTiles_8x8.fbx-4add977f754a514745f37c8d5971645f.scn[39m[0m
[  79% ] [90m[1msavepack[22m | Storing File: res://assets/models/town/Roof_RoundTiles_8x8.fbx.import[39m[0m
[  79% ] [90m[1msavepack[22m | Storing File: res://.godot/imported/Roof_RoundTiles_8x8.gltf-98cf191262a80dd5466d763429a9b33e.scn[39m[0m
[  79% ] [90m[1msavepack[22m | Storing File: res://assets/models/town/Roof_RoundTiles_8x8.gltf.import[39m[0m
[  79% ] [90m[1msavepack[22m | Storing File: res://.godot/imported/Roof_RoundTiles_8x10.fbx-79f68d0612493c2f843866dbee810214.scn[39m[0m
[  79% ] [90m[1msavepack[22m | Storing File: res://assets/models/town/Roof_RoundTiles_8x10.fbx.import[39m[0m
[  80% ] [90m[1msavepack[22m | Storing File: res://.godot/imported/Roof_RoundTiles_8x10.gltf-d05f965997c2afb8e60eee89a8eeb21f.scn[39m[0m
[  80% ] [90m[1msavepack[22m | Storing File: res://assets/models/town/Roof_RoundTiles_8x10.gltf.import[39m[0m
[  80% ] [90m[1msavepack[22m | Storing File: res://.godot/imported/Roof_RoundTiles_8x12.fbx-d13722ea2b176d69d3854b1b7918b52e.scn[39m[0m
[  80% ] [90m[1msavepack[22m | Storing File: res://assets/models/town/Roof_RoundTiles_8x12.fbx.import[39m[0m
[  80% ] [90m[1msavepack[22m | Storing File: res://.godot/imported/Roof_RoundTiles_8x12.gltf-d4967604dfd40f3426a8f68dbd424ca2.scn[39m[0m
[  80% ] [90m[1msavepack[22m | Storing File: res://assets/models/town/Roof_RoundTiles_8x12.gltf.import[39m[0m
[  80% ] [90m[1msavepack[22m | Storing File: res://.godot/imported/Roof_RoundTiles_8x14.fbx-d40b72d77f1dcd945c75c00af0d503e6.scn[39m[0m
[  80% ] [90m[1msavepack[22m | Storing File: res://assets/models/town/Roof_RoundTiles_8x14.fbx.import[39m[0m
[  80% ] [90m[1msavepack[22m | Storing File: res://.godot/imported/Roof_RoundTiles_8x14.gltf-0a4995f0b5e65a082f7bc42e83f3bb21.scn[39m[0m
[  80% ] [90m[1msavepack[22m | Storing File: res://assets/models/town/Roof_RoundTiles_8x14.gltf.import[39m[0m
[  80% ] [90m[1msavepack[22m | Storing File: res://.godot/imported/Roof_RoundTile_2x1.fbx-9ccc271e04e6e3e85493ee3228955f33.scn[39m[0m
[  80% ] [90m[1msavepack[22m | Storing File: res://assets/models/town/Roof_RoundTile_2x1.fbx.import[39m[0m
[  80% ] [90m[1msavepack[22m | Storing File: res://.godot/imported/Roof_RoundTile_2x1.gltf-676bc57d423f1bb2eae6b3013d20d597.scn[39m[0m
[  80% ] [90m[1msavepack[22m | Storing File: res://assets/models/town/Roof_RoundTile_2x1.gltf.import[39m[0m
[  80% ] [90m[1msavepack[22m | Storing File: res://.godot/imported/Roof_RoundTile_2x1_Long.fbx-1ea1ed4c32d55d01144dc29f70b6d718.scn[39m[0m
[  80% ] [90m[1msavepack[22m | Storing File: res://assets/models/town/Roof_RoundTile_2x1_Long.fbx.import[39m[0m
[  80% ] [90m[1msavepack[22m | Storing File: res://.godot/imported/Roof_RoundTile_2x1_Long.gltf-50eafdd3083d3c00b49394e96b4f1358.scn[39m[0m
[  80% ] [90m[1msavepack[22m | Storing File: res://assets/models/town/Roof_RoundTile_2x1_Long.gltf.import[39m[0m
[  80% ] [90m[1msavepack[22m | Storing File: res://.godot/imported/Roof_Support2.fbx-f47742317105089c72e34874eccb2fc0.scn[39m[0m
[  80% ] [90m[1msavepack[22m | Storing File: res://assets/models/town/Roof_Support2.fbx.import[39m[0m
[  80% ] [90m[1msavepack[22m | Storing File: res://.godot/imported/Roof_Support2.gltf-afd68277d1b4289958c4345992510700.scn[39m[0m
[  80% ] [90m[1msavepack[22m | Storing File: res://assets/models/town/Roof_Support2.gltf.import[39m[0m
[  80% ] [90m[1msavepack[22m | Storing File: res://.godot/imported/Roof_Tower_RoundTiles.fbx-7f3f926e1e1bae7e58fc2d45ff526c6f.scn[39m[0m
[  80% ] [90m[1msavepack[22m | Storing File: res://assets/models/town/Roof_Tower_RoundTiles.fbx.import[39m[0m
[  81% ] [90m[1msavepack[22m | Storing File: res://.godot/imported/Roof_Tower_RoundTiles.gltf-2839997925af3c55ff035cadfe5dee18.scn[39m[0m
[  81% ] [90m[1msavepack[22m | Storing File: res://assets/models/town/Roof_Tower_RoundTiles.gltf.import[39m[0m
[  81% ] [90m[1msavepack[22m | Storing File: res://.godot/imported/Roof_Wooden_2x1.fbx-26a01e0fe6de25afa97f28ed16bec981.scn[39m[0m
[  81% ] [90m[1msavepack[22m | Storing File: res://assets/models/town/Roof_Wooden_2x1.fbx.import[39m[0m
[  81% ] [90m[1msavepack[22m | Storing File: res://.godot/imported/Roof_Wooden_2x1.gltf-38d1ebc0c8e3f9fe32147c1eec7fbea8.scn[39m[0m
[  81% ] [90m[1msavepack[22m | Storing File: res://assets/models/town/Roof_Wooden_2x1.gltf.import[39m[0m
[  81% ] [90m[1msavepack[22m | Storing File: res://.godot/imported/Roof_Wooden_2x1_Center.fbx-7b4592f053ad4428013e5343cbd7984f.scn[39m[0m
[  81% ] [90m[1msavepack[22m | Storing File: res://assets/models/town/Roof_Wooden_2x1_Center.fbx.import[39m[0m
[  81% ] [90m[1msavepack[22m | Storing File: res://.godot/imported/Roof_Wooden_2x1_Center.gltf-dd1f3a42c4289f1efc196040785cbfab.scn[39m[0m
[  81% ] [90m[1msavepack[22m | Storing File: res://assets/models/town/Roof_Wooden_2x1_Center.gltf.import[39m[0m
[  81% ] [90m[1msavepack[22m | Storing File: res://.godot/imported/Roof_Wooden_2x1_Center_Mirror.fbx-bfa3bee2ddf48c89bfd579a1c5e27fe8.scn[39m[0m
[  81% ] [90m[1msavepack[22m | Storing File: res://assets/models/town/Roof_Wooden_2x1_Center_Mirror.fbx.import[39m[0m
[  81% ] [90m[1msavepack[22m | Storing File: res://.godot/imported/Roof_Wooden_2x1_Center_Mirror.gltf-9847052deaa2c37efeb9bb4d9f838ed7.scn[39m[0m
[  81% ] [90m[1msavepack[22m | Storing File: res://assets/models/town/Roof_Wooden_2x1_Center_Mirror.gltf.import[39m[0m
[  81% ] [90m[1msavepack[22m | Storing File: res://.godot/imported/Roof_Wooden_2x1_Corner.fbx-6cd3148b957f4c378e2768a7873f6ecc.scn[39m[0m
[  81% ] [90m[1msavepack[22m | Storing File: res://assets/models/town/Roof_Wooden_2x1_Corner.fbx.import[39m[0m
[  81% ] [90m[1msavepack[22m | Storing File: res://.godot/imported/Roof_Wooden_2x1_Corner.gltf-692e4b8ec91d3d149e6491679c3e47d1.scn[39m[0m
[  81% ] [90m[1msavepack[22m | Storing File: res://assets/models/town/Roof_Wooden_2x1_Corner.gltf.import[39m[0m
[  81% ] [90m[1msavepack[22m | Storing File: res://.godot/imported/Roof_Wooden_2x1_L.fbx-a5cc7b6d5d5f985505abb11b15a7893b.scn[39m[0m
[  81% ] [90m[1msavepack[22m | Storing File: res://assets/models/town/Roof_Wooden_2x1_L.fbx.import[39m[0m
[  81% ] [90m[1msavepack[22m | Storing File: res://.godot/imported/Roof_Wooden_2x1_L.gltf-9278cb3b0b0aeee6e260d67991f46876.scn[39m[0m
[  81% ] [90m[1msavepack[22m | Storing File: res://assets/models/town/Roof_Wooden_2x1_L.gltf.import[39m[0m
[  81% ] [90m[1msavepack[22m | Storing File: res://.godot/imported/Roof_Wooden_2x1_Middle.fbx-08e8a9eb28b828157a272891cd91f0e2.scn[39m[0m
[  81% ] [90m[1msavepack[22m | Storing File: res://assets/models/town/Roof_Wooden_2x1_Middle.fbx.import[39m[0m
[  81% ] [90m[1msavepack[22m | Storing File: res://.godot/imported/Roof_Wooden_2x1_Middle.gltf-c3d03c6973f115d70fd64c0e88f42322.scn[39m[0m
[  81% ] [90m[1msavepack[22m | Storing File: res://assets/models/town/Roof_Wooden_2x1_Middle.gltf.import[39m[0m
[  82% ] [90m[1msavepack[22m | Storing File: res://.godot/imported/Roof_Wooden_2x1_R.fbx-44a7dda9edfa8bb461348ef5c354c0f6.scn[39m[0m
[  82% ] [90m[1msavepack[22m | Storing File: res://assets/models/town/Roof_Wooden_2x1_R.fbx.import[39m[0m
[  82% ] [90m[1msavepack[22m | Storing File: res://.godot/imported/Roof_Wooden_2x1_R.gltf-5dc127ce68987f06f8bed0965c6b678b.scn[39m[0m
[  82% ] [90m[1msavepack[22m | Storing File: res://assets/models/town/Roof_Wooden_2x1_R.gltf.import[39m[0m
[  82% ] [90m[1msavepack[22m | Storing File: res://.godot/imported/sack.gltf-605c29c5c612005d871d0d4db0ece240.scn[39m[0m
[  82% ] [90m[1msavepack[22m | Storing File: res://assets/models/town/sack.gltf.import[39m[0m
[  82% ] [90m[1msavepack[22m | Storing File: res://.godot/imported/Stairs_Exterior_NoFirstStep.fbx-72b144057cb2cb1a1b3c859099e6abd8.scn[39m[0m
[  82% ] [90m[1msavepack[22m | Storing File: res://assets/models/town/Stairs_Exterior_NoFirstStep.fbx.import[39m[0m
[  82% ] [90m[1msavepack[22m | Storing File: res://.godot/imported/Stairs_Exterior_NoFirstStep.gltf-77037ea36803cd599dfadaed9c81da76.scn[39m[0m
[  82% ] [90m[1msavepack[22m | Storing File: res://assets/models/town/Stairs_Exterior_NoFirstStep.gltf.import[39m[0m
[  82% ] [90m[1msavepack[22m | Storing File: res://.godot/imported/Stairs_Exterior_Platform45.fbx-f080b82cf5f8bf346def35bf746133c4.scn[39m[0m
[  82% ] [90m[1msavepack[22m | Storing File: res://assets/models/town/Stairs_Exterior_Platform45.fbx.import[39m[0m
[  82% ] [90m[1msavepack[22m | Storing File: res://.godot/imported/Stairs_Exterior_Platform45.gltf-5a7f725c82b7c1050247b2ac30795f16.scn[39m[0m
[  82% ] [90m[1msavepack[22m | Storing File: res://assets/models/town/Stairs_Exterior_Platform45.gltf.import[39m[0m
[  82% ] [90m[1msavepack[22m | Storing File: res://.godot/imported/Stairs_Exterior_Platform45Clean.fbx-6d5f8e1578b9629e455ffb44c1a178fa.scn[39m[0m
[  82% ] [90m[1msavepack[22m | Storing File: res://assets/models/town/Stairs_Exterior_Platform45Clean.fbx.import[39m[0m
[  82% ] [90m[1msavepack[22m | Storing File: res://.godot/imported/Stairs_Exterior_Platform45Clean.gltf-b8bda050d7668d3b7fb9712f1afada49.scn[39m[0m
[  82% ] [90m[1msavepack[22m | Storing File: res://assets/models/town/Stairs_Exterior_Platform45Clean.gltf.import[39m[0m
[  82% ] [90m[1msavepack[22m | Storing File: res://.godot/imported/Stairs_Exterior_Platform.fbx-1a92fb50ff9e7258a70f9a37251b98e7.scn[39m[0m
[  82% ] [90m[1msavepack[22m | Storing File: res://assets/models/town/Stairs_Exterior_Platform.fbx.import[39m[0m
[  82% ] [90m[1msavepack[22m | Storing File: res://.godot/imported/Stairs_Exterior_Platform.gltf-9f39006f17f54afbabba3058990a6ca8.scn[39m[0m
[  82% ] [90m[1msavepack[22m | Storing File: res://assets/models/town/Stairs_Exterior_Platform.gltf.import[39m[0m
[  82% ] [90m[1msavepack[22m | Storing File: res://.godot/imported/Stairs_Exterior_PlatformU.fbx-8b494cd766d62762be15533f685bcc80.scn[39m[0m
[  82% ] [90m[1msavepack[22m | Storing File: res://assets/models/town/Stairs_Exterior_PlatformU.fbx.import[39m[0m
[  83% ] [90m[1msavepack[22m | Storing File: res://.godot/imported/Stairs_Exterior_PlatformU.gltf-18e2dc5627f1a49fd82026d0a6329ddd.scn[39m[0m
[  83% ] [90m[1msavepack[22m | Storing File: res://assets/models/town/Stairs_Exterior_PlatformU.gltf.import[39m[0m
[  83% ] [90m[1msavepack[22m | Storing File: res://.godot/imported/Stairs_Exterior_SidePlatform.fbx-a3be59ebdae6d05e0bf175584b32ee88.scn[39m[0m
[  83% ] [90m[1msavepack[22m | Storing File: res://assets/models/town/Stairs_Exterior_SidePlatform.fbx.import[39m[0m
[  83% ] [90m[1msavepack[22m | Storing File: res://.godot/imported/Stairs_Exterior_SidePlatform.gltf-b52bb968451532ee369fd80fe4b18316.scn[39m[0m
[  83% ] [90m[1msavepack[22m | Storing File: res://assets/models/town/Stairs_Exterior_SidePlatform.gltf.import[39m[0m
[  83% ] [90m[1msavepack[22m | Storing File: res://.godot/imported/Stairs_Exterior_Sides45.fbx-1c4dc16137e4fa50cc804fd6df1f7947.scn[39m[0m
[  83% ] [90m[1msavepack[22m | Storing File: res://assets/models/town/Stairs_Exterior_Sides45.fbx.import[39m[0m
[  83% ] [90m[1msavepack[22m | Storing File: res://.godot/imported/Stairs_Exterior_Sides45.gltf-0efa555a7e040cbc1725bb09cb6c11d3.scn[39m[0m
[  83% ] [90m[1msavepack[22m | Storing File: res://assets/models/town/Stairs_Exterior_Sides45.gltf.import[39m[0m
[  83% ] [90m[1msavepack[22m | Storing File: res://.godot/imported/Stairs_Exterior_Sides.fbx-8c9d6ab161494eb369c6a99fc8dafa6f.scn[39m[0m
[  83% ] [90m[1msavepack[22m | Storing File: res://assets/models/town/Stairs_Exterior_Sides.fbx.import[39m[0m
[  83% ] [90m[1msavepack[22m | Storing File: res://.godot/imported/Stairs_Exterior_Sides.gltf-75e0ae1483560463da9a0589511eb049.scn[39m[0m
[  83% ] [90m[1msavepack[22m | Storing File: res://assets/models/town/Stairs_Exterior_Sides.gltf.import[39m[0m
[  83% ] [90m[1msavepack[22m | Storing File: res://.godot/imported/Stairs_Exterior_SidesU.fbx-3984e25f9259944b110af7b16fc33925.scn[39m[0m
[  83% ] [90m[1msavepack[22m | Storing File: res://assets/models/town/Stairs_Exterior_SidesU.fbx.import[39m[0m
[  83% ] [90m[1msavepack[22m | Storing File: res://.godot/imported/Stairs_Exterior_SidesU.gltf-09acc6df4c6c00bd2a9ef1048d987f26.scn[39m[0m
[  83% ] [90m[1msavepack[22m | Storing File: res://assets/models/town/Stairs_Exterior_SidesU.gltf.import[39m[0m
[  83% ] [90m[1msavepack[22m | Storing File: res://.godot/imported/Stairs_Exterior_SingleSide.fbx-0a69ad5def032dd390701e51b75aaf56.scn[39m[0m
[  83% ] [90m[1msavepack[22m | Storing File: res://assets/models/town/Stairs_Exterior_SingleSide.fbx.import[39m[0m
[  83% ] [90m[1msavepack[22m | Storing File: res://.godot/imported/Stairs_Exterior_SingleSide.gltf-99cc0922ac8a386428c2502ec05fa846.scn[39m[0m
[  83% ] [90m[1msavepack[22m | Storing File: res://assets/models/town/Stairs_Exterior_SingleSide.gltf.import[39m[0m
[  83% ] [90m[1msavepack[22m | Storing File: res://.godot/imported/Stairs_Exterior_SingleSideThick.fbx-d117c4b7c3c405f847dd50c62566fa93.scn[39m[0m
[  83% ] [90m[1msavepack[22m | Storing File: res://assets/models/town/Stairs_Exterior_SingleSideThick.fbx.import[39m[0m
[  84% ] [90m[1msavepack[22m | Storing File: res://.godot/imported/Stairs_Exterior_SingleSideThick.gltf-975ac45cc29e7b82bfacdb54385ffdb1.scn[39m[0m
[  84% ] [90m[1msavepack[22m | Storing File: res://assets/models/town/Stairs_Exterior_SingleSideThick.gltf.import[39m[0m
[  84% ] [90m[1msavepack[22m | Storing File: res://.godot/imported/Stairs_Exterior_Straight.fbx-7c9151d223a71a5b3f4ca3fe5d5194e3.scn[39m[0m
[  84% ] [90m[1msavepack[22m | Storing File: res://assets/models/town/Stairs_Exterior_Straight.fbx.import[39m[0m
[  84% ] [90m[1msavepack[22m | Storing File: res://.godot/imported/Stairs_Exterior_Straight.gltf-f77e7786869bbaf1fa49a93b5f0fdaf8.scn[39m[0m
[  84% ] [90m[1msavepack[22m | Storing File: res://assets/models/town/Stairs_Exterior_Straight.gltf.import[39m[0m
[  84% ] [90m[1msavepack[22m | Storing File: res://.godot/imported/Stairs_Exterior_Straight_Center.fbx-5e6a51b9abf5b4bf2e9e0b4c63f41871.scn[39m[0m
[  84% ] [90m[1msavepack[22m | Storing File: res://assets/models/town/Stairs_Exterior_Straight_Center.fbx.import[39m[0m
[  84% ] [90m[1msavepack[22m | Storing File: res://.godot/imported/Stairs_Exterior_Straight_Center.gltf-8051626774f813f2535313d34f36e90f.scn[39m[0m
[  84% ] [90m[1msavepack[22m | Storing File: res://assets/models/town/Stairs_Exterior_Straight_Center.gltf.import[39m[0m
[  84% ] [90m[1msavepack[22m | Storing File: res://.godot/imported/Stairs_Exterior_Straight_L.fbx-d541e840104167fff4ee7e0bb95416d0.scn[39m[0m
[  84% ] [90m[1msavepack[22m | Storing File: res://assets/models/town/Stairs_Exterior_Straight_L.fbx.import[39m[0m
[  84% ] [90m[1msavepack[22m | Storing File: res://.godot/imported/Stairs_Exterior_Straight_L.gltf-5d9abbadd7944704c28ea5e980beec0b.scn[39m[0m
[  84% ] [90m[1msavepack[22m | Storing File: res://assets/models/town/Stairs_Exterior_Straight_L.gltf.import[39m[0m
[  84% ] [90m[1msavepack[22m | Storing File: res://.godot/imported/Stairs_Exterior_Straight_R.fbx-b5570cfbeaa0bf330e12cefbd0d844bb.scn[39m[0m
[  84% ] [90m[1msavepack[22m | Storing File: res://assets/models/town/Stairs_Exterior_Straight_R.fbx.import[39m[0m
[  84% ] [90m[1msavepack[22m | Storing File: res://.godot/imported/Stairs_Exterior_Straight_R.gltf-d75fc2a1fd829b1ea83490ac36ed1d86.scn[39m[0m
[  84% ] [90m[1msavepack[22m | Storing File: res://assets/models/town/Stairs_Exterior_Straight_R.gltf.import[39m[0m
[  84% ] [90m[1msavepack[22m | Storing File: res://.godot/imported/Stair_Interior_Rails.fbx-4137a6552b728be13d51c4e8f6918e99.scn[39m[0m
[  84% ] [90m[1msavepack[22m | Storing File: res://assets/models/town/Stair_Interior_Rails.fbx.import[39m[0m
[  84% ] [90m[1msavepack[22m | Storing File: res://.godot/imported/Stair_Interior_Rails.gltf-e3b5fb00d2fd14b225cc320d21386dd0.scn[39m[0m
[  84% ] [90m[1msavepack[22m | Storing File: res://assets/models/town/Stair_Interior_Rails.gltf.import[39m[0m
[  84% ] [90m[1msavepack[22m | Storing File: res://.godot/imported/Stair_Interior_Simple.fbx-24be4c63571a2ed366c3cc710af6a6fd.scn[39m[0m
[  84% ] [90m[1msavepack[22m | Storing File: res://assets/models/town/Stair_Interior_Simple.fbx.import[39m[0m
[  84% ] [90m[1msavepack[22m | Storing File: res://.godot/imported/Stair_Interior_Simple.gltf-4b86ab904b9da96ee20969c3cbd3ac23.scn[39m[0m
[  84% ] [90m[1msavepack[22m | Storing File: res://assets/models/town/Stair_Interior_Simple.gltf.import[39m[0m
[  85% ] [90m[1msavepack[22m | Storing File: res://.godot/imported/Stair_Interior_Solid.fbx-a1fcbb27f5c92cfa1dda71f622870660.scn[39m[0m
[  85% ] [90m[1msavepack[22m | Storing File: res://assets/models/town/Stair_Interior_Solid.fbx.import[39m[0m
[  85% ] [90m[1msavepack[22m | Storing File: res://.godot/imported/Stair_Interior_Solid.gltf-7ec18ed2cfc1f6b0742a0f250f7eb0be.scn[39m[0m
[  85% ] [90m[1msavepack[22m | Storing File: res://assets/models/town/Stair_Interior_Solid.gltf.import[39m[0m
[  85% ] [90m[1msavepack[22m | Storing File: res://.godot/imported/Stair_Interior_SolidExtended.fbx-1f8401197a177363ab95149c8b1c6a2d.scn[39m[0m
[  85% ] [90m[1msavepack[22m | Storing File: res://assets/models/town/Stair_Interior_SolidExtended.fbx.import[39m[0m
[  85% ] [90m[1msavepack[22m | Storing File: res://.godot/imported/Stair_Interior_SolidExtended.gltf-74f9724ef0e2791972c418028efde462.scn[39m[0m
[  85% ] [90m[1msavepack[22m | Storing File: res://assets/models/town/Stair_Interior_SolidExtended.gltf.import[39m[0m
[  85% ] [90m[1msavepack[22m | Storing File: res://.godot/imported/streetlight.gltf-4dd2d7b0cb7c719363781e6f5789d1c5.scn[39m[0m
[  85% ] [90m[1msavepack[22m | Storing File: res://assets/models/town/streetlight.gltf.import[39m[0m
[  85% ] [90m[1msavepack[22m | Storing File: res://.godot/imported/target.gltf-1fcd3e8b9354a6c70566f7037be91a7b.scn[39m[0m
[  85% ] [90m[1msavepack[22m | Storing File: res://assets/models/town/target.gltf.import[39m[0m
[  85% ] [90m[1msavepack[22m | Storing File: res://.godot/imported/tent.gltf-d5aa8656f85fb5a853460e963b523b5d.scn[39m[0m
[  85% ] [90m[1msavepack[22m | Storing File: res://assets/models/town/tent.gltf.import[39m[0m
[  85% ] [90m[1msavepack[22m | Storing File: res://.godot/imported/trafficlight_A.gltf-a456c7d3f8a339c137455c360edc959c.scn[39m[0m
[  85% ] [90m[1msavepack[22m | Storing File: res://assets/models/town/trafficlight_A.gltf.import[39m[0m
[  85% ] [90m[1msavepack[22m | Storing File: res://.godot/imported/trafficlight_B.gltf-cb1ec00a3970b09a92402a4cbbc19add.scn[39m[0m
[  85% ] [90m[1msavepack[22m | Storing File: res://assets/models/town/trafficlight_B.gltf.import[39m[0m
[  85% ] [90m[1msavepack[22m | Storing File: res://.godot/imported/trafficlight_C.gltf-26e5254fde1c5be064538997d58ae634.scn[39m[0m
[  85% ] [90m[1msavepack[22m | Storing File: res://assets/models/town/trafficlight_C.gltf.import[39m[0m
[  85% ] [90m[1msavepack[22m | Storing File: res://.godot/imported/trash_A.gltf-674e5e194e049703ccf4c2a5d79b41c6.scn[39m[0m
[  85% ] [90m[1msavepack[22m | Storing File: res://assets/models/town/trash_A.gltf.import[39m[0m
[  85% ] [90m[1msavepack[22m | Storing File: res://.godot/imported/trash_B.gltf-a24e52b7baa462a82440e0b2ab2cbc63.scn[39m[0m
[  85% ] [90m[1msavepack[22m | Storing File: res://assets/models/town/trash_B.gltf.import[39m[0m
[  86% ] [90m[1msavepack[22m | Storing File: res://.godot/imported/trees_A_cut.gltf-304780bae3f82cfe829bc79360ad5319.scn[39m[0m
[  86% ] [90m[1msavepack[22m | Storing File: res://assets/models/town/trees_A_cut.gltf.import[39m[0m
[  86% ] [90m[1msavepack[22m | Storing File: res://.godot/imported/trees_A_large.gltf-80528fcb3e9004c4bc928da7ccb97240.scn[39m[0m
[  86% ] [90m[1msavepack[22m | Storing File: res://assets/models/town/trees_A_large.gltf.import[39m[0m
[  86% ] [90m[1msavepack[22m | Storing File: res://.godot/imported/trees_A_medium.gltf-72dbdd9aa158992c344ffd17d3198b7d.scn[39m[0m
[  86% ] [90m[1msavepack[22m | Storing File: res://assets/models/town/trees_A_medium.gltf.import[39m[0m
[  86% ] [90m[1msavepack[22m | Storing File: res://.godot/imported/trees_A_small.gltf-2f9f755d2a91430ea702b102325e2b48.scn[39m[0m
[  86% ] [90m[1msavepack[22m | Storing File: res://assets/models/town/trees_A_small.gltf.import[39m[0m
[  86% ] [90m[1msavepack[22m | Storing File: res://.godot/imported/trees_B_cut.gltf-657e5c998fe6f1fe3cbb5fe644f0ce73.scn[39m[0m
[  86% ] [90m[1msavepack[22m | Storing File: res://assets/models/town/trees_B_cut.gltf.import[39m[0m
[  86% ] [90m[1msavepack[22m | Storing File: res://.godot/imported/trees_B_large.gltf-3994dba54521603ee4b8f67771dd351c.scn[39m[0m
[  86% ] [90m[1msavepack[22m | Storing File: res://assets/models/town/trees_B_large.gltf.import[39m[0m
[  86% ] [90m[1msavepack[22m | Storing File: res://.godot/imported/trees_B_medium.gltf-0fd1e8860ff1950a828abda2e089d5a0.scn[39m[0m
[  86% ] [90m[1msavepack[22m | Storing File: res://assets/models/town/trees_B_medium.gltf.import[39m[0m
[  86% ] [90m[1msavepack[22m | Storing File: res://.godot/imported/trees_B_small.gltf-57c8f96539819d2b1b31a626852131c9.scn[39m[0m
[  86% ] [90m[1msavepack[22m | Storing File: res://assets/models/town/trees_B_small.gltf.import[39m[0m
[  86% ] [90m[1msavepack[22m | Storing File: res://.godot/imported/tree_single_A.gltf-3bce5fa529479130864c1b02ff7534c8.scn[39m[0m
[  86% ] [90m[1msavepack[22m | Storing File: res://assets/models/town/tree_single_A.gltf.import[39m[0m
[  86% ] [90m[1msavepack[22m | Storing File: res://.godot/imported/tree_single_A_cut.gltf-cc166ccaf7f1fe8c43c1a5c6dc6fda62.scn[39m[0m
[  86% ] [90m[1msavepack[22m | Storing File: res://assets/models/town/tree_single_A_cut.gltf.import[39m[0m
[  86% ] [90m[1msavepack[22m | Storing File: res://.godot/imported/tree_single_B.gltf-25fd561e70c96414c4bcbe92352bd4c9.scn[39m[0m
[  86% ] [90m[1msavepack[22m | Storing File: res://assets/models/town/tree_single_B.gltf.import[39m[0m
[  86% ] [90m[1msavepack[22m | Storing File: res://.godot/imported/tree_single_B_cut.gltf-bcf9637c785af7ca3ab2acd99e6c9d66.scn[39m[0m
[  86% ] [90m[1msavepack[22m | Storing File: res://assets/models/town/tree_single_B_cut.gltf.import[39m[0m
[  86% ] [90m[1msavepack[22m | Storing File: res://.godot/imported/T_BottomWear.png-9dcc7265cb1857b4c5f450f0e1431c49.ctex[39m[0m
[  86% ] [90m[1msavepack[22m | Storing File: res://assets/models/town/T_BottomWear.png.import[39m[0m
[  87% ] [90m[1msavepack[22m | Storing File: res://.godot/imported/T_Brick_BaseColor.png-dafa848741337f00cd754ff1a0a5aae0.ctex[39m[0m
[  87% ] [90m[1msavepack[22m | Storing File: res://assets/models/town/T_Brick_BaseColor.png.import[39m[0m
[  87% ] [90m[1msavepack[22m | Storing File: res://.godot/imported/T_Brick_Normal.png-79fb64590ab602fc387050e87115d254.ctex[39m[0m
[  87% ] [90m[1msavepack[22m | Storing File: res://assets/models/town/T_Brick_Normal.png.import[39m[0m
[  87% ] [90m[1msavepack[22m | Storing File: res://.godot/imported/T_Brick_Roughness.png-da5c9c414f4c04869282407edfd9cb8a.ctex[39m[0m
[  87% ] [90m[1msavepack[22m | Storing File: res://assets/models/town/T_Brick_Roughness.png.import[39m[0m
[  87% ] [90m[1msavepack[22m | Storing File: res://.godot/imported/T_BrushedNoise.png-17d86bd3f770f1ed2ecb108ce98c9900.ctex[39m[0m
[  87% ] [90m[1msavepack[22m | Storing File: res://assets/models/town/T_BrushedNoise.png.import[39m[0m
[  87% ] [90m[1msavepack[22m | Storing File: res://.godot/imported/T_MetalOrnaments_BaseColor.png-5fd01b689b8bb6737d200345c5d24d64.ctex[39m[0m
[  87% ] [90m[1msavepack[22m | Storing File: res://assets/models/town/T_MetalOrnaments_BaseColor.png.import[39m[0m
[  87% ] [90m[1msavepack[22m | Storing File: res://.godot/imported/T_MetalOrnaments_Roughness.png-6d3a37c76e92e66fa20c0f44b4e3ced9.ctex[39m[0m
[  87% ] [90m[1msavepack[22m | Storing File: res://assets/models/town/T_MetalOrnaments_Roughness.png.import[39m[0m
[  87% ] [90m[1msavepack[22m | Storing File: res://.godot/imported/T_Noise_Terrain.png-19fd0878621deb8e367af2f6087bad5c.ctex[39m[0m
[  87% ] [90m[1msavepack[22m | Storing File: res://assets/models/town/T_Noise_Terrain.png.import[39m[0m
[  87% ] [90m[1msavepack[22m | Storing File: res://.godot/imported/T_Plaster_BaseColor.png-401c50a7fc08c08cad1aa5dee7d3fbef.ctex[39m[0m
[  87% ] [90m[1msavepack[22m | Storing File: res://assets/models/town/T_Plaster_BaseColor.png.import[39m[0m
[  87% ] [90m[1msavepack[22m | Storing File: res://.godot/imported/T_Plaster_Normal.png-dfccdb87112be737ca9e8d0a49b1d703.ctex[39m[0m
[  87% ] [90m[1msavepack[22m | Storing File: res://assets/models/town/T_Plaster_Normal.png.import[39m[0m
[  87% ] [90m[1msavepack[22m | Storing File: res://.godot/imported/T_Plaster_ORM.png-0b0ac2f67afcade6f29898faaf3f8bfa.ctex[39m[0m
[  87% ] [90m[1msavepack[22m | Storing File: res://assets/models/town/T_Plaster_ORM.png.import[39m[0m
[  87% ] [90m[1msavepack[22m | Storing File: res://.godot/imported/T_RedBrick_BaseColor.png-8b9009e5894297dae0d094254d9bb536.ctex[39m[0m
[  87% ] [90m[1msavepack[22m | Storing File: res://assets/models/town/T_RedBrick_BaseColor.png.import[39m[0m
[  87% ] [90m[1msavepack[22m | Storing File: res://.godot/imported/T_RockTrim_BaseColor.png-a0c059e9f8d63ebeb9c6ab1d64462393.ctex[39m[0m
[  87% ] [90m[1msavepack[22m | Storing File: res://assets/models/town/T_RockTrim_BaseColor.png.import[39m[0m
[  88% ] [90m[1msavepack[22m | Storing File: res://.godot/imported/T_RockTrim_Normal.png-8a2cffb3f6a8637db825c962da37c705.ctex[39m[0m
[  88% ] [90m[1msavepack[22m | Storing File: res://assets/models/town/T_RockTrim_Normal.png.import[39m[0m
[  88% ] [90m[1msavepack[22m | Storing File: res://.godot/imported/T_RockTrim_ORM.png-71acb756d9537bead7344915ea8a0034.ctex[39m[0m
[  88% ] [90m[1msavepack[22m | Storing File: res://assets/models/town/T_RockTrim_ORM.png.import[39m[0m
[  88% ] [90m[1msavepack[22m | Storing File: res://.godot/imported/T_RoundTiles_BaseColor.png-42fe9013bb0930f4c9a84d887e07e965.ctex[39m[0m
[  88% ] [90m[1msavepack[22m | Storing File: res://assets/models/town/T_RoundTiles_BaseColor.png.import[39m[0m
[  88% ] [90m[1msavepack[22m | Storing File: res://.godot/imported/T_RoundTiles_Normal.png-80dca752b21a7d72fe66334cb55f17cc.ctex[39m[0m
[  88% ] [90m[1msavepack[22m | Storing File: res://assets/models/town/T_RoundTiles_Normal.png.import[39m[0m
[  88% ] [90m[1msavepack[22m | Storing File: res://.godot/imported/T_RoundTiles_Roughness.png-a8fe5fbbc39f31c3b75b38dee4ce0fb6.ctex[39m[0m
[  88% ] [90m[1msavepack[22m | Storing File: res://assets/models/town/T_RoundTiles_Roughness.png.import[39m[0m
[  88% ] [90m[1msavepack[22m | Storing File: res://.godot/imported/T_TopWear.png-901c1547f4ea770fb39b453aebafdd9b.ctex[39m[0m
[  88% ] [90m[1msavepack[22m | Storing File: res://assets/models/town/T_TopWear.png.import[39m[0m
[  88% ] [90m[1msavepack[22m | Storing File: res://.godot/imported/T_UnevenBrick_BaseColor.png-e4b10f742671ca63b7a3cc17ac6ecead.ctex[39m[0m
[  88% ] [90m[1msavepack[22m | Storing File: res://assets/models/town/T_UnevenBrick_BaseColor.png.import[39m[0m
[  88% ] [90m[1msavepack[22m | Storing File: res://.godot/imported/T_UnevenBrick_Normal.png-fc497475bb27b17a8cdec226a3237f4b.ctex[39m[0m
[  88% ] [90m[1msavepack[22m | Storing File: res://assets/models/town/T_UnevenBrick_Normal.png.import[39m[0m
[  88% ] [90m[1msavepack[22m | Storing File: res://.godot/imported/T_UnevenBrick_Roughness.png-4c97a81f76e54da5399019d6cc44c170.ctex[39m[0m
[  88% ] [90m[1msavepack[22m | Storing File: res://assets/models/town/T_UnevenBrick_Roughness.png.import[39m[0m
[  88% ] [90m[1msavepack[22m | Storing File: res://.godot/imported/T_VineLeaf.png-9a1001c4d27369e2e88d0bf42552b850.ctex[39m[0m
[  88% ] [90m[1msavepack[22m | Storing File: res://assets/models/town/T_VineLeaf.png.import[39m[0m
[  88% ] [90m[1msavepack[22m | Storing File: res://.godot/imported/T_VineLeaf_png.png-1ce21951ba3cba09a666f0349c19f99c.ctex[39m[0m
[  88% ] [90m[1msavepack[22m | Storing File: res://assets/models/town/T_VineLeaf_png.png.import[39m[0m
[  88% ] [90m[1msavepack[22m | Storing File: res://.godot/imported/T_WindowGradient.png-240df2efef44fae713ca2e4fd312747d.ctex[39m[0m
[  88% ] [90m[1msavepack[22m | Storing File: res://assets/models/town/T_WindowGradient.png.import[39m[0m
[  88% ] [90m[1msavepack[22m | Storing File: res://.godot/imported/T_WoodTrim_BaseColor.png-8aad5fda175d69a83778548671c576ee.ctex[39m[0m
[  88% ] [90m[1msavepack[22m | Storing File: res://assets/models/town/T_WoodTrim_BaseColor.png.import[39m[0m
[  89% ] [90m[1msavepack[22m | Storing File: res://.godot/imported/T_WoodTrim_Normal.png-3d2a78529aaef6a878ba7fc687b80a8b.ctex[39m[0m
[  89% ] [90m[1msavepack[22m | Storing File: res://assets/models/town/T_WoodTrim_Normal.png.import[39m[0m
[  89% ] [90m[1msavepack[22m | Storing File: res://.godot/imported/T_WoodTrim_ORM.png-225bb29ee2c1ea81d13a68a11a358205.ctex[39m[0m
[  89% ] [90m[1msavepack[22m | Storing File: res://assets/models/town/T_WoodTrim_ORM.png.import[39m[0m
[  89% ] [90m[1msavepack[22m | Storing File: res://.godot/imported/T_WoodTrim_Roughness.png-afeda0b46910367bd32ca8d43938c209.ctex[39m[0m
[  89% ] [90m[1msavepack[22m | Storing File: res://assets/models/town/T_WoodTrim_Roughness.png.import[39m[0m
[  89% ] [90m[1msavepack[22m | Storing File: res://.godot/imported/Wall_Arch.fbx-70e49085ff59dc09b0f315f28fb6a965.scn[39m[0m
[  89% ] [90m[1msavepack[22m | Storing File: res://assets/models/town/Wall_Arch.fbx.import[39m[0m
[  89% ] [90m[1msavepack[22m | Storing File: res://.godot/imported/Wall_Arch.gltf-9cabeddda0d9d92c042caf312d04aae9.scn[39m[0m
[  89% ] [90m[1msavepack[22m | Storing File: res://assets/models/town/Wall_Arch.gltf.import[39m[0m
[  89% ] [90m[1msavepack[22m | Storing File: res://.godot/imported/Wall_BottomCover.fbx-9733852a12d3a345727fc1ca8de47b49.scn[39m[0m
[  89% ] [90m[1msavepack[22m | Storing File: res://assets/models/town/Wall_BottomCover.fbx.import[39m[0m
[  89% ] [90m[1msavepack[22m | Storing File: res://.godot/imported/Wall_BottomCover.gltf-1222d996a4379c652161d3f4c2ead61d.scn[39m[0m
[  89% ] [90m[1msavepack[22m | Storing File: res://assets/models/town/Wall_BottomCover.gltf.import[39m[0m
[  89% ] [90m[1msavepack[22m | Storing File: res://.godot/imported/wall_corner_A_gate.gltf-568ebcbfd6f1e563437a8569a0f47883.scn[39m[0m
[  89% ] [90m[1msavepack[22m | Storing File: res://assets/models/town/wall_corner_A_gate.gltf.import[39m[0m
[  89% ] [90m[1msavepack[22m | Storing File: res://.godot/imported/wall_corner_A_inside.gltf-2012a0022e3abd63e9ab585d6c5fce93.scn[39m[0m
[  89% ] [90m[1msavepack[22m | Storing File: res://assets/models/town/wall_corner_A_inside.gltf.import[39m[0m
[  89% ] [90m[1msavepack[22m | Storing File: res://.godot/imported/wall_corner_A_outside.gltf-77abe9c1911a60e5f6763a9dc9405240.scn[39m[0m
[  89% ] [90m[1msavepack[22m | Storing File: res://assets/models/town/wall_corner_A_outside.gltf.import[39m[0m
[  89% ] [90m[1msavepack[22m | Storing File: res://.godot/imported/wall_corner_B_inside.gltf-672adb50a67bf22e5ed4fca07188b93b.scn[39m[0m
[  89% ] [90m[1msavepack[22m | Storing File: res://assets/models/town/wall_corner_B_inside.gltf.import[39m[0m
[  89% ] [90m[1msavepack[22m | Storing File: res://.godot/imported/wall_corner_B_outside.gltf-5d44a292992188d0148f5161bf2daefe.scn[39m[0m
[  89% ] [90m[1msavepack[22m | Storing File: res://assets/models/town/wall_corner_B_outside.gltf.import[39m[0m
[  90% ] [90m[1msavepack[22m | Storing File: res://.godot/imported/Wall_Plaster_Door_Flat.fbx-8a71ba3379a1f1662b07a6dcf009b704.scn[39m[0m
[  90% ] [90m[1msavepack[22m | Storing File: res://assets/models/town/Wall_Plaster_Door_Flat.fbx.import[39m[0m
[  90% ] [90m[1msavepack[22m | Storing File: res://.godot/imported/Wall_Plaster_Door_Flat.gltf-ccbc066783c3d794a713f5c67357d01a.scn[39m[0m
[  90% ] [90m[1msavepack[22m | Storing File: res://assets/models/town/Wall_Plaster_Door_Flat.gltf.import[39m[0m
[  90% ] [90m[1msavepack[22m | Storing File: res://.godot/imported/Wall_Plaster_Door_Round.fbx-129a20d93968303fb8f75a8f7d033d06.scn[39m[0m
[  90% ] [90m[1msavepack[22m | Storing File: res://assets/models/town/Wall_Plaster_Door_Round.fbx.import[39m[0m
[  90% ] [90m[1msavepack[22m | Storing File: res://.godot/imported/Wall_Plaster_Door_Round.gltf-30ecdb0d1a42a8199bf9af3d0a6676e6.scn[39m[0m
[  90% ] [90m[1msavepack[22m | Storing File: res://assets/models/town/Wall_Plaster_Door_Round.gltf.import[39m[0m
[  90% ] [90m[1msavepack[22m | Storing File: res://.godot/imported/Wall_Plaster_Door_RoundInset.fbx-e78d1b415be09bbfc8e0ba7ab6a03837.scn[39m[0m
[  90% ] [90m[1msavepack[22m | Storing File: res://assets/models/town/Wall_Plaster_Door_RoundInset.fbx.import[39m[0m
[  90% ] [90m[1msavepack[22m | Storing File: res://.godot/imported/Wall_Plaster_Door_RoundInset.gltf-d85fdf71da0b4c76fb67bd43dd734121.scn[39m[0m
[  90% ] [90m[1msavepack[22m | Storing File: res://assets/models/town/Wall_Plaster_Door_RoundInset.gltf.import[39m[0m
[  90% ] [90m[1msavepack[22m | Storing File: res://.godot/imported/Wall_Plaster_Straight.fbx-8bca4d1ca0904b58b19e4f991bc4f635.scn[39m[0m
[  90% ] [90m[1msavepack[22m | Storing File: res://assets/models/town/Wall_Plaster_Straight.fbx.import[39m[0m
[  90% ] [90m[1msavepack[22m | Storing File: res://.godot/imported/Wall_Plaster_Straight.gltf-e7151c815905dbb845385e9e7284cf63.scn[39m[0m
[  90% ] [90m[1msavepack[22m | Storing File: res://assets/models/town/Wall_Plaster_Straight.gltf.import[39m[0m
[  90% ] [90m[1msavepack[22m | Storing File: res://.godot/imported/Wall_Plaster_Straight_Base.fbx-16d8353da203f1b147ec36135bd50b58.scn[39m[0m
[  90% ] [90m[1msavepack[22m | Storing File: res://assets/models/town/Wall_Plaster_Straight_Base.fbx.import[39m[0m
[  90% ] [90m[1msavepack[22m | Storing File: res://.godot/imported/Wall_Plaster_Straight_Base.gltf-3f4fc06f7cc593cfb59c54e8b686ce63.scn[39m[0m
[  90% ] [90m[1msavepack[22m | Storing File: res://assets/models/town/Wall_Plaster_Straight_Base.gltf.import[39m[0m
[  90% ] [90m[1msavepack[22m | Storing File: res://.godot/imported/Wall_Plaster_Straight_L.fbx-20057abed315368efdca13a95d5a94c6.scn[39m[0m
[  90% ] [90m[1msavepack[22m | Storing File: res://assets/models/town/Wall_Plaster_Straight_L.fbx.import[39m[0m
[  90% ] [90m[1msavepack[22m | Storing File: res://.godot/imported/Wall_Plaster_Straight_L.gltf-e49715fe65659df6a6a26befb5a77780.scn[39m[0m
[  90% ] [90m[1msavepack[22m | Storing File: res://assets/models/town/Wall_Plaster_Straight_L.gltf.import[39m[0m
[  90% ] [90m[1msavepack[22m | Storing File: res://.godot/imported/Wall_Plaster_Straight_R.fbx-71d8862e3fa3b5fd959ad44120e3dfcc.scn[39m[0m
[  90% ] [90m[1msavepack[22m | Storing File: res://assets/models/town/Wall_Plaster_Straight_R.fbx.import[39m[0m
[  91% ] [90m[1msavepack[22m | Storing File: res://.godot/imported/Wall_Plaster_Straight_R.gltf-5a6943b5a00b50b20824a44ac743629f.scn[39m[0m
[  91% ] [90m[1msavepack[22m | Storing File: res://assets/models/town/Wall_Plaster_Straight_R.gltf.import[39m[0m
[  91% ] [90m[1msavepack[22m | Storing File: res://.godot/imported/Wall_Plaster_Window_Thin_Round.fbx-16a8b69586539a2ee1f56966b70cdddc.scn[39m[0m
[  91% ] [90m[1msavepack[22m | Storing File: res://assets/models/town/Wall_Plaster_Window_Thin_Round.fbx.import[39m[0m
[  91% ] [90m[1msavepack[22m | Storing File: res://.godot/imported/Wall_Plaster_Window_Thin_Round.gltf-9b6f952293a8575297e2ab86a213becd.scn[39m[0m
[  91% ] [90m[1msavepack[22m | Storing File: res://assets/models/town/Wall_Plaster_Window_Thin_Round.gltf.import[39m[0m
[  91% ] [90m[1msavepack[22m | Storing File: res://.godot/imported/Wall_Plaster_Window_Wide_Flat2.fbx-b5e29c90451efca1bbc7f86429119df5.scn[39m[0m
[  91% ] [90m[1msavepack[22m | Storing File: res://assets/models/town/Wall_Plaster_Window_Wide_Flat2.fbx.import[39m[0m
[  91% ] [90m[1msavepack[22m | Storing File: res://.godot/imported/Wall_Plaster_Window_Wide_Flat2.gltf-55f80fb1d851b9c2d014a09b4af31390.scn[39m[0m
[  91% ] [90m[1msavepack[22m | Storing File: res://assets/models/town/Wall_Plaster_Window_Wide_Flat2.gltf.import[39m[0m
[  91% ] [90m[1msavepack[22m | Storing File: res://.godot/imported/Wall_Plaster_Window_Wide_Flat.fbx-eefeb6dec409e5e58cb0a09f328f8b93.scn[39m[0m
[  91% ] [90m[1msavepack[22m | Storing File: res://assets/models/town/Wall_Plaster_Window_Wide_Flat.fbx.import[39m[0m
[  91% ] [90m[1msavepack[22m | Storing File: res://.godot/imported/Wall_Plaster_Window_Wide_Flat.gltf-a6f0d7a2389ee28a565eb85ea6e4f70b.scn[39m[0m
[  91% ] [90m[1msavepack[22m | Storing File: res://assets/models/town/Wall_Plaster_Window_Wide_Flat.gltf.import[39m[0m
[  91% ] [90m[1msavepack[22m | Storing File: res://.godot/imported/Wall_Plaster_Window_Wide_Round.fbx-fe9df3f1f218a1e3ea3e8d491d7356f3.scn[39m[0m
[  91% ] [90m[1msavepack[22m | Storing File: res://assets/models/town/Wall_Plaster_Window_Wide_Round.fbx.import[39m[0m
[  91% ] [90m[1msavepack[22m | Storing File: res://.godot/imported/Wall_Plaster_Window_Wide_Round.gltf-67dd90182928ef81ffc072ed7b3b632c.scn[39m[0m
[  91% ] [90m[1msavepack[22m | Storing File: res://assets/models/town/Wall_Plaster_Window_Wide_Round.gltf.import[39m[0m
[  91% ] [90m[1msavepack[22m | Storing File: res://.godot/imported/Wall_Plaster_WoodGrid.fbx-463d69716c33913556256a0c39931c38.scn[39m[0m
[  91% ] [90m[1msavepack[22m | Storing File: res://assets/models/town/Wall_Plaster_WoodGrid.fbx.import[39m[0m
[  91% ] [90m[1msavepack[22m | Storing File: res://.godot/imported/Wall_Plaster_WoodGrid.gltf-d6009a27b0cf78449057b8a491dfa7ba.scn[39m[0m
[  91% ] [90m[1msavepack[22m | Storing File: res://assets/models/town/Wall_Plaster_WoodGrid.gltf.import[39m[0m
[  91% ] [90m[1msavepack[22m | Storing File: res://.godot/imported/wall_straight.gltf-8fc9307da34ded4621aeb65dac9ad74b.scn[39m[0m
[  91% ] [90m[1msavepack[22m | Storing File: res://assets/models/town/wall_straight.gltf.import[39m[0m
[  92% ] [90m[1msavepack[22m | Storing File: res://.godot/imported/wall_straight_gate.gltf-db73f3f6250877c2612f4f80a536a7f4.scn[39m[0m
[  92% ] [90m[1msavepack[22m | Storing File: res://assets/models/town/wall_straight_gate.gltf.import[39m[0m
[  92% ] [90m[1msavepack[22m | Storing File: res://.godot/imported/Wall_UnevenBrick_Door_Flat.fbx-67e9e62fa580de4c357358282bb4b22b.scn[39m[0m
[  92% ] [90m[1msavepack[22m | Storing File: res://assets/models/town/Wall_UnevenBrick_Door_Flat.fbx.import[39m[0m
[  92% ] [90m[1msavepack[22m | Storing File: res://.godot/imported/Wall_UnevenBrick_Door_Flat.gltf-5243e946d6f4e8a72436faeac59f9fa7.scn[39m[0m
[  92% ] [90m[1msavepack[22m | Storing File: res://assets/models/town/Wall_UnevenBrick_Door_Flat.gltf.import[39m[0m
[  92% ] [90m[1msavepack[22m | Storing File: res://.godot/imported/Wall_UnevenBrick_Door_Round.fbx-419a2b26bffe67c1542c01f1c0f46e8d.scn[39m[0m
[  92% ] [90m[1msavepack[22m | Storing File: res://assets/models/town/Wall_UnevenBrick_Door_Round.fbx.import[39m[0m
[  92% ] [90m[1msavepack[22m | Storing File: res://.godot/imported/Wall_UnevenBrick_Door_Round.gltf-a7bdaf7d2770d9fc8b4d554506499cf2.scn[39m[0m
[  92% ] [90m[1msavepack[22m | Storing File: res://assets/models/town/Wall_UnevenBrick_Door_Round.gltf.import[39m[0m
[  92% ] [90m[1msavepack[22m | Storing File: res://.godot/imported/Wall_UnevenBrick_Straight.fbx-bf378cb290aa830832e8f70155d1ebd5.scn[39m[0m
[  92% ] [90m[1msavepack[22m | Storing File: res://assets/models/town/Wall_UnevenBrick_Straight.fbx.import[39m[0m
[  92% ] [90m[1msavepack[22m | Storing File: res://.godot/imported/Wall_UnevenBrick_Straight.gltf-b77a70496b8388a95927c947ceff5df5.scn[39m[0m
[  92% ] [90m[1msavepack[22m | Storing File: res://assets/models/town/Wall_UnevenBrick_Straight.gltf.import[39m[0m
[  92% ] [90m[1msavepack[22m | Storing File: res://.godot/imported/Wall_UnevenBrick_Window_Thin_Round.fbx-5ead572de94e3b0b4081ab63d54bc13b.scn[39m[0m
[  92% ] [90m[1msavepack[22m | Storing File: res://assets/models/town/Wall_UnevenBrick_Window_Thin_Round.fbx.import[39m[0m
[  92% ] [90m[1msavepack[22m | Storing File: res://.godot/imported/Wall_UnevenBrick_Window_Thin_Round.gltf-a20b26d0c2c6154f77b85468b2731919.scn[39m[0m
[  92% ] [90m[1msavepack[22m | Storing File: res://assets/models/town/Wall_UnevenBrick_Window_Thin_Round.gltf.import[39m[0m
[  92% ] [90m[1msavepack[22m | Storing File: res://.godot/imported/Wall_UnevenBrick_Window_Wide_Flat.fbx-3a69210e2abe8a8121dce9553e70d738.scn[39m[0m
[  92% ] [90m[1msavepack[22m | Storing File: res://assets/models/town/Wall_UnevenBrick_Window_Wide_Flat.fbx.import[39m[0m
[  92% ] [90m[1msavepack[22m | Storing File: res://.godot/imported/Wall_UnevenBrick_Window_Wide_Flat.gltf-21217e91d6d2aba274fc54a6b922c445.scn[39m[0m
[  92% ] [90m[1msavepack[22m | Storing File: res://assets/models/town/Wall_UnevenBrick_Window_Wide_Flat.gltf.import[39m[0m
[  92% ] [90m[1msavepack[22m | Storing File: res://.godot/imported/Wall_UnevenBrick_Window_Wide_Round.fbx-5d725ffa9c6ecbed08281b4ef33a30b1.scn[39m[0m
[  92% ] [90m[1msavepack[22m | Storing File: res://assets/models/town/Wall_UnevenBrick_Window_Wide_Round.fbx.import[39m[0m
[  92% ] [90m[1msavepack[22m | Storing File: res://.godot/imported/Wall_UnevenBrick_Window_Wide_Round.gltf-5520304fc3a6717dd0445391b8c3d67c.scn[39m[0m
[  92% ] [90m[1msavepack[22m | Storing File: res://assets/models/town/Wall_UnevenBrick_Window_Wide_Round.gltf.import[39m[0m
[  93% ] [90m[1msavepack[22m | Storing File: res://.godot/imported/waterlily_A.gltf-e6ac015c4f5228157ce3ef6759156713.scn[39m[0m
[  93% ] [90m[1msavepack[22m | Storing File: res://assets/models/town/waterlily_A.gltf.import[39m[0m
[  93% ] [90m[1msavepack[22m | Storing File: res://.godot/imported/waterlily_B.gltf-b41ad0315f0037a4bf0740686629dc26.scn[39m[0m
[  93% ] [90m[1msavepack[22m | Storing File: res://assets/models/town/waterlily_B.gltf.import[39m[0m
[  93% ] [90m[1msavepack[22m | Storing File: res://.godot/imported/waterplant_A.gltf-db0ba9b86140034a1b17a1fc91d3dbc7.scn[39m[0m
[  93% ] [90m[1msavepack[22m | Storing File: res://assets/models/town/waterplant_A.gltf.import[39m[0m
[  93% ] [90m[1msavepack[22m | Storing File: res://.godot/imported/waterplant_B.gltf-0706623f0222b04a709b3bb1798fa53e.scn[39m[0m
[  93% ] [90m[1msavepack[22m | Storing File: res://assets/models/town/waterplant_B.gltf.import[39m[0m
[  93% ] [90m[1msavepack[22m | Storing File: res://.godot/imported/waterplant_C.gltf-0b06693a6f2f25c4ad8003765f6616ac.scn[39m[0m
[  93% ] [90m[1msavepack[22m | Storing File: res://assets/models/town/waterplant_C.gltf.import[39m[0m
[  93% ] [90m[1msavepack[22m | Storing File: res://.godot/imported/watertower.gltf-b530df4c7bcb807a002951fd9f272044.scn[39m[0m
[  93% ] [90m[1msavepack[22m | Storing File: res://assets/models/town/watertower.gltf.import[39m[0m
[  93% ] [90m[1msavepack[22m | Storing File: res://.godot/imported/weaponrack.gltf-c187950a44751d0be6566e1149d99581.scn[39m[0m
[  93% ] [90m[1msavepack[22m | Storing File: res://assets/models/town/weaponrack.gltf.import[39m[0m
[  93% ] [90m[1msavepack[22m | Storing File: res://.godot/imported/wheelbarrow.gltf-d2eb793c90af2c21564e43fd4aae3f29.scn[39m[0m
[  93% ] [90m[1msavepack[22m | Storing File: res://assets/models/town/wheelbarrow.gltf.import[39m[0m
[  93% ] [90m[1msavepack[22m | Storing File: res://.godot/imported/WindowShutters_Thin_Flat_Closed.fbx-4f0ea98bae38b40c6b5116d3d9acd912.scn[39m[0m
[  93% ] [90m[1msavepack[22m | Storing File: res://assets/models/town/WindowShutters_Thin_Flat_Closed.fbx.import[39m[0m
[  93% ] [90m[1msavepack[22m | Storing File: res://.godot/imported/WindowShutters_Thin_Flat_Closed.gltf-a2b0ce298850381928e8382769415b2a.scn[39m[0m
[  93% ] [90m[1msavepack[22m | Storing File: res://assets/models/town/WindowShutters_Thin_Flat_Closed.gltf.import[39m[0m
[  93% ] [90m[1msavepack[22m | Storing File: res://.godot/imported/WindowShutters_Thin_Flat_Open.fbx-9c4ecabb275791f6cd7c2c19c3fd2b9d.scn[39m[0m
[  93% ] [90m[1msavepack[22m | Storing File: res://assets/models/town/WindowShutters_Thin_Flat_Open.fbx.import[39m[0m
[  93% ] [90m[1msavepack[22m | Storing File: res://.godot/imported/WindowShutters_Thin_Flat_Open.gltf-2f3e917d8797889759b0a045d19de636.scn[39m[0m
[  93% ] [90m[1msavepack[22m | Storing File: res://assets/models/town/WindowShutters_Thin_Flat_Open.gltf.import[39m[0m
[  94% ] [90m[1msavepack[22m | Storing File: res://.godot/imported/WindowShutters_Thin_Round_Closed.fbx-b9c119bd2b96f3b6ae36ef37c7b28432.scn[39m[0m
[  94% ] [90m[1msavepack[22m | Storing File: res://assets/models/town/WindowShutters_Thin_Round_Closed.fbx.import[39m[0m
[  94% ] [90m[1msavepack[22m | Storing File: res://.godot/imported/WindowShutters_Thin_Round_Closed.gltf-d748415979cb376e790240f2952000aa.scn[39m[0m
[  94% ] [90m[1msavepack[22m | Storing File: res://assets/models/town/WindowShutters_Thin_Round_Closed.gltf.import[39m[0m
[  94% ] [90m[1msavepack[22m | Storing File: res://.godot/imported/WindowShutters_Thin_Round_Open.fbx-285aaf1019e08a6155fa10a8ff79b133.scn[39m[0m
[  94% ] [90m[1msavepack[22m | Storing File: res://assets/models/town/WindowShutters_Thin_Round_Open.fbx.import[39m[0m
[  94% ] [90m[1msavepack[22m | Storing File: res://.godot/imported/WindowShutters_Thin_Round_Open.gltf-a6d07fe790ae8278c0f0b6c382077dbe.scn[39m[0m
[  94% ] [90m[1msavepack[22m | Storing File: res://assets/models/town/WindowShutters_Thin_Round_Open.gltf.import[39m[0m
[  94% ] [90m[1msavepack[22m | Storing File: res://.godot/imported/WindowShutters_Wide_Flat_Closed.fbx-00c4919d871377c1e9ea8ada6cc53306.scn[39m[0m
[  94% ] [90m[1msavepack[22m | Storing File: res://assets/models/town/WindowShutters_Wide_Flat_Closed.fbx.import[39m[0m
[  94% ] [90m[1msavepack[22m | Storing File: res://.godot/imported/WindowShutters_Wide_Flat_Closed.gltf-817c6d9d32f0db50414c4086b79db40b.scn[39m[0m
[  94% ] [90m[1msavepack[22m | Storing File: res://assets/models/town/WindowShutters_Wide_Flat_Closed.gltf.import[39m[0m
[  94% ] [90m[1msavepack[22m | Storing File: res://.godot/imported/WindowShutters_Wide_Flat_Open.fbx-9572dd5c94db53ea3285fc46eeb5772c.scn[39m[0m
[  94% ] [90m[1msavepack[22m | Storing File: res://assets/models/town/WindowShutters_Wide_Flat_Open.fbx.import[39m[0m
[  94% ] [90m[1msavepack[22m | Storing File: res://.godot/imported/WindowShutters_Wide_Flat_Open.gltf-0c6b01ad8b85c2d4a78a3e24c7963e6c.scn[39m[0m
[  94% ] [90m[1msavepack[22m | Storing File: res://assets/models/town/WindowShutters_Wide_Flat_Open.gltf.import[39m[0m
[  94% ] [90m[1msavepack[22m | Storing File: res://.godot/imported/WindowShutters_Wide_Round_Closed.fbx-d31a3689f7cd4e724f7420089460295e.scn[39m[0m
[  94% ] [90m[1msavepack[22m | Storing File: res://assets/models/town/WindowShutters_Wide_Round_Closed.fbx.import[39m[0m
[  94% ] [90m[1msavepack[22m | Storing File: res://.godot/imported/WindowShutters_Wide_Round_Closed.gltf-a67e84e8e89e3fbe68fb3f27c2debe15.scn[39m[0m
[  94% ] [90m[1msavepack[22m | Storing File: res://assets/models/town/WindowShutters_Wide_Round_Closed.gltf.import[39m[0m
[  94% ] [90m[1msavepack[22m | Storing File: res://.godot/imported/WindowShutters_Wide_Round_Open.fbx-84b5e733fbfd3bc37e0b10fec77d6de5.scn[39m[0m
[  94% ] [90m[1msavepack[22m | Storing File: res://assets/models/town/WindowShutters_Wide_Round_Open.fbx.import[39m[0m
[  94% ] [90m[1msavepack[22m | Storing File: res://.godot/imported/WindowShutters_Wide_Round_Open.gltf-47680c6e415b5f8a08ee7e93b93b216b.scn[39m[0m
[  94% ] [90m[1msavepack[22m | Storing File: res://assets/models/town/WindowShutters_Wide_Round_Open.gltf.import[39m[0m
[  94% ] [90m[1msavepack[22m | Storing File: res://.godot/imported/Window_Roof_Thin.fbx-9d50472b3c481ae6750e1f95407fbe91.scn[39m[0m
[  94% ] [90m[1msavepack[22m | Storing File: res://assets/models/town/Window_Roof_Thin.fbx.import[39m[0m
[  95% ] [90m[1msavepack[22m | Storing File: res://.godot/imported/Window_Roof_Thin.gltf-723f0bcdfb98d55c94f7d0c2fecaccf7.scn[39m[0m
[  95% ] [90m[1msavepack[22m | Storing File: res://assets/models/town/Window_Roof_Thin.gltf.import[39m[0m
[  95% ] [90m[1msavepack[22m | Storing File: res://.godot/imported/Window_Roof_Wide.fbx-2a8a6071b1e539df6ccaddb2b1398a1a.scn[39m[0m
[  95% ] [90m[1msavepack[22m | Storing File: res://assets/models/town/Window_Roof_Wide.fbx.import[39m[0m
[  95% ] [90m[1msavepack[22m | Storing File: res://.godot/imported/Window_Roof_Wide.gltf-9f6346ad62a8d8a5e1e4479e33862fb2.scn[39m[0m
[  95% ] [90m[1msavepack[22m | Storing File: res://assets/models/town/Window_Roof_Wide.gltf.import[39m[0m
[  95% ] [90m[1msavepack[22m | Storing File: res://.godot/imported/Window_Thin_Flat1.fbx-d64203366036a84266395ba8c8d1d255.scn[39m[0m
[  95% ] [90m[1msavepack[22m | Storing File: res://assets/models/town/Window_Thin_Flat1.fbx.import[39m[0m
[  95% ] [90m[1msavepack[22m | Storing File: res://.godot/imported/Window_Thin_Flat1.gltf-c6f741d7b5efe38ddbe9683e185389ad.scn[39m[0m
[  95% ] [90m[1msavepack[22m | Storing File: res://assets/models/town/Window_Thin_Flat1.gltf.import[39m[0m
[  95% ] [90m[1msavepack[22m | Storing File: res://.godot/imported/Window_Thin_Round1.fbx-a945282df0a723486778e1f6c34a6d17.scn[39m[0m
[  95% ] [90m[1msavepack[22m | Storing File: res://assets/models/town/Window_Thin_Round1.fbx.import[39m[0m
[  95% ] [90m[1msavepack[22m | Storing File: res://.godot/imported/Window_Thin_Round1.gltf-ef687955f072b2c1f0ce9327dee80dd4.scn[39m[0m
[  95% ] [90m[1msavepack[22m | Storing File: res://assets/models/town/Window_Thin_Round1.gltf.import[39m[0m
[  95% ] [90m[1msavepack[22m | Storing File: res://.godot/imported/Window_Wide_Flat1.fbx-56babfbd6afa19dfacce342581ea4bb0.scn[39m[0m
[  95% ] [90m[1msavepack[22m | Storing File: res://assets/models/town/Window_Wide_Flat1.fbx.import[39m[0m
[  95% ] [90m[1msavepack[22m | Storing File: res://.godot/imported/Window_Wide_Flat1.gltf-8233499e8b3037e20b9facb0034dda30.scn[39m[0m
[  95% ] [90m[1msavepack[22m | Storing File: res://assets/models/town/Window_Wide_Flat1.gltf.import[39m[0m
[  95% ] [90m[1msavepack[22m | Storing File: res://.godot/imported/Window_Wide_Round1.fbx-d9e51180f7fc84047d2e2ebca7b46da3.scn[39m[0m
[  95% ] [90m[1msavepack[22m | Storing File: res://assets/models/town/Window_Wide_Round1.fbx.import[39m[0m
[  95% ] [90m[1msavepack[22m | Storing File: res://.godot/imported/Window_Wide_Round1.gltf-6ce27fd2afcc3c22eb8062249a9174af.scn[39m[0m
[  95% ] [90m[1msavepack[22m | Storing File: res://assets/models/town/Window_Wide_Round1.gltf.import[39m[0m
[  95% ] [90m[1msavepack[22m | Storing File: res://.godot/imported/Arrow.fbx-57d23730e25d431d59380a03d54ad4be.scn[39m[0m
[  95% ] [90m[1msavepack[22m | Storing File: res://assets/models/weapons/Arrow.fbx.import[39m[0m
[  96% ] [90m[1msavepack[22m | Storing File: res://.godot/imported/Axe.fbx-5d59a07a54c64c5a7e1edf664b4516bc.scn[39m[0m
[  96% ] [90m[1msavepack[22m | Storing File: res://assets/models/weapons/Axe.fbx.import[39m[0m
[  96% ] [90m[1msavepack[22m | Storing File: res://.godot/imported/Axe_Double.fbx-baaae46a3f76814242b547085ea3ccf9.scn[39m[0m
[  96% ] [90m[1msavepack[22m | Storing File: res://assets/models/weapons/Axe_Double.fbx.import[39m[0m
[  96% ] [90m[1msavepack[22m | Storing File: res://.godot/imported/Axe_Small.fbx-133e8fb712592051f8f1e7906bca6618.scn[39m[0m
[  96% ] [90m[1msavepack[22m | Storing File: res://assets/models/weapons/Axe_Small.fbx.import[39m[0m
[  96% ] [90m[1msavepack[22m | Storing File: res://.godot/imported/Bow_Evil.fbx-c70b3337dd404438aa0deec79b6519c1.scn[39m[0m
[  96% ] [90m[1msavepack[22m | Storing File: res://assets/models/weapons/Bow_Evil.fbx.import[39m[0m
[  96% ] [90m[1msavepack[22m | Storing File: res://.godot/imported/Bow_Golden.fbx-edc24641e7254e9afb3c9f5de894914e.scn[39m[0m
[  96% ] [90m[1msavepack[22m | Storing File: res://assets/models/weapons/Bow_Golden.fbx.import[39m[0m
[  96% ] [90m[1msavepack[22m | Storing File: res://.godot/imported/Bow_Wooden2.fbx-58f9c0399fe7d8630159ad206e1af828.scn[39m[0m
[  96% ] [90m[1msavepack[22m | Storing File: res://assets/models/weapons/Bow_Wooden2.fbx.import[39m[0m
[  96% ] [90m[1msavepack[22m | Storing File: res://.godot/imported/Bow_Wooden.fbx-a20f9c672b3529d3e26fe9d55d6c70a4.scn[39m[0m
[  96% ] [90m[1msavepack[22m | Storing File: res://assets/models/weapons/Bow_Wooden.fbx.import[39m[0m
[  96% ] [90m[1msavepack[22m | Storing File: res://.godot/imported/Claymore.fbx-ae5b401b4b82126b8012b5415b194c34.scn[39m[0m
[  96% ] [90m[1msavepack[22m | Storing File: res://assets/models/weapons/Claymore.fbx.import[39m[0m
[  96% ] [90m[1msavepack[22m | Storing File: res://.godot/imported/Dagger.fbx-3147ef86fe332b201b5dfcfca4de92ba.scn[39m[0m
[  96% ] [90m[1msavepack[22m | Storing File: res://assets/models/weapons/Dagger.fbx.import[39m[0m
[  96% ] [90m[1msavepack[22m | Storing File: res://.godot/imported/Dagger_2.fbx-02aec1270a883742aed254a1acde9b46.scn[39m[0m
[  96% ] [90m[1msavepack[22m | Storing File: res://assets/models/weapons/Dagger_2.fbx.import[39m[0m
[  96% ] [90m[1msavepack[22m | Storing File: res://.godot/imported/Hammer_Double.fbx-b027b662e341fd2f337e8c67cbf8c925.scn[39m[0m
[  96% ] [90m[1msavepack[22m | Storing File: res://assets/models/weapons/Hammer_Double.fbx.import[39m[0m
[  96% ] [90m[1msavepack[22m | Storing File: res://.godot/imported/Hammer_Small.fbx-6b6e0085876eb626c53f28890f439da3.scn[39m[0m
[  96% ] [90m[1msavepack[22m | Storing File: res://assets/models/weapons/Hammer_Small.fbx.import[39m[0m
[  96% ] [90m[1msavepack[22m | Storing File: res://.godot/imported/Scythe.fbx-202cad6d98aea73acedd8d102b193c68.scn[39m[0m
[  96% ] [90m[1msavepack[22m | Storing File: res://assets/models/weapons/Scythe.fbx.import[39m[0m
[  97% ] [90m[1msavepack[22m | Storing File: res://.godot/imported/Shield_Celtic_Golden.fbx-121bed3881a633fbc47e39aa9763102d.scn[39m[0m
[  97% ] [90m[1msavepack[22m | Storing File: res://assets/models/weapons/Shield_Celtic_Golden.fbx.import[39m[0m
[  97% ] [90m[1msavepack[22m | Storing File: res://.godot/imported/Shield_Heater.fbx-db6d71287dbd2f8dbaa79271deadb0fd.scn[39m[0m
[  97% ] [90m[1msavepack[22m | Storing File: res://assets/models/weapons/Shield_Heater.fbx.import[39m[0m
[  97% ] [90m[1msavepack[22m | Storing File: res://.godot/imported/Shield_Heater_2.fbx-7e23f0e16f6d3f306fef63bb399d5a66.scn[39m[0m
[  97% ] [90m[1msavepack[22m | Storing File: res://assets/models/weapons/Shield_Heater_2.fbx.import[39m[0m
[  97% ] [90m[1msavepack[22m | Storing File: res://.godot/imported/Shield_Round.fbx-7d7a2526b1c7a0a59ef81455735182fc.scn[39m[0m
[  97% ] [90m[1msavepack[22m | Storing File: res://assets/models/weapons/Shield_Round.fbx.import[39m[0m
[  97% ] [90m[1msavepack[22m | Storing File: res://.godot/imported/Shield_Round_2.fbx-93b12abf283414d382f7064e80634ebe.scn[39m[0m
[  97% ] [90m[1msavepack[22m | Storing File: res://assets/models/weapons/Shield_Round_2.fbx.import[39m[0m
[  97% ] [90m[1msavepack[22m | Storing File: res://.godot/imported/Spear.fbx-a9dbd585fc6e0293fbe5f925782c8954.scn[39m[0m
[  97% ] [90m[1msavepack[22m | Storing File: res://assets/models/weapons/Spear.fbx.import[39m[0m
[  97% ] [90m[1msavepack[22m | Storing File: res://.godot/imported/Sword.fbx-c902af3f183efce78891e9c480d7a584.scn[39m[0m
[  97% ] [90m[1msavepack[22m | Storing File: res://assets/models/weapons/Sword.fbx.import[39m[0m
[  97% ] [90m[1msavepack[22m | Storing File: res://.godot/imported/Sword_2.fbx-d40f52c45e7802286d93e650b6bf7d6a.scn[39m[0m
[  97% ] [90m[1msavepack[22m | Storing File: res://assets/models/weapons/Sword_2.fbx.import[39m[0m
[  97% ] [90m[1msavepack[22m | Storing File: res://.godot/imported/Sword_Big.fbx-a788e0af41e611b75f44c1b128439a8b.scn[39m[0m
[  97% ] [90m[1msavepack[22m | Storing File: res://assets/models/weapons/Sword_Big.fbx.import[39m[0m
[  97% ] [90m[1msavepack[22m | Storing File: res://.godot/imported/Sword_Golden.fbx-af4c63efb668111487b3b4a71ffac68d.scn[39m[0m
[  97% ] [90m[1msavepack[22m | Storing File: res://assets/models/weapons/Sword_Golden.fbx.import[39m[0m
[  97% ] [90m[1msavepack[22m | Storing File: res://.godot/imported/thunderbear_logo.png-a8c646bec655082cc0213bc6809eb74a.ctex[39m[0m
[  97% ] [90m[1msavepack[22m | Storing File: res://assets/thunderbear_logo.png.import[39m[0m
[  97% ] [90m[1msavepack[22m | Storing File: res://scripts/AngbandColors.cs[39m[0m
[  98% ] [90m[1msavepack[22m | Storing File: res://scripts/AudioManager.cs[39m[0m
[  98% ] [90m[1msavepack[22m | Storing File: res://scripts/BridgeClient.cs[39m[0m
[  98% ] [90m[1msavepack[22m | Storing File: res://scripts/DungeonClutterResolver.cs[39m[0m
[  98% ] [90m[1msavepack[22m | Storing File: res://scripts/DungeonWorld.cs[39m[0m
[  98% ] [90m[1msavepack[22m | Storing File: res://scripts/ItemModelResolver.cs[39m[0m
[  98% ] [90m[1msavepack[22m | Storing File: res://scripts/Main.cs[39m[0m
[  98% ] [90m[1msavepack[22m | Storing File: res://scripts/MonsterModelResolver.cs[39m[0m
[  98% ] [90m[1msavepack[22m | Storing File: res://scripts/Overlay.cs[39m[0m
[  98% ] [90m[1msavepack[22m | Storing File: res://scripts/ViewModel.cs[39m[0m
[  98% ] [90m[1msavepack[22m | Storing File: res://scripts/WebSocketBridgeClient.cs[39m[0m
[  98% ] [90m[1msavepack[22m | Storing File: res://.godot/imported/icon.svg-218a8f2b3041327d8a5756f3a245f83b.ctex[39m[0m
[  98% ] [90m[1msavepack[22m | Storing File: res://icon.svg.import[39m[0m
[  98% ] [90m[1msavepack[22m | Storing File: res://.godot/exported/133200997/export-bcb0d2eb5949c52b6a65bfe9de3e985b-Main.scn[39m[0m
[  98% ] [90m[1msavepack[22m | Storing File: res://Main.tscn.remap[39m[0m
[  98% ] [90m[1msavepack[22m | Storing File: res://.godot/global_script_class_cache.cfg[39m[0m
[  98% ] [90m[1msavepack[22m | Storing File: res://icon.svg[39m[0m
[  98% ] [90m[1msavepack[22m | Storing File: res://.godot/uid_cache.bin[39m[0m
[  98% ] [90m[1msavepack[22m | Storing File: res://project.binary[39m[0m
[92m[ DONE ][39m [1msavepack[22m
[0m
